{
"type": "FeatureCollection",
"name": "navi_mumbai_buildings_with_height",
"crs": { "type": "name", "properties": { "name": "urn:ogc:def:crs:OGC:1.3:CRS84" } },
"features": [
{ "type": "Feature", "properties": { "osm_id": "2055134", "name": "Konkan Bhavan", "building": "yes", "height_m": 21.6 }, "geometry": { "type": "MultiPolygon", "coordinates": [ [ [ [ 73.0401649, 19.0218023 ], [ 73.0402778, 19.0216976 ], [ 73.0401716, 19.021585 ], [ 73.039549, 19.0221241 ], [ 73.0395372, 19.0221476 ], [ 73.0396444, 19.0222445 ], [ 73.0397668, 19.0221387 ], [ 73.0398082, 19.0221773 ], [ 73.0398297, 19.0221989 ], [ 73.0397697, 19.0222547 ], [ 73.0399283, 19.0224135 ], [ 73.0399895, 19.0223623 ], [ 73.0400413, 19.0224161 ], [ 73.0399132, 19.0225208 ], [ 73.039977, 19.0225823 ], [ 73.0406266, 19.0220674 ], [ 73.0405401, 19.0219494 ], [ 73.0404201, 19.0220559 ], [ 73.0403838, 19.0220192 ], [ 73.0404256, 19.021977 ], [ 73.0402772, 19.0218089 ], [ 73.0402238, 19.0218563 ], [ 73.0401649, 19.0218023 ] ], [ [ 73.0400601, 19.021737 ], [ 73.0401125, 19.0217896 ], [ 73.0400785, 19.0218142 ], [ 73.0402373, 19.0219827 ], [ 73.0402732, 19.0219516 ], [ 73.0403483, 19.0220282 ], [ 73.0399986, 19.022318 ], [ 73.039924, 19.0222466 ], [ 73.039949, 19.0222279 ], [ 73.0397868, 19.0220629 ], [ 73.0397634, 19.0220846 ], [ 73.0397197, 19.0220408 ], [ 73.0400601, 19.021737 ] ] ] ] } },
{ "type": "Feature", "properties": { "osm_id": "5274048", "name": null, "building": "yes", "height_m": 9.0 }, "geometry": { "type": "MultiPolygon", "coordinates": [ [ [ [ 73.004403, 19.1019225 ], [ 73.0046853, 19.102005 ], [ 73.004768, 19.1017524 ], [ 73.0044857, 19.1016699 ], [ 73.004403, 19.1019225 ] ], [ [ 73.0045463, 19.1018543 ], [ 73.0046295, 19.1018782 ], [ 73.0046488, 19.1018182 ], [ 73.0045655, 19.1017944 ], [ 73.0045463, 19.1018543 ] ] ] ] } },
{ "type": "Feature", "properties": { "osm_id": "5274049", "name": null, "building": "yes", "height_m": 6.9 }, "geometry": { "type": "MultiPolygon", "coordinates": [ [ [ [ 73.005776, 19.1105188 ], [ 73.0061176, 19.1105976 ], [ 73.0062302, 19.1105355 ], [ 73.0063325, 19.1102378 ], [ 73.0062968, 19.1101835 ], [ 73.0062587, 19.1101282 ], [ 73.0059378, 19.1100421 ], [ 73.0058263, 19.1100999 ], [ 73.0057229, 19.1103968 ], [ 73.005776, 19.1105188 ] ], [ [ 73.0058603, 19.1104315 ], [ 73.0060946, 19.1104979 ], [ 73.0061479, 19.1104726 ], [ 73.0062125, 19.1102445 ], [ 73.0061843, 19.1102152 ], [ 73.00595, 19.1101488 ], [ 73.0059133, 19.1101636 ], [ 73.0058406, 19.1103923 ], [ 73.0058603, 19.1104315 ] ] ] ] } },
{ "type": "Feature", "properties": { "osm_id": "5274050", "name": null, "building": "yes", "height_m": 5.8 }, "geometry": { "type": "MultiPolygon", "coordinates": [ [ [ [ 73.0046504, 19.1023643 ], [ 73.0047, 19.102377 ], [ 73.0046938, 19.1023985 ], [ 73.0048111, 19.1024285 ], [ 73.0048308, 19.1023597 ], [ 73.0048921, 19.1023755 ], [ 73.0049418, 19.1022027 ], [ 73.0047137, 19.1021441 ], [ 73.0046504, 19.1023643 ] ], [ [ 73.004752, 19.1023297 ], [ 73.0048096, 19.1023444 ], [ 73.0048343, 19.1022583 ], [ 73.0047767, 19.1022437 ], [ 73.004752, 19.1023297 ] ] ] ] } },
{ "type": "Feature", "properties": { "osm_id": "5274051", "name": null, "building": "yes", "height_m": 8.5 }, "geometry": { "type": "MultiPolygon", "coordinates": [ [ [ [ 73.0080342, 19.1009571 ], [ 73.0083703, 19.1010403 ], [ 73.0084853, 19.1009727 ], [ 73.0085729, 19.1006924 ], [ 73.0085141, 19.1005747 ], [ 73.0081699, 19.1004766 ], [ 73.008066, 19.1005293 ], [ 73.0079795, 19.10084 ], [ 73.0080342, 19.1009571 ] ], [ [ 73.0081083, 19.100866 ], [ 73.0083295, 19.100929 ], [ 73.0083867, 19.1009097 ], [ 73.0084551, 19.1006945 ], [ 73.0084199, 19.1006455 ], [ 73.0081987, 19.1005825 ], [ 73.0081631, 19.100598 ], [ 73.008092, 19.1008251 ], [ 73.0081083, 19.100866 ] ] ] ] } },
{ "type": "Feature", "properties": { "osm_id": "5274074", "name": null, "building": "yes", "height_m": 16.1 }, "geometry": { "type": "MultiPolygon", "coordinates": [ [ [ [ 72.9990714, 19.1170603 ], [ 72.9995099, 19.1169276 ], [ 72.9993992, 19.1166009 ], [ 72.9989607, 19.1167336 ], [ 72.9990714, 19.1170603 ] ], [ [ 72.9991349, 19.1169035 ], [ 72.9993426, 19.1168427 ], [ 72.9993154, 19.1167598 ], [ 72.9991077, 19.1168207 ], [ 72.9991349, 19.1169035 ] ] ] ] } },
{ "type": "Feature", "properties": { "osm_id": "5274075", "name": null, "building": "yes", "height_m": 12.4 }, "geometry": { "type": "MultiPolygon", "coordinates": [ [ [ [ 73.0034598, 19.1160178 ], [ 73.0035014, 19.1160296 ], [ 73.0035051, 19.1160181 ], [ 73.0035502, 19.1160308 ], [ 73.0035465, 19.1160424 ], [ 73.0036082, 19.1160598 ], [ 73.0036132, 19.1160442 ], [ 73.0036609, 19.1160577 ], [ 73.003656, 19.1160734 ], [ 73.0036969, 19.116085 ], [ 73.0037293, 19.115983 ], [ 73.0037471, 19.115988 ], [ 73.0037679, 19.1159223 ], [ 73.0037501, 19.1159173 ], [ 73.003778, 19.1158293 ], [ 73.0035409, 19.1157622 ], [ 73.0035157, 19.1158417 ], [ 73.00349, 19.1158344 ], [ 73.0034652, 19.1159124 ], [ 73.003491, 19.1159197 ], [ 73.0034598, 19.1160178 ] ], [ [ 73.0035434, 19.1159126 ], [ 73.0036079, 19.1159327 ], [ 73.0035997, 19.1159561 ], [ 73.0036319, 19.1159661 ], [ 73.00364, 19.1159427 ], [ 73.0036963, 19.1159603 ], [ 73.0037082, 19.1159261 ], [ 73.0036673, 19.1159133 ], [ 73.0036772, 19.1158851 ], [ 73.0036195, 19.1158671 ], [ 73.0036084, 19.1158988 ], [ 73.0035541, 19.1158819 ], [ 73.0035434, 19.1159126 ] ] ] ] } },
{ "type": "Feature", "properties": { "osm_id": "5274585", "name": null, "building": "yes", "height_m": 7.3 }, "geometry": { "type": "MultiPolygon", "coordinates": [ [ [ [ 73.0051058, 19.1020634 ], [ 73.0051531, 19.1020771 ], [ 73.0051378, 19.1021244 ], [ 73.0053374, 19.102182 ], [ 73.0054218, 19.1019211 ], [ 73.0051749, 19.1018498 ], [ 73.0051058, 19.1020634 ] ], [ [ 73.0052395, 19.1020349 ], [ 73.0052703, 19.1020438 ], [ 73.0052925, 19.1019752 ], [ 73.0052616, 19.1019663 ], [ 73.0052395, 19.1020349 ] ] ] ] } },
{ "type": "Feature", "properties": { "osm_id": "5274764", "name": "Shree Durga Complex CHS", "building": "residential", "height_m": 11.8 }, "geometry": { "type": "MultiPolygon", "coordinates": [ [ [ [ 73.0049616, 19.116445 ], [ 73.0052485, 19.1165316 ], [ 73.0053388, 19.1162645 ], [ 73.005052, 19.1161779 ], [ 73.0049616, 19.116445 ] ], [ [ 73.0050971, 19.1163777 ], [ 73.0051895, 19.1164062 ], [ 73.0052184, 19.1163226 ], [ 73.005126, 19.1162941 ], [ 73.0050971, 19.1163777 ] ] ] ] } },
{ "type": "Feature", "properties": { "osm_id": "5274765", "name": null, "building": "yes", "height_m": 12.6 }, "geometry": { "type": "MultiPolygon", "coordinates": [ [ [ [ 73.0043682, 19.1190426 ], [ 73.0044508, 19.1190669 ], [ 73.0044584, 19.1190438 ], [ 73.0046035, 19.1190865 ], [ 73.0045959, 19.1191095 ], [ 73.004663, 19.1191292 ], [ 73.0047514, 19.1188607 ], [ 73.0046843, 19.118841 ], [ 73.0046766, 19.1188644 ], [ 73.0045255, 19.1188201 ], [ 73.0045333, 19.1187966 ], [ 73.0044566, 19.1187741 ], [ 73.0043682, 19.1190426 ] ], [ [ 73.0044858, 19.1189661 ], [ 73.0046159, 19.1190044 ], [ 73.0046422, 19.1189244 ], [ 73.0045121, 19.1188862 ], [ 73.0044858, 19.1189661 ] ] ] ] } },
{ "type": "Feature", "properties": { "osm_id": "5274853", "name": null, "building": "yes", "height_m": 12.2 }, "geometry": { "type": "MultiPolygon", "coordinates": [ [ [ [ 73.0157328, 19.1086433 ], [ 73.0157523, 19.1083181 ], [ 73.015584, 19.108309 ], [ 73.0155917, 19.1081808 ], [ 73.01576, 19.1081898 ], [ 73.0157739, 19.1079591 ], [ 73.0150408, 19.1079198 ], [ 73.0150067, 19.1084873 ], [ 73.0152463, 19.1086172 ], [ 73.0157328, 19.1086433 ] ], [ [ 73.0152833, 19.1083669 ], [ 73.0155293, 19.1083801 ], [ 73.0155416, 19.1081755 ], [ 73.0152956, 19.1081623 ], [ 73.0152833, 19.1083669 ] ], [ [ 73.015377, 19.1080917 ], [ 73.0154385, 19.108095 ], [ 73.0154455, 19.1079795 ], [ 73.0153839, 19.1079762 ], [ 73.015377, 19.1080917 ] ] ] ] } },
{ "type": "Feature", "properties": { "osm_id": "5274854", "name": null, "building": "yes", "height_m": 14.3 }, "geometry": { "type": "MultiPolygon", "coordinates": [ [ [ [ 73.0150579, 19.109906 ], [ 73.0153392, 19.1092961 ], [ 73.0148876, 19.1091102 ], [ 73.0146362, 19.10916 ], [ 73.0144144, 19.109641 ], [ 73.0147003, 19.1097588 ], [ 73.0147675, 19.1096131 ], [ 73.0148866, 19.1096622 ], [ 73.0148194, 19.1098078 ], [ 73.0150579, 19.109906 ] ], [ [ 73.0147239, 19.1095375 ], [ 73.014913, 19.1096095 ], [ 73.014997, 19.1094127 ], [ 73.0148079, 19.1093406 ], [ 73.0147239, 19.1095375 ] ], [ [ 73.0149985, 19.1095451 ], [ 73.0151102, 19.109588 ], [ 73.0151312, 19.1095392 ], [ 73.0150195, 19.1094963 ], [ 73.0149985, 19.1095451 ] ] ] ] } },
{ "type": "Feature", "properties": { "osm_id": "5275055", "name": null, "building": "yes", "height_m": 12.4 }, "geometry": { "type": "MultiPolygon", "coordinates": [ [ [ [ 73.0139444, 19.0880154 ], [ 73.0140949, 19.0880447 ], [ 73.0141166, 19.0879767 ], [ 73.0141406, 19.0880145 ], [ 73.0142805, 19.087933 ], [ 73.0142525, 19.0878936 ], [ 73.0143199, 19.0879017 ], [ 73.0143603, 19.0877714 ], [ 73.0141736, 19.0874733 ], [ 73.0140196, 19.0874415 ], [ 73.0140032, 19.0875114 ], [ 73.0139668, 19.0874747 ], [ 73.013836, 19.0875442 ], [ 73.0138708, 19.0875945 ], [ 73.0137922, 19.0875872 ], [ 73.0137577, 19.0877265 ], [ 73.0139444, 19.0880154 ] ], [ [ 73.0140414, 19.0879301 ], [ 73.014124, 19.0879382 ], [ 73.0141248, 19.0878894 ], [ 73.01417, 19.0878642 ], [ 73.0142346, 19.0878703 ], [ 73.0142505, 19.0877791 ], [ 73.0141067, 19.087568 ], [ 73.0140279, 19.0875521 ], [ 73.0140222, 19.0876002 ], [ 73.013956, 19.0876353 ], [ 73.0139124, 19.0876185 ], [ 73.0138847, 19.0876985 ], [ 73.0140414, 19.0879301 ] ] ] ] } },
{ "type": "Feature", "properties": { "osm_id": "5275056", "name": null, "building": "yes", "height_m": 16.1 }, "geometry": { "type": "MultiPolygon", "coordinates": [ [ [ [ 73.0044482, 19.1187399 ], [ 73.004663, 19.118804 ], [ 73.0047528, 19.1185355 ], [ 73.0045379, 19.1184714 ], [ 73.0044482, 19.1187399 ] ], [ [ 73.0045645, 19.1186564 ], [ 73.0046427, 19.1186797 ], [ 73.004663, 19.1186187 ], [ 73.0045849, 19.1185954 ], [ 73.0045645, 19.1186564 ] ] ] ] } },
{ "type": "Feature", "properties": { "osm_id": "5275057", "name": null, "building": "yes", "height_m": 12.3 }, "geometry": { "type": "MultiPolygon", "coordinates": [ [ [ [ 73.0053413, 19.1048711 ], [ 73.005775, 19.104989 ], [ 73.005953, 19.1045859 ], [ 73.0054873, 19.1044546 ], [ 73.0054198, 19.1046416 ], [ 73.0053413, 19.1048711 ] ], [ [ 73.0054701, 19.1047985 ], [ 73.0055289, 19.1048091 ], [ 73.0055556, 19.1047156 ], [ 73.0054974, 19.1047043 ], [ 73.0054701, 19.1047985 ] ], [ [ 73.0055944, 19.1048312 ], [ 73.0057312, 19.1048611 ], [ 73.0057634, 19.1047871 ], [ 73.005623, 19.1047402 ], [ 73.0055944, 19.1048312 ] ] ] ] } },
{ "type": "Feature", "properties": { "osm_id": "5275076", "name": "Priyanka Hill View Residency", "building": "yes", "height_m": 52.3 }, "geometry": { "type": "MultiPolygon", "coordinates": [ [ [ [ 73.0351298, 19.0240008 ], [ 73.0351994, 19.0240264 ], [ 73.0352258, 19.0239623 ], [ 73.0352599, 19.0239748 ], [ 73.0352413, 19.02402 ], [ 73.0352825, 19.0240351 ], [ 73.0352747, 19.0240542 ], [ 73.035352, 19.0240827 ], [ 73.0354219, 19.0239132 ], [ 73.0353774, 19.0238968 ], [ 73.0354063, 19.0238268 ], [ 73.0354508, 19.0238432 ], [ 73.0355223, 19.0236698 ], [ 73.0354572, 19.0236458 ], [ 73.0354463, 19.0236723 ], [ 73.0353523, 19.0236376 ], [ 73.035359, 19.0236214 ], [ 73.0352958, 19.0235981 ], [ 73.0352289, 19.0237606 ], [ 73.035265, 19.0237739 ], [ 73.0352345, 19.0238477 ], [ 73.0351984, 19.0238344 ], [ 73.0351298, 19.0240008 ] ], [ [ 73.0352646, 19.0238945 ], [ 73.0353234, 19.0239162 ], [ 73.0353818, 19.0237746 ], [ 73.035323, 19.0237529 ], [ 73.0352646, 19.0238945 ] ] ] ] } },
{ "type": "Feature", "properties": { "osm_id": "5275077", "name": null, "building": "yes", "height_m": 9.4 }, "geometry": { "type": "MultiPolygon", "coordinates": [ [ [ [ 73.032356, 19.0238158 ], [ 73.0323618, 19.023963 ], [ 73.0325317, 19.0239571 ], [ 73.0325259, 19.0238099 ], [ 73.032356, 19.0238158 ] ], [ [ 73.032428, 19.0238794 ], [ 73.0324271, 19.0238554 ], [ 73.0323927, 19.0238566 ], [ 73.0323945, 19.0239023 ], [ 73.0324155, 19.0239016 ], [ 73.0324156, 19.0239023 ], [ 73.0324538, 19.023901 ], [ 73.0324529, 19.0238785 ], [ 73.032428, 19.0238794 ] ] ] ] } },
{ "type": "Feature", "properties": { "osm_id": "5275078", "name": null, "building": "yes", "height_m": 14.0 }, "geometry": { "type": "MultiPolygon", "coordinates": [ [ [ [ 73.0318239, 19.0262778 ], [ 73.031856, 19.0262683 ], [ 73.0318568, 19.0262708 ], [ 73.0318984, 19.0262584 ], [ 73.0318853, 19.026219 ], [ 73.0319207, 19.0262085 ], [ 73.0319012, 19.0261499 ], [ 73.0318854, 19.0261546 ], [ 73.0318802, 19.026139 ], [ 73.0318666, 19.0261431 ], [ 73.0318514, 19.0260975 ], [ 73.0317717, 19.0261213 ], [ 73.0318239, 19.0262778 ] ], [ [ 73.0318546, 19.0262327 ], [ 73.0318698, 19.0262282 ], [ 73.0318519, 19.0261743 ], [ 73.0318372, 19.0261786 ], [ 73.0318293, 19.0261551 ], [ 73.0318035, 19.0261627 ], [ 73.031822, 19.026218 ], [ 73.0318471, 19.0262104 ], [ 73.0318546, 19.0262327 ] ] ] ] } },
{ "type": "Feature", "properties": { "osm_id": "5275079", "name": null, "building": "yes", "height_m": 13.3 }, "geometry": { "type": "MultiPolygon", "coordinates": [ [ [ [ 73.0327314, 19.0257109 ], [ 73.0327323, 19.0257629 ], [ 73.0327436, 19.0257627 ], [ 73.0327443, 19.0258002 ], [ 73.0327658, 19.0257999 ], [ 73.0327662, 19.0258243 ], [ 73.0328028, 19.0258237 ], [ 73.0328033, 19.025856 ], [ 73.0328512, 19.0258553 ], [ 73.0328991, 19.0258545 ], [ 73.0328979, 19.0257815 ], [ 73.0328966, 19.0257084 ], [ 73.032814, 19.0257097 ], [ 73.0327314, 19.0257109 ] ], [ [ 73.0328177, 19.0258355 ], [ 73.032872, 19.0258346 ], [ 73.032871, 19.0257782 ], [ 73.0328167, 19.0257791 ], [ 73.0328177, 19.0258355 ] ] ] ] } },
{ "type": "Feature", "properties": { "osm_id": "5275080", "name": "Dhamma Vipula Vipassana Meditation Center", "building": "yes", "height_m": 9.6 }, "geometry": { "type": "MultiPolygon", "coordinates": [ [ [ [ 73.0329379, 19.0273635 ], [ 73.0329094, 19.0272811 ], [ 73.0328618, 19.0272304 ], [ 73.0328649, 19.0270675 ], [ 73.0328097, 19.0270677 ], [ 73.0328122, 19.026965 ], [ 73.032694, 19.0269632 ], [ 73.0326929, 19.0270272 ], [ 73.0326727, 19.027029 ], [ 73.0326722, 19.027053 ], [ 73.0326017, 19.0270532 ], [ 73.0326021, 19.0271413 ], [ 73.0326024, 19.0272294 ], [ 73.0325456, 19.027308 ], [ 73.0325419, 19.0273446 ], [ 73.0324431, 19.0273415 ], [ 73.0324375, 19.0275138 ], [ 73.032548, 19.0275129 ], [ 73.0325513, 19.0275279 ], [ 73.0324589, 19.02756 ], [ 73.0325725, 19.0277811 ], [ 73.0326357, 19.027785 ], [ 73.0326348, 19.0278107 ], [ 73.0328522, 19.0278175 ], [ 73.0328528, 19.0278021 ], [ 73.0328793, 19.0278019 ], [ 73.0329017, 19.0277678 ], [ 73.0329334, 19.0277712 ], [ 73.0329894, 19.0276837 ], [ 73.0330353, 19.0276109 ], [ 73.0329351, 19.0275648 ], [ 73.0329357, 19.0275569 ], [ 73.0330365, 19.027564 ], [ 73.0330433, 19.0274534 ], [ 73.0330184, 19.0273811 ], [ 73.0329379, 19.0273635 ] ], [ [ 73.0326559, 19.0275699 ], [ 73.0328081, 19.0275738 ], [ 73.0328115, 19.0274928 ], [ 73.0328566, 19.0274946 ], [ 73.0328624, 19.0273568 ], [ 73.0328253, 19.0272893 ], [ 73.0327963, 19.0272892 ], [ 73.0327966, 19.0273035 ], [ 73.0327585, 19.027304 ], [ 73.0327592, 19.0272897 ], [ 73.0327497, 19.02729 ], [ 73.032748, 19.0272983 ], [ 73.032713, 19.027298 ], [ 73.0327104, 19.027265 ], [ 73.0326945, 19.027265 ], [ 73.0326335, 19.0273384 ], [ 73.0326315, 19.0273628 ], [ 73.0326106, 19.0273621 ], [ 73.0326101, 19.0273957 ], [ 73.0326313, 19.0273971 ], [ 73.0326303, 19.027438 ], [ 73.0326114, 19.0274362 ], [ 73.0326118, 19.0274709 ], [ 73.0326376, 19.0274717 ], [ 73.032654, 19.027509 ], [ 73.0326424, 19.0275167 ], [ 73.0326559, 19.0275699 ] ], [ [ 73.0326953, 19.0271856 ], [ 73.0327645, 19.0271873 ], [ 73.0327628, 19.0272476 ], [ 73.0328013, 19.0272485 ], [ 73.0328038, 19.0271591 ], [ 73.0326961, 19.0271563 ], [ 73.0326953, 19.0271856 ] ] ] ] } },
{ "type": "Feature", "properties": { "osm_id": "5275081", "name": null, "building": "yes", "height_m": 7.5 }, "geometry": { "type": "MultiPolygon", "coordinates": [ [ [ [ 73.020041, 19.1093808 ], [ 73.0200813, 19.1092815 ], [ 73.0200121, 19.1092564 ], [ 73.0200276, 19.1092183 ], [ 73.0200968, 19.1092434 ], [ 73.0201258, 19.1091719 ], [ 73.0197852, 19.1090484 ], [ 73.0197004, 19.1092573 ], [ 73.020041, 19.1093808 ] ], [ [ 73.0199042, 19.1092261 ], [ 73.0199183, 19.1091914 ], [ 73.0197729, 19.1091387 ], [ 73.0197588, 19.1091734 ], [ 73.0199042, 19.1092261 ] ] ] ] } },
{ "type": "Feature", "properties": { "osm_id": "5275084", "name": null, "building": "apartments", "height_m": 16.2 }, "geometry": { "type": "MultiPolygon", "coordinates": [ [ [ [ 72.9992541, 19.0722258 ], [ 72.9997093, 19.0721902 ], [ 72.9996848, 19.0719109 ], [ 72.9992296, 19.0719465 ], [ 72.9992541, 19.0722258 ] ], [ [ 72.9993281, 19.0721288 ], [ 72.9996199, 19.0721064 ], [ 72.9996132, 19.0720286 ], [ 72.9993214, 19.072051 ], [ 72.9993281, 19.0721288 ] ] ] ] } },
{ "type": "Feature", "properties": { "osm_id": "5275174", "name": null, "building": "yes", "height_m": 11.2 }, "geometry": { "type": "MultiPolygon", "coordinates": [ [ [ [ 73.0291896, 19.1048608 ], [ 73.0295604, 19.1049758 ], [ 73.0296067, 19.1048425 ], [ 73.0296601, 19.104859 ], [ 73.0297694, 19.1045441 ], [ 73.0297296, 19.1045317 ], [ 73.0297712, 19.104412 ], [ 73.0294038, 19.1042981 ], [ 73.0293923, 19.1043312 ], [ 73.0293855, 19.1043291 ], [ 73.0293664, 19.1043841 ], [ 73.0293398, 19.1043759 ], [ 73.029318, 19.1044384 ], [ 73.0293391, 19.104445 ], [ 73.0293294, 19.1044729 ], [ 73.0293083, 19.1044664 ], [ 73.029214, 19.1047379 ], [ 73.0292305, 19.104743 ], [ 73.0291896, 19.1048608 ] ], [ [ 73.0293328, 19.1047316 ], [ 73.0295497, 19.1047989 ], [ 73.0296331, 19.1045587 ], [ 73.0295798, 19.1045422 ], [ 73.0295663, 19.104581 ], [ 73.0294027, 19.1045302 ], [ 73.0293328, 19.1047316 ] ] ] ] } },
{ "type": "Feature", "properties": { "osm_id": "5275175", "name": null, "building": "yes", "height_m": 4.7 }, "geometry": { "type": "MultiPolygon", "coordinates": [ [ [ [ 73.0267549, 19.1069264 ], [ 73.0271308, 19.1070534 ], [ 73.0272146, 19.1068322 ], [ 73.0268387, 19.1067052 ], [ 73.0267549, 19.1069264 ] ], [ [ 73.0267955, 19.1069079 ], [ 73.0270858, 19.107006 ], [ 73.0271376, 19.1068692 ], [ 73.0268473, 19.1067711 ], [ 73.0267955, 19.1069079 ] ] ] ] } },
{ "type": "Feature", "properties": { "osm_id": "5275176", "name": null, "building": "yes", "height_m": 9.2 }, "geometry": { "type": "MultiPolygon", "coordinates": [ [ [ [ 73.0264728, 19.1074468 ], [ 73.0269117, 19.1075803 ], [ 73.0270554, 19.1071583 ], [ 73.0266165, 19.1070249 ], [ 73.0264728, 19.1074468 ] ], [ [ 73.0266308, 19.1073878 ], [ 73.0267458, 19.1074206 ], [ 73.0267359, 19.1074514 ], [ 73.0267663, 19.1074601 ], [ 73.0267761, 19.1074293 ], [ 73.0268002, 19.1074361 ], [ 73.0268517, 19.1072751 ], [ 73.0268766, 19.1072822 ], [ 73.0268889, 19.1072439 ], [ 73.0268639, 19.1072367 ], [ 73.0268843, 19.1071728 ], [ 73.0267149, 19.1071245 ], [ 73.0266308, 19.1073878 ] ] ] ] } },
{ "type": "Feature", "properties": { "osm_id": "5275186", "name": null, "building": "yes", "height_m": 22.2 }, "geometry": { "type": "MultiPolygon", "coordinates": [ [ [ [ 73.0275816, 19.0315701 ], [ 73.0276423, 19.0315306 ], [ 73.0276149, 19.031493 ], [ 73.0276568, 19.0314657 ], [ 73.0276902, 19.0315114 ], [ 73.0277512, 19.0314717 ], [ 73.0276955, 19.0313954 ], [ 73.0276855, 19.0314019 ], [ 73.0276608, 19.031368 ], [ 73.0276805, 19.0313552 ], [ 73.027626, 19.0312804 ], [ 73.0275604, 19.0313231 ], [ 73.0275893, 19.0313629 ], [ 73.0275497, 19.0313887 ], [ 73.0275149, 19.0313409 ], [ 73.0274565, 19.0313789 ], [ 73.0275092, 19.0314512 ], [ 73.0275178, 19.0314455 ], [ 73.0275422, 19.031479 ], [ 73.0275239, 19.0314909 ], [ 73.0275528, 19.0315305 ], [ 73.0275816, 19.0315701 ] ], [ [ 73.027585, 19.0314895 ], [ 73.0276142, 19.0314737 ], [ 73.0275759, 19.0314104 ], [ 73.0275467, 19.0314262 ], [ 73.027585, 19.0314895 ] ] ] ] } },
{ "type": "Feature", "properties": { "osm_id": "5283449", "name": null, "building": "yes", "height_m": 42.5 }, "geometry": { "type": "MultiPolygon", "coordinates": [ [ [ [ 73.015419, 19.1127932 ], [ 73.0154177, 19.1127213 ], [ 73.0154568, 19.1127206 ], [ 73.0154544, 19.1125901 ], [ 73.0154779, 19.1125896 ], [ 73.0154773, 19.1125702 ], [ 73.0155491, 19.1125682 ], [ 73.0155474, 19.1125135 ], [ 73.0155337, 19.1125114 ], [ 73.0155276, 19.1123066 ], [ 73.0154768, 19.1122988 ], [ 73.0154231, 19.1122966 ], [ 73.0153706, 19.1123009 ], [ 73.0153313, 19.1123128 ], [ 73.015334, 19.1124034 ], [ 73.0153346, 19.1124442 ], [ 73.0151842, 19.1124467 ], [ 73.0151809, 19.1124822 ], [ 73.0151215, 19.1124832 ], [ 73.0151214, 19.112478 ], [ 73.0149703, 19.1124804 ], [ 73.0149728, 19.1126201 ], [ 73.0149504, 19.1126204 ], [ 73.0149519, 19.1127053 ], [ 73.0149301, 19.1127056 ], [ 73.0149316, 19.1127892 ], [ 73.0149703, 19.1127886 ], [ 73.0149716, 19.1128612 ], [ 73.0150324, 19.1128602 ], [ 73.0150392, 19.112924 ], [ 73.0150126, 19.1129246 ], [ 73.0150102, 19.1129751 ], [ 73.0150387, 19.1130547 ], [ 73.0150972, 19.1131179 ], [ 73.0151769, 19.1131551 ], [ 73.0152656, 19.1131607 ], [ 73.0153498, 19.1131338 ], [ 73.0154167, 19.1130785 ], [ 73.0154561, 19.1130032 ], [ 73.0154776, 19.1129575 ], [ 73.0154197, 19.1129549 ], [ 73.0154335, 19.1128399 ], [ 73.0154265, 19.1128323 ], [ 73.0154258, 19.1127931 ], [ 73.015419, 19.1127932 ] ], [ [ 73.0152671, 19.1129378 ], [ 73.0152668, 19.1127933 ], [ 73.0153015, 19.1127932 ], [ 73.0153013, 19.1127222 ], [ 73.0151835, 19.1127224 ], [ 73.0151832, 19.1126032 ], [ 73.0151188, 19.1126033 ], [ 73.0151188, 19.1126369 ], [ 73.0149757, 19.1126373 ], [ 73.0152671, 19.1129378 ] ] ], [ [ [ 73.0150588, 19.1113708 ], [ 73.0156061, 19.1116193 ], [ 73.0161789, 19.110493 ], [ 73.0156316, 19.1102445 ], [ 73.0150588, 19.1113708 ] ] ] ] } },
{ "type": "Feature", "properties": { "osm_id": "5283463", "name": null, "building": "yes", "height_m": 6.4 }, "geometry": { "type": "MultiPolygon", "coordinates": [ [ [ [ 73.0126829, 19.0636068 ], [ 73.0131986, 19.0636093 ], [ 73.0131996, 19.0634286 ], [ 73.0132546, 19.0633826 ], [ 73.0132113, 19.0633315 ], [ 73.0132122, 19.0631645 ], [ 73.0126853, 19.063162 ], [ 73.0126829, 19.0636068 ] ], [ [ 73.0127928, 19.0635188 ], [ 73.0130866, 19.0635201 ], [ 73.0130878, 19.0632899 ], [ 73.0127939, 19.0632885 ], [ 73.0127928, 19.0635188 ] ] ] ] } },
{ "type": "Feature", "properties": { "osm_id": "5283464", "name": null, "building": "yes", "height_m": 13.1 }, "geometry": { "type": "MultiPolygon", "coordinates": [ [ [ [ 73.0135123, 19.0620855 ], [ 73.0138062, 19.0620846 ], [ 73.013806, 19.0620323 ], [ 73.0138414, 19.0620322 ], [ 73.0138407, 19.0618365 ], [ 73.0137994, 19.0618366 ], [ 73.0137992, 19.06177 ], [ 73.0135112, 19.0617709 ], [ 73.0135118, 19.0619457 ], [ 73.0135425, 19.0619456 ], [ 73.0135426, 19.0619829 ], [ 73.0135119, 19.061983 ], [ 73.0135123, 19.0620855 ] ], [ [ 73.0135924, 19.0619636 ], [ 73.0136925, 19.061966 ], [ 73.0136912, 19.0620118 ], [ 73.0137299, 19.0620128 ], [ 73.0137312, 19.061967 ], [ 73.0137437, 19.0619673 ], [ 73.0137458, 19.0618919 ], [ 73.0137306, 19.0618916 ], [ 73.0137314, 19.061863 ], [ 73.0136979, 19.0618621 ], [ 73.0136971, 19.0618908 ], [ 73.0135944, 19.0618882 ], [ 73.0135924, 19.0619636 ] ] ] ] } },
{ "type": "Feature", "properties": { "osm_id": "5283473", "name": null, "building": "yes", "height_m": 9.5 }, "geometry": { "type": "MultiPolygon", "coordinates": [ [ [ [ 73.0288755, 19.0257658 ], [ 73.0289026, 19.0257829 ], [ 73.0289776, 19.0256765 ], [ 73.0289373, 19.025651 ], [ 73.0289635, 19.0256468 ], [ 73.0289497, 19.0255703 ], [ 73.0288295, 19.0255897 ], [ 73.0288417, 19.0256567 ], [ 73.0287796, 19.0256677 ], [ 73.0288049, 19.0257959 ], [ 73.0288789, 19.0257829 ], [ 73.0288755, 19.0257658 ] ], [ [ 73.0288555, 19.0256642 ], [ 73.0289161, 19.0256545 ], [ 73.0288672, 19.0257238 ], [ 73.0288555, 19.0256642 ] ] ] ] } },
{ "type": "Feature", "properties": { "osm_id": "5283487", "name": null, "building": "yes", "height_m": 10.2 }, "geometry": { "type": "MultiPolygon", "coordinates": [ [ [ [ 73.0453213, 19.0266284 ], [ 73.0453737, 19.0266834 ], [ 73.0453402, 19.0267119 ], [ 73.045474, 19.0268523 ], [ 73.0456225, 19.0267259 ], [ 73.0456339, 19.0267378 ], [ 73.0456734, 19.0267041 ], [ 73.0455071, 19.0265296 ], [ 73.0454881, 19.0265457 ], [ 73.0454568, 19.026513 ], [ 73.0453213, 19.0266284 ] ], [ [ 73.0454259, 19.0266639 ], [ 73.0454979, 19.0267395 ], [ 73.0455355, 19.0267075 ], [ 73.0454635, 19.026632 ], [ 73.0454259, 19.0266639 ] ] ] ] } },
{ "type": "Feature", "properties": { "osm_id": "5283488", "name": null, "building": "yes", "height_m": 13.7 }, "geometry": { "type": "MultiPolygon", "coordinates": [ [ [ [ 73.0445063, 19.0273073 ], [ 73.044672, 19.0274556 ], [ 73.0448799, 19.0272487 ], [ 73.0447224, 19.0270914 ], [ 73.0445063, 19.0273073 ] ], [ [ 73.0446959, 19.0272045 ], [ 73.0447482, 19.0272508 ], [ 73.0447797, 19.0272189 ], [ 73.0447274, 19.0271726 ], [ 73.0446959, 19.0272045 ] ] ] ] } },
{ "type": "Feature", "properties": { "osm_id": "5283490", "name": null, "building": "yes", "height_m": 10.9 }, "geometry": { "type": "MultiPolygon", "coordinates": [ [ [ [ 73.0420829, 19.0283028 ], [ 73.0421372, 19.0283579 ], [ 73.0420842, 19.0284046 ], [ 73.0423527, 19.0286768 ], [ 73.0424, 19.0286351 ], [ 73.0424232, 19.0286586 ], [ 73.0425453, 19.0285509 ], [ 73.0425218, 19.0285271 ], [ 73.0425888, 19.028468 ], [ 73.0423075, 19.0281828 ], [ 73.0422735, 19.0282128 ], [ 73.0422324, 19.0281711 ], [ 73.0420829, 19.0283028 ] ], [ [ 73.0421914, 19.0283604 ], [ 73.0422537, 19.0284229 ], [ 73.0423363, 19.0283493 ], [ 73.0422741, 19.0282868 ], [ 73.0421914, 19.0283604 ] ], [ [ 73.0422875, 19.0284549 ], [ 73.0423932, 19.0285561 ], [ 73.0424691, 19.0284853 ], [ 73.0423634, 19.0283841 ], [ 73.0422875, 19.0284549 ] ] ] ] } },
{ "type": "Feature", "properties": { "osm_id": "5283532", "name": null, "building": "school", "height_m": 11.6 }, "geometry": { "type": "MultiPolygon", "coordinates": [ [ [ [ 73.005538, 19.0842993 ], [ 73.0059055, 19.0840806 ], [ 73.0055155, 19.0834955 ], [ 73.0051481, 19.0837142 ], [ 73.005538, 19.0842993 ] ], [ [ 73.0055381, 19.0841056 ], [ 73.0057024, 19.0840078 ], [ 73.0054872, 19.0836849 ], [ 73.0053229, 19.0837827 ], [ 73.0055381, 19.0841056 ] ] ] ] } },
{ "type": "Feature", "properties": { "osm_id": "5283536", "name": null, "building": "yes", "height_m": 5.5 }, "geometry": { "type": "MultiPolygon", "coordinates": [ [ [ [ 73.0398076, 19.0301966 ], [ 73.040606, 19.0302074 ], [ 73.0406039, 19.0300429 ], [ 73.0404965, 19.0300431 ], [ 73.0405, 19.0301243 ], [ 73.040338, 19.0301205 ], [ 73.040343, 19.0299119 ], [ 73.0403625, 19.0299123 ], [ 73.0403651, 19.0298105 ], [ 73.0398177, 19.0297981 ], [ 73.0398076, 19.0301966 ] ], [ [ 73.039945, 19.0300304 ], [ 73.0402093, 19.0300358 ], [ 73.0402115, 19.0299417 ], [ 73.0399472, 19.0299363 ], [ 73.039945, 19.0300304 ] ] ] ] } },
{ "type": "Feature", "properties": { "osm_id": "5283538", "name": null, "building": "yes", "height_m": 2.1 }, "geometry": { "type": "MultiPolygon", "coordinates": [ [ [ [ 73.0162247, 19.1178904 ], [ 73.0162387, 19.11781 ], [ 73.0160347, 19.1177784 ], [ 73.0159997, 19.1179798 ], [ 73.0162037, 19.1180114 ], [ 73.0162176, 19.1179318 ], [ 73.0162718, 19.1179402 ], [ 73.016279, 19.1178988 ], [ 73.0162247, 19.1178904 ] ], [ [ 73.016164, 19.1179404 ], [ 73.0161768, 19.1178669 ], [ 73.0160888, 19.1178532 ], [ 73.016076, 19.1179267 ], [ 73.016164, 19.1179404 ] ] ] ] } },
{ "type": "Feature", "properties": { "osm_id": "5283554", "name": null, "building": "yes", "height_m": 22.8 }, "geometry": { "type": "MultiPolygon", "coordinates": [ [ [ [ 73.0415994, 19.0188544 ], [ 73.0415966, 19.0189216 ], [ 73.0416113, 19.0189353 ], [ 73.0416294, 19.0189354 ], [ 73.0416526, 19.0189662 ], [ 73.0416612, 19.0189921 ], [ 73.0416699, 19.0190007 ], [ 73.0417178, 19.019001 ], [ 73.0420319, 19.0187393 ], [ 73.0420958, 19.018796 ], [ 73.0421578, 19.0188507 ], [ 73.0420169, 19.0189651 ], [ 73.0420157, 19.0190259 ], [ 73.042088, 19.0191055 ], [ 73.042169, 19.0191031 ], [ 73.0426776, 19.0186522 ], [ 73.0426792, 19.0185883 ], [ 73.0426372, 19.0185481 ], [ 73.0426028, 19.0185167 ], [ 73.042539, 19.0185169 ], [ 73.0422958, 19.0187482 ], [ 73.0421993, 19.0186502 ], [ 73.0424816, 19.0184001 ], [ 73.0424786, 19.0183163 ], [ 73.0424356, 19.0182833 ], [ 73.0423285, 19.0182102 ], [ 73.0422827, 19.0182113 ], [ 73.0421733, 19.0182961 ], [ 73.0421675, 19.0183589 ], [ 73.0422059, 19.0183867 ], [ 73.0421889, 19.0184076 ], [ 73.0421311, 19.0184108 ], [ 73.0418977, 19.0186055 ], [ 73.0415994, 19.0188544 ] ], [ [ 73.0423187, 19.0184265 ], [ 73.0423443, 19.0184052 ], [ 73.0422553, 19.0183107 ], [ 73.0422398, 19.0183417 ], [ 73.0423187, 19.0184265 ] ] ] ] } },
{ "type": "Feature", "properties": { "osm_id": "5283555", "name": null, "building": "yes", "height_m": 24.0 }, "geometry": { "type": "MultiPolygon", "coordinates": [ [ [ [ 73.0414439, 19.0185816 ], [ 73.0416256, 19.0184263 ], [ 73.0413076, 19.0181116 ], [ 73.0411398, 19.0182631 ], [ 73.0412546, 19.0183924 ], [ 73.0413529, 19.0184897 ], [ 73.0414439, 19.0185816 ] ], [ [ 73.0412512, 19.0183045 ], [ 73.0412683, 19.0182891 ], [ 73.0412168, 19.018238 ], [ 73.0411997, 19.0182534 ], [ 73.0412512, 19.0183045 ] ], [ [ 73.0414762, 19.018485 ], [ 73.0414979, 19.0184654 ], [ 73.0414553, 19.0184232 ], [ 73.0414336, 19.0184428 ], [ 73.0414762, 19.018485 ] ] ] ] } },
{ "type": "Feature", "properties": { "osm_id": "5283574", "name": null, "building": "yes", "height_m": 11.1 }, "geometry": { "type": "MultiPolygon", "coordinates": [ [ [ [ 73.0152078, 19.0222468 ], [ 73.0153923, 19.0220829 ], [ 73.0150974, 19.0217861 ], [ 73.0149129, 19.02195 ], [ 73.0152078, 19.0222468 ] ], [ [ 73.0150393, 19.021959 ], [ 73.0152581, 19.0221787 ], [ 73.0153138, 19.0221291 ], [ 73.015095, 19.0219094 ], [ 73.0150393, 19.021959 ] ] ] ] } },
{ "type": "Feature", "properties": { "osm_id": "5283577", "name": null, "building": "yes", "height_m": 13.5 }, "geometry": { "type": "MultiPolygon", "coordinates": [ [ [ [ 73.0189727, 19.0243155 ], [ 73.019183, 19.0241457 ], [ 73.0190839, 19.0240361 ], [ 73.0188737, 19.024206 ], [ 73.0189158, 19.0242526 ], [ 73.0189375, 19.024235 ], [ 73.0189607, 19.0242607 ], [ 73.018939, 19.0242782 ], [ 73.0189727, 19.0243155 ] ] ] ] } },
{ "type": "Feature", "properties": { "osm_id": "5283579", "name": null, "building": "yes", "height_m": 12.2 }, "geometry": { "type": "MultiPolygon", "coordinates": [ [ [ [ 73.0180839, 19.0240899 ], [ 73.0181895, 19.023997 ], [ 73.0180866, 19.0238925 ], [ 73.0179846, 19.0239822 ], [ 73.0180029, 19.0240008 ], [ 73.0179841, 19.0240171 ], [ 73.0180536, 19.0240878 ], [ 73.0180686, 19.0240745 ], [ 73.0180839, 19.0240899 ] ], [ [ 73.0180995, 19.0240703 ], [ 73.0181257, 19.0240487 ], [ 73.0181044, 19.0240256 ], [ 73.0180782, 19.0240471 ], [ 73.0180995, 19.0240703 ] ] ] ] } },
{ "type": "Feature", "properties": { "osm_id": "5283589", "name": null, "building": "yes", "height_m": 13.6 }, "geometry": { "type": "MultiPolygon", "coordinates": [ [ [ [ 73.0194429, 19.0267189 ], [ 73.0196011, 19.0268291 ], [ 73.019736, 19.0266562 ], [ 73.0197182, 19.0266438 ], [ 73.0197311, 19.0266273 ], [ 73.0197114, 19.0266136 ], [ 73.0197719, 19.0265361 ], [ 73.0197504, 19.0265211 ], [ 73.0197988, 19.0264591 ], [ 73.0197893, 19.0264525 ], [ 73.0198105, 19.0264253 ], [ 73.0197904, 19.0264113 ], [ 73.0198148, 19.0263801 ], [ 73.019745, 19.0263315 ], [ 73.0194429, 19.0267189 ] ], [ [ 73.0197459, 19.0264851 ], [ 73.0197678, 19.0264646 ], [ 73.019734, 19.0264324 ], [ 73.0197121, 19.0264529 ], [ 73.0197459, 19.0264851 ] ], [ [ 73.0196901, 19.0266468 ], [ 73.0197063, 19.0266316 ], [ 73.0196587, 19.0265861 ], [ 73.0196424, 19.0266013 ], [ 73.0196901, 19.0266468 ] ], [ [ 73.0196063, 19.0267141 ], [ 73.0196215, 19.0266999 ], [ 73.0195735, 19.0266541 ], [ 73.0195583, 19.0266683 ], [ 73.0196063, 19.0267141 ] ] ] ] } },
{ "type": "Feature", "properties": { "osm_id": "5283596", "name": null, "building": "college", "height_m": 20.8 }, "geometry": { "type": "MultiPolygon", "coordinates": [ [ [ [ 73.0158335, 19.0301986 ], [ 73.0158205, 19.0304865 ], [ 73.0157599, 19.030516 ], [ 73.0156992, 19.0305653 ], [ 73.015691, 19.0306782 ], [ 73.015805, 19.0307741 ], [ 73.0157885, 19.0310518 ], [ 73.0159081, 19.0311232 ], [ 73.015966, 19.0311268 ], [ 73.0159669, 19.0309858 ], [ 73.0159069, 19.0309831 ], [ 73.0159084, 19.0309542 ], [ 73.0160387, 19.0309599 ], [ 73.0160411, 19.0309102 ], [ 73.0161367, 19.0309144 ], [ 73.0161445, 19.0307557 ], [ 73.0161887, 19.0307576 ], [ 73.0161998, 19.0305307 ], [ 73.0161584, 19.0305289 ], [ 73.0161663, 19.0303674 ], [ 73.0161428, 19.0303664 ], [ 73.0161444, 19.0301999 ], [ 73.0159878, 19.0301474 ], [ 73.0158335, 19.0301986 ] ], [ [ 73.0159024, 19.0308731 ], [ 73.0160196, 19.0308776 ], [ 73.0160214, 19.0308375 ], [ 73.0159042, 19.030833 ], [ 73.0159024, 19.0308731 ] ], [ [ 73.0158512, 19.0306959 ], [ 73.0159727, 19.0306982 ], [ 73.0159749, 19.0305985 ], [ 73.0158534, 19.0305961 ], [ 73.0158512, 19.0306959 ] ], [ [ 73.0159339, 19.0303338 ], [ 73.0160421, 19.0303364 ], [ 73.0160434, 19.0302848 ], [ 73.0159353, 19.0302822 ], [ 73.0159339, 19.0303338 ] ], [ [ 73.0159226, 19.0304556 ], [ 73.0160335, 19.0304592 ], [ 73.0160353, 19.0304091 ], [ 73.0159244, 19.0304055 ], [ 73.0159226, 19.0304556 ] ] ] ] } },
{ "type": "Feature", "properties": { "osm_id": "5283597", "name": null, "building": "yes", "height_m": 10.0 }, "geometry": { "type": "MultiPolygon", "coordinates": [ [ [ [ 73.0190818, 19.0253197 ], [ 73.0192297, 19.0252003 ], [ 73.0190268, 19.0249759 ], [ 73.018879, 19.0250953 ], [ 73.0190818, 19.0253197 ] ], [ [ 73.019071, 19.0252065 ], [ 73.0191142, 19.0251716 ], [ 73.0190923, 19.0251474 ], [ 73.0191029, 19.0251388 ], [ 73.0190853, 19.0251194 ], [ 73.019069, 19.0251326 ], [ 73.0190367, 19.0250968 ], [ 73.0190187, 19.0251113 ], [ 73.0190526, 19.0251488 ], [ 73.0190331, 19.0251646 ], [ 73.019071, 19.0252065 ] ], [ [ 73.0189394, 19.0251038 ], [ 73.0189595, 19.025126 ], [ 73.0189855, 19.0251051 ], [ 73.0189653, 19.0250828 ], [ 73.0189394, 19.0251038 ] ], [ [ 73.0189938, 19.0251882 ], [ 73.019021, 19.0251663 ], [ 73.0189966, 19.0251394 ], [ 73.0189695, 19.0251613 ], [ 73.0189938, 19.0251882 ] ], [ [ 73.0190588, 19.0252635 ], [ 73.0190847, 19.0252425 ], [ 73.0190643, 19.0252199 ], [ 73.0190384, 19.0252409 ], [ 73.0190588, 19.0252635 ] ] ] ] } },
{ "type": "Feature", "properties": { "osm_id": "5283624", "name": null, "building": "yes", "height_m": 9.4 }, "geometry": { "type": "MultiPolygon", "coordinates": [ [ [ [ 73.0074121, 19.0191261 ], [ 73.007411, 19.0190776 ], [ 73.0071496, 19.0190768 ], [ 73.0071458, 19.0189923 ], [ 73.0071689, 19.0189777 ], [ 73.0071858, 19.0189982 ], [ 73.0073477, 19.018903 ], [ 73.0073398, 19.0188907 ], [ 73.0075119, 19.0187895 ], [ 73.0074502, 19.0186934 ], [ 73.0073033, 19.0187777 ], [ 73.0073003, 19.018773 ], [ 73.0071112, 19.0188815 ], [ 73.0071275, 19.0189141 ], [ 73.0071064, 19.018925 ], [ 73.0070343, 19.0188896 ], [ 73.0070361, 19.0188701 ], [ 73.0071274, 19.0186711 ], [ 73.0070734, 19.0186471 ], [ 73.007114, 19.0185739 ], [ 73.0069564, 19.0184957 ], [ 73.0069101, 19.0185791 ], [ 73.0070454, 19.0186461 ], [ 73.0070309, 19.0186754 ], [ 73.0069653, 19.0186429 ], [ 73.0068852, 19.0188041 ], [ 73.0069391, 19.0188319 ], [ 73.0068593, 19.0189963 ], [ 73.0069708, 19.0191508 ], [ 73.0071835, 19.0191631 ], [ 73.0071815, 19.0192197 ], [ 73.0073709, 19.019216 ], [ 73.0073698, 19.019165 ], [ 73.0074028, 19.0191644 ], [ 73.007404, 19.0192153 ], [ 73.0074063, 19.0192887 ], [ 73.0075005, 19.019286 ], [ 73.0074953, 19.0191237 ], [ 73.0074121, 19.0191261 ] ], [ [ 73.0069779, 19.0188925 ], [ 73.0069378, 19.0189651 ], [ 73.0070004, 19.0190615 ], [ 73.0071132, 19.0190628 ], [ 73.0071145, 19.019014 ], [ 73.0070812, 19.0190146 ], [ 73.0070459, 19.0189658 ], [ 73.0070642, 19.0189337 ], [ 73.0069779, 19.0188925 ] ] ] ] } },
{ "type": "Feature", "properties": { "osm_id": "5283625", "name": null, "building": "yes", "height_m": 11.4 }, "geometry": { "type": "MultiPolygon", "coordinates": [ [ [ [ 73.0067548, 19.0202424 ], [ 73.0068152, 19.020443 ], [ 73.0067615, 19.0204605 ], [ 73.0068239, 19.020632 ], [ 73.0068766, 19.0206149 ], [ 73.0068854, 19.020639 ], [ 73.0068327, 19.0206561 ], [ 73.0067524, 19.0206814 ], [ 73.0067859, 19.0207765 ], [ 73.0069449, 19.0207264 ], [ 73.0069133, 19.0206367 ], [ 73.0069694, 19.0206184 ], [ 73.006896, 19.0204167 ], [ 73.0068674, 19.020426 ], [ 73.0068617, 19.0204067 ], [ 73.0069855, 19.0203587 ], [ 73.0070046, 19.0203785 ], [ 73.0069781, 19.0203973 ], [ 73.0071263, 19.0205236 ], [ 73.0071393, 19.0205103 ], [ 73.0072831, 19.020633 ], [ 73.0073552, 19.0205593 ], [ 73.0072337, 19.0204582 ], [ 73.0072446, 19.020447 ], [ 73.0070481, 19.0202872 ], [ 73.007065, 19.0201832 ], [ 73.0070768, 19.0201849 ], [ 73.0070721, 19.0202138 ], [ 73.007296, 19.0202574 ], [ 73.007306, 19.0202114 ], [ 73.0074081, 19.0202285 ], [ 73.0074382, 19.0200675 ], [ 73.0073297, 19.0200494 ], [ 73.0072994, 19.0201831 ], [ 73.007272, 19.0201777 ], [ 73.0072825, 19.0201294 ], [ 73.0070981, 19.0200935 ], [ 73.0070904, 19.0201416 ], [ 73.0068909, 19.020118 ], [ 73.0067548, 19.0202424 ] ], [ [ 73.0069907, 19.0202029 ], [ 73.0069153, 19.0201881 ], [ 73.0068263, 19.0202671 ], [ 73.0068521, 19.0203532 ], [ 73.006918, 19.0203384 ], [ 73.0069058, 19.0203005 ], [ 73.0069527, 19.0202594 ], [ 73.0069948, 19.0202678 ], [ 73.0069907, 19.0202029 ] ] ] ] } },
{ "type": "Feature", "properties": { "osm_id": "5283626", "name": null, "building": "yes", "height_m": 11.6 }, "geometry": { "type": "MultiPolygon", "coordinates": [ [ [ [ 73.0069942, 19.0179397 ], [ 73.0070047, 19.0177083 ], [ 73.0070379, 19.0177096 ], [ 73.0070458, 19.0175348 ], [ 73.0068709, 19.0175277 ], [ 73.0068645, 19.0176701 ], [ 73.0068922, 19.0176713 ], [ 73.0068904, 19.0177095 ], [ 73.0068369, 19.0177073 ], [ 73.0068303, 19.0178539 ], [ 73.0069001, 19.0178567 ], [ 73.0068982, 19.0179002 ], [ 73.0068499, 19.0178982 ], [ 73.0068456, 19.0179934 ], [ 73.0069437, 19.0179973 ], [ 73.0069424, 19.0180267 ], [ 73.0069276, 19.0180261 ], [ 73.0069215, 19.0181588 ], [ 73.0069432, 19.0181597 ], [ 73.0069421, 19.0181839 ], [ 73.0069761, 19.0181853 ], [ 73.0069744, 19.018222 ], [ 73.0071005, 19.0182271 ], [ 73.0071035, 19.0181614 ], [ 73.0070939, 19.018161 ], [ 73.0071004, 19.0180189 ], [ 73.007041, 19.0180165 ], [ 73.0070426, 19.0179811 ], [ 73.0071676, 19.0179862 ], [ 73.0071648, 19.0180474 ], [ 73.0074112, 19.0180574 ], [ 73.0074249, 19.0177551 ], [ 73.0071045, 19.0177421 ], [ 73.0070953, 19.0179438 ], [ 73.0069942, 19.0179397 ] ], [ [ 73.0071927, 19.0178239 ], [ 73.0071844, 19.0179542 ], [ 73.0073112, 19.0179614 ], [ 73.0073196, 19.0178312 ], [ 73.0071927, 19.0178239 ] ] ] ] } },
{ "type": "Feature", "properties": { "osm_id": "5283675", "name": null, "building": "yes", "height_m": 11.9 }, "geometry": { "type": "MultiPolygon", "coordinates": [ [ [ [ 73.0166468, 19.0484794 ], [ 73.017226, 19.0485854 ], [ 73.0172884, 19.0482808 ], [ 73.0167092, 19.0481748 ], [ 73.0166468, 19.0484794 ] ], [ [ 73.01679, 19.0483916 ], [ 73.0171296, 19.0484513 ], [ 73.0171448, 19.048374 ], [ 73.0168052, 19.0483142 ], [ 73.01679, 19.0483916 ] ] ] ] } },
{ "type": "Feature", "properties": { "osm_id": "5283691", "name": null, "building": "yes", "height_m": 24.9 }, "geometry": { "type": "MultiPolygon", "coordinates": [ [ [ [ 73.0417428, 19.0169631 ], [ 73.0418666, 19.016849 ], [ 73.0418358, 19.0168191 ], [ 73.0418545, 19.0168019 ], [ 73.041835, 19.016783 ], [ 73.0418561, 19.0167636 ], [ 73.0418456, 19.0167534 ], [ 73.041872, 19.016729 ], [ 73.0418126, 19.0166714 ], [ 73.041796, 19.0166867 ], [ 73.0417621, 19.0166538 ], [ 73.0417753, 19.0166415 ], [ 73.0417211, 19.0165889 ], [ 73.0417167, 19.016593 ], [ 73.0417039, 19.0166048 ], [ 73.0416873, 19.0165886 ], [ 73.041673, 19.0166018 ], [ 73.0416555, 19.0165849 ], [ 73.0416432, 19.0165963 ], [ 73.0416274, 19.016581 ], [ 73.0415998, 19.0166058 ], [ 73.0415677, 19.016582 ], [ 73.0414896, 19.0166548 ], [ 73.0415121, 19.0166766 ], [ 73.0414901, 19.0166969 ], [ 73.0415125, 19.0167186 ], [ 73.0414954, 19.0167343 ], [ 73.0415105, 19.0167489 ], [ 73.0414926, 19.0167653 ], [ 73.0415039, 19.0167762 ], [ 73.0414797, 19.0167985 ], [ 73.0416357, 19.0169498 ], [ 73.0416505, 19.0169361 ], [ 73.0416688, 19.0169538 ], [ 73.0416828, 19.0169409 ], [ 73.0417019, 19.0169594 ], [ 73.0417209, 19.0169419 ], [ 73.0417428, 19.0169631 ] ], [ [ 73.0416678, 19.0167602 ], [ 73.0416889, 19.0167425 ], [ 73.0416803, 19.0166966 ], [ 73.0416242, 19.0166928 ], [ 73.0415997, 19.0167147 ], [ 73.0416032, 19.0167891 ], [ 73.0416678, 19.0167602 ] ] ] ] } },
{ "type": "Feature", "properties": { "osm_id": "5283692", "name": null, "building": "yes", "height_m": 16.9 }, "geometry": { "type": "MultiPolygon", "coordinates": [ [ [ [ 73.0441436, 19.0172256 ], [ 73.0442506, 19.0173339 ], [ 73.044417, 19.0171869 ], [ 73.04431, 19.0170786 ], [ 73.0441436, 19.0172256 ] ], [ [ 73.0442285, 19.0172022 ], [ 73.0442491, 19.0172218 ], [ 73.0442866, 19.0171863 ], [ 73.0442659, 19.0171668 ], [ 73.0442285, 19.0172022 ] ] ] ] } },
{ "type": "Feature", "properties": { "osm_id": "5283723", "name": null, "building": "yes", "height_m": 13.9 }, "geometry": { "type": "MultiPolygon", "coordinates": [ [ [ [ 73.02992, 19.0436161 ], [ 73.0305159, 19.0429501 ], [ 73.0303215, 19.0427911 ], [ 73.0298445, 19.0433199 ], [ 73.0298623, 19.0433339 ], [ 73.0298282, 19.0433901 ], [ 73.0298194, 19.0434504 ], [ 73.0298411, 19.0435128 ], [ 73.0298774, 19.0435543 ], [ 73.029858, 19.0435661 ], [ 73.02992, 19.0436161 ] ], [ [ 73.0299287, 19.0434966 ], [ 73.02995, 19.0434725 ], [ 73.029883, 19.0434196 ], [ 73.0298617, 19.0434436 ], [ 73.0299287, 19.0434966 ] ] ] ] } },
{ "type": "Feature", "properties": { "osm_id": "5283727", "name": null, "building": "yes", "height_m": 8.2 }, "geometry": { "type": "MultiPolygon", "coordinates": [ [ [ [ 73.0113582, 19.0463153 ], [ 73.0114109, 19.0463124 ], [ 73.0114094, 19.0462877 ], [ 73.0115224, 19.0462814 ], [ 73.0115239, 19.0463062 ], [ 73.011581, 19.0463031 ], [ 73.0115818, 19.0463162 ], [ 73.0116833, 19.0463106 ], [ 73.011681, 19.0462729 ], [ 73.0117213, 19.0462707 ], [ 73.0117241, 19.0463165 ], [ 73.011818, 19.0463113 ], [ 73.0118142, 19.0462491 ], [ 73.0118264, 19.0462484 ], [ 73.0118217, 19.0461724 ], [ 73.0117938, 19.046174 ], [ 73.0117911, 19.0461296 ], [ 73.011819, 19.0461281 ], [ 73.0118136, 19.0460411 ], [ 73.0116902, 19.0460479 ], [ 73.0116918, 19.046073 ], [ 73.0116455, 19.0460755 ], [ 73.0116423, 19.0460231 ], [ 73.0115811, 19.0460265 ], [ 73.011582, 19.0460401 ], [ 73.0114449, 19.0460476 ], [ 73.0114473, 19.0460863 ], [ 73.0114001, 19.0460889 ], [ 73.0113978, 19.0460502 ], [ 73.0113421, 19.0460532 ], [ 73.011348, 19.04615 ], [ 73.0113729, 19.0461486 ], [ 73.0113784, 19.0462366 ], [ 73.0113535, 19.046238 ], [ 73.0113582, 19.0463153 ] ], [ [ 73.0115601, 19.0462251 ], [ 73.0115968, 19.0462239 ], [ 73.0115953, 19.0461809 ], [ 73.011607, 19.0461806 ], [ 73.0116056, 19.0461421 ], [ 73.0115572, 19.0461436 ], [ 73.0115601, 19.0462251 ] ] ] ] } },
{ "type": "Feature", "properties": { "osm_id": "5283728", "name": null, "building": "yes", "height_m": 7.6 }, "geometry": { "type": "MultiPolygon", "coordinates": [ [ [ [ 73.0110087, 19.0469796 ], [ 73.0110932, 19.0469751 ], [ 73.0110913, 19.0469426 ], [ 73.0111565, 19.0469391 ], [ 73.0111584, 19.0469716 ], [ 73.0113438, 19.0469617 ], [ 73.0113417, 19.0469272 ], [ 73.0114109, 19.0469235 ], [ 73.011413, 19.046958 ], [ 73.0115915, 19.0469485 ], [ 73.0115899, 19.0469208 ], [ 73.0116618, 19.046917 ], [ 73.0116635, 19.0469446 ], [ 73.0117562, 19.0469397 ], [ 73.0117408, 19.0466823 ], [ 73.0116404, 19.0466877 ], [ 73.0116428, 19.0467273 ], [ 73.0115827, 19.0467305 ], [ 73.0115803, 19.0466909 ], [ 73.0113924, 19.0467009 ], [ 73.011395, 19.0467444 ], [ 73.0113231, 19.0467482 ], [ 73.0113205, 19.0467048 ], [ 73.0111462, 19.0467141 ], [ 73.0111486, 19.0467542 ], [ 73.0110788, 19.0467579 ], [ 73.0110764, 19.0467178 ], [ 73.0109934, 19.0467222 ], [ 73.0109988, 19.0468134 ], [ 73.0110185, 19.0468123 ], [ 73.0110236, 19.0468985 ], [ 73.011004, 19.0468996 ], [ 73.0110087, 19.0469796 ] ], [ [ 73.0112293, 19.0468852 ], [ 73.0112756, 19.0468833 ], [ 73.0112718, 19.0468024 ], [ 73.0112255, 19.0468044 ], [ 73.0112293, 19.0468852 ] ], [ [ 73.0114812, 19.0468717 ], [ 73.0115179, 19.0468711 ], [ 73.0115163, 19.0467891 ], [ 73.0114796, 19.0467897 ], [ 73.0114812, 19.0468717 ] ] ] ] } },
{ "type": "Feature", "properties": { "osm_id": "5283730", "name": "Don Bosco School - Nerul", "building": "school", "height_m": 17.5 }, "geometry": { "type": "MultiPolygon", "coordinates": [ [ [ [ 73.0155768, 19.0176747 ], [ 73.0156031, 19.0176747 ], [ 73.0156031, 19.0175715 ], [ 73.0156046, 19.0175702 ], [ 73.0156046, 19.0174164 ], [ 73.0156342, 19.0173883 ], [ 73.0155834, 19.0173406 ], [ 73.0155097, 19.0174183 ], [ 73.0153597, 19.0174139 ], [ 73.0154147, 19.017365 ], [ 73.0152783, 19.0172278 ], [ 73.0151936, 19.0173031 ], [ 73.0153038, 19.0174139 ], [ 73.0152644, 19.0174139 ], [ 73.0152644, 19.0174218 ], [ 73.0151792, 19.0174248 ], [ 73.0151839, 19.0175432 ], [ 73.0149219, 19.0177774 ], [ 73.0152144, 19.0180699 ], [ 73.0153721, 19.017929 ], [ 73.0153567, 19.0179136 ], [ 73.015485, 19.0177989 ], [ 73.0156019, 19.0177045 ], [ 73.0155768, 19.0176747 ] ], [ [ 73.0152437, 19.0178775 ], [ 73.015491, 19.0176421 ], [ 73.0154924, 19.0175781 ], [ 73.0153137, 19.0175685 ], [ 73.0151145, 19.0177562 ], [ 73.0152437, 19.0178775 ] ] ] ] } },
{ "type": "Feature", "properties": { "osm_id": "5284047", "name": null, "building": "yes", "height_m": 17.6 }, "geometry": { "type": "MultiPolygon", "coordinates": [ [ [ [ 73.0385007, 19.0153368 ], [ 73.0387933, 19.0150694 ], [ 73.0387299, 19.0149971 ], [ 73.0386605, 19.0150516 ], [ 73.0386045, 19.0149879 ], [ 73.0386731, 19.0149354 ], [ 73.0383396, 19.0146466 ], [ 73.0382519, 19.0147229 ], [ 73.0383245, 19.0147998 ], [ 73.0383504, 19.0147952 ], [ 73.0384152, 19.0148698 ], [ 73.0383488, 19.0149211 ], [ 73.0382833, 19.0148456 ], [ 73.0382635, 19.014861 ], [ 73.0381944, 19.0147812 ], [ 73.0380896, 19.0148624 ], [ 73.0382023, 19.0149682 ], [ 73.0382266, 19.0149652 ], [ 73.0383135, 19.0150654 ], [ 73.0384003, 19.0151656 ], [ 73.0383716, 19.0151878 ], [ 73.0384346, 19.0152605 ], [ 73.038469, 19.0152337 ], [ 73.0384922, 19.0152603 ], [ 73.0384576, 19.0152871 ], [ 73.0385007, 19.0153368 ] ], [ [ 73.0382834, 19.0149821 ], [ 73.0383098, 19.0150116 ], [ 73.0383439, 19.0149844 ], [ 73.0383175, 19.0149549 ], [ 73.0382834, 19.0149821 ] ], [ [ 73.0382373, 19.0149617 ], [ 73.0382714, 19.014933 ], [ 73.0382109, 19.0148685 ], [ 73.0381767, 19.0148972 ], [ 73.0382373, 19.0149617 ] ], [ [ 73.0384795, 19.0149705 ], [ 73.0385121, 19.0149435 ], [ 73.0384798, 19.0149088 ], [ 73.0384473, 19.0149358 ], [ 73.0384795, 19.0149705 ] ], [ [ 73.0385944, 19.0149626 ], [ 73.0386235, 19.014941 ], [ 73.0386025, 19.0149156 ], [ 73.0385733, 19.0149372 ], [ 73.0385944, 19.0149626 ] ], [ [ 73.0384655, 19.0148221 ], [ 73.0384866, 19.0148481 ], [ 73.0385158, 19.0148269 ], [ 73.0384947, 19.0148009 ], [ 73.0384655, 19.0148221 ] ], [ [ 73.0383541, 19.0147444 ], [ 73.0383763, 19.0147704 ], [ 73.0384082, 19.0147459 ], [ 73.038386, 19.01472 ], [ 73.0383541, 19.0147444 ] ], [ [ 73.0386052, 19.0152075 ], [ 73.038641, 19.0151807 ], [ 73.0385084, 19.0150223 ], [ 73.0384727, 19.0150491 ], [ 73.0385573, 19.0151502 ], [ 73.0385174, 19.01518 ], [ 73.0385387, 19.0152054 ], [ 73.0385785, 19.0151756 ], [ 73.0386052, 19.0152075 ] ], [ [ 73.0384434, 19.0152046 ], [ 73.0384646, 19.0152272 ], [ 73.0384952, 19.0152015 ], [ 73.038474, 19.0151789 ], [ 73.0384434, 19.0152046 ] ], [ [ 73.0383919, 19.0150901 ], [ 73.0384196, 19.0151197 ], [ 73.0384495, 19.0150946 ], [ 73.0384219, 19.015065 ], [ 73.0383919, 19.0150901 ] ] ] ] } },
{ "type": "Feature", "properties": { "osm_id": "5284048", "name": null, "building": "yes", "height_m": 10.9 }, "geometry": { "type": "MultiPolygon", "coordinates": [ [ [ [ 73.0396863, 19.0164582 ], [ 73.0399292, 19.0162451 ], [ 73.0395785, 19.0158879 ], [ 73.0393357, 19.016101 ], [ 73.0396863, 19.0164582 ] ], [ [ 73.0397184, 19.0163073 ], [ 73.0397788, 19.0162572 ], [ 73.0395789, 19.0160418 ], [ 73.0395185, 19.016092 ], [ 73.0397184, 19.0163073 ] ] ] ] } },
{ "type": "Feature", "properties": { "osm_id": "5284049", "name": "NBC Complex", "building": "commercial", "height_m": 13.8 }, "geometry": { "type": "MultiPolygon", "coordinates": [ [ [ [ 73.0394825, 19.0168869 ], [ 73.0397013, 19.0167026 ], [ 73.0392736, 19.0162485 ], [ 73.0392042, 19.0163068 ], [ 73.0391664, 19.0162666 ], [ 73.0390584, 19.0163575 ], [ 73.0390931, 19.0163944 ], [ 73.038985, 19.0164854 ], [ 73.0393604, 19.0168839 ], [ 73.0394269, 19.0168279 ], [ 73.0394825, 19.0168869 ] ], [ [ 73.0393137, 19.0164848 ], [ 73.0392218, 19.0163952 ], [ 73.0391502, 19.0164608 ], [ 73.0392026, 19.0165119 ], [ 73.039224, 19.0164923 ], [ 73.0392635, 19.0165309 ], [ 73.0393137, 19.0164848 ] ], [ [ 73.0394642, 19.0168138 ], [ 73.0395594, 19.0167334 ], [ 73.0394481, 19.0166156 ], [ 73.0393761, 19.0166763 ], [ 73.039411, 19.0167133 ], [ 73.0393878, 19.0167329 ], [ 73.0394642, 19.0168138 ] ] ] ] } },
{ "type": "Feature", "properties": { "osm_id": "5284050", "name": null, "building": "yes", "height_m": 21.8 }, "geometry": { "type": "MultiPolygon", "coordinates": [ [ [ [ 73.038141, 19.0170662 ], [ 73.0381545, 19.0170563 ], [ 73.0381365, 19.0170341 ], [ 73.038123, 19.017044 ], [ 73.038141, 19.0170662 ] ] ], [ [ [ 73.038178, 19.0171062 ], [ 73.0381911, 19.0170967 ], [ 73.0381726, 19.0170739 ], [ 73.0381595, 19.0170834 ], [ 73.038178, 19.0171062 ] ] ], [ [ [ 73.0382166, 19.0171487 ], [ 73.0382302, 19.0171377 ], [ 73.0382158, 19.0171218 ], [ 73.0382022, 19.0171328 ], [ 73.0382166, 19.0171487 ] ] ] ] } },
{ "type": "Feature", "properties": { "osm_id": "5284051", "name": null, "building": "yes", "height_m": 20.6 }, "geometry": { "type": "MultiPolygon", "coordinates": [ [ [ [ 73.0384367, 19.0175012 ], [ 73.0385157, 19.0174343 ], [ 73.0384918, 19.017409 ], [ 73.0385295, 19.0173771 ], [ 73.0385576, 19.0174068 ], [ 73.0385973, 19.0173732 ], [ 73.0385594, 19.0173332 ], [ 73.0386, 19.0172988 ], [ 73.0386367, 19.0173375 ], [ 73.0386737, 19.0173062 ], [ 73.0386287, 19.0172587 ], [ 73.0386905, 19.0172064 ], [ 73.0387314, 19.0172495 ], [ 73.0387745, 19.017213 ], [ 73.0387423, 19.0171791 ], [ 73.0387867, 19.0171414 ], [ 73.0388225, 19.0171792 ], [ 73.0388573, 19.0171497 ], [ 73.0388287, 19.0171196 ], [ 73.0388664, 19.0170877 ], [ 73.0388974, 19.0171205 ], [ 73.0389872, 19.0170445 ], [ 73.0385596, 19.0165933 ], [ 73.0384393, 19.0166952 ], [ 73.0386171, 19.0168828 ], [ 73.0385862, 19.016909 ], [ 73.0386453, 19.0169714 ], [ 73.0386962, 19.0169283 ], [ 73.0387265, 19.0169603 ], [ 73.0387084, 19.0169756 ], [ 73.0387552, 19.0170133 ], [ 73.0387556, 19.017058 ], [ 73.0387299, 19.0170704 ], [ 73.0387079, 19.017063 ], [ 73.0385325, 19.0172013 ], [ 73.0385517, 19.0172216 ], [ 73.0385914, 19.017263 ], [ 73.0385337, 19.017313 ], [ 73.0384924, 19.017263 ], [ 73.0384667, 19.0172839 ], [ 73.0381428, 19.0169463 ], [ 73.0380141, 19.0170552 ], [ 73.0381486, 19.0171971 ], [ 73.0381711, 19.0171723 ], [ 73.0381951, 19.0172 ], [ 73.0381649, 19.0172144 ], [ 73.0382, 19.0172514 ], [ 73.0382866, 19.017178 ], [ 73.0383169, 19.01721 ], [ 73.0383646, 19.0172599 ], [ 73.0383422, 19.0173076 ], [ 73.0383245, 19.0173192 ], [ 73.0382783, 19.0172568 ], [ 73.0382303, 19.0172833 ], [ 73.0382744, 19.0173299 ], [ 73.0382969, 19.0173108 ], [ 73.0383187, 19.0173339 ], [ 73.0382962, 19.0173529 ], [ 73.0384367, 19.0175012 ] ], [ [ 73.038141, 19.0170662 ], [ 73.0381545, 19.0170563 ], [ 73.0381365, 19.0170341 ], [ 73.038123, 19.017044 ], [ 73.038141, 19.0170662 ] ], [ [ 73.038178, 19.0171062 ], [ 73.0381911, 19.0170967 ], [ 73.0381726, 19.0170739 ], [ 73.0381595, 19.0170834 ], [ 73.038178, 19.0171062 ] ], [ [ 73.0382166, 19.0171487 ], [ 73.0382302, 19.0171377 ], [ 73.0382158, 19.0171218 ], [ 73.0382022, 19.0171328 ], [ 73.0382166, 19.0171487 ] ] ] ] } },
{ "type": "Feature", "properties": { "osm_id": "5284054", "name": null, "building": "yes", "height_m": 8.8 }, "geometry": { "type": "MultiPolygon", "coordinates": [ [ [ [ 73.0219986, 19.0353536 ], [ 73.022155, 19.0355004 ], [ 73.0222063, 19.0354515 ], [ 73.0222982, 19.0355377 ], [ 73.0224055, 19.0354355 ], [ 73.0223556, 19.0353887 ], [ 73.0224395, 19.0353088 ], [ 73.0222817, 19.0351607 ], [ 73.0222515, 19.0351895 ], [ 73.0221552, 19.0350991 ], [ 73.0220144, 19.0352332 ], [ 73.0220701, 19.0352854 ], [ 73.0219986, 19.0353536 ] ], [ [ 73.0220991, 19.0353064 ], [ 73.0222397, 19.0354383 ], [ 73.0223096, 19.0353716 ], [ 73.0221691, 19.0352398 ], [ 73.0220991, 19.0353064 ] ] ] ] } },
{ "type": "Feature", "properties": { "osm_id": "5284059", "name": null, "building": "yes", "height_m": 11.8 }, "geometry": { "type": "MultiPolygon", "coordinates": [ [ [ [ 73.0211634, 19.0344371 ], [ 73.0212759, 19.0345427 ], [ 73.0214578, 19.0343694 ], [ 73.0213453, 19.0342638 ], [ 73.0211634, 19.0344371 ] ], [ [ 73.0212454, 19.0344354 ], [ 73.0212902, 19.0344774 ], [ 73.0213323, 19.0344373 ], [ 73.0212875, 19.0343952 ], [ 73.0212454, 19.0344354 ] ] ] ] } },
{ "type": "Feature", "properties": { "osm_id": "5284064", "name": null, "building": "yes", "height_m": 11.3 }, "geometry": { "type": "MultiPolygon", "coordinates": [ [ [ [ 73.0238688, 19.0337349 ], [ 73.0239092, 19.0336997 ], [ 73.0239006, 19.0336908 ], [ 73.02394, 19.0336564 ], [ 73.02395, 19.0336667 ], [ 73.0240007, 19.0336225 ], [ 73.0238963, 19.0335154 ], [ 73.0238516, 19.0335543 ], [ 73.0238632, 19.0335662 ], [ 73.0238161, 19.0336072 ], [ 73.0238043, 19.0335951 ], [ 73.0237654, 19.0336289 ], [ 73.0238688, 19.0337349 ] ], [ [ 73.0238807, 19.0336621 ], [ 73.0238971, 19.0336477 ], [ 73.0238509, 19.0336004 ], [ 73.0238345, 19.0336147 ], [ 73.0238807, 19.0336621 ] ] ] ] } },
{ "type": "Feature", "properties": { "osm_id": "5284065", "name": null, "building": "yes", "height_m": 11.0 }, "geometry": { "type": "MultiPolygon", "coordinates": [ [ [ [ 73.0208607, 19.0356272 ], [ 73.0210191, 19.0356173 ], [ 73.0210135, 19.0355379 ], [ 73.0211591, 19.0355288 ], [ 73.0211639, 19.0355975 ], [ 73.0212948, 19.0355893 ], [ 73.0212858, 19.0354598 ], [ 73.0212549, 19.0354617 ], [ 73.021228, 19.035076 ], [ 73.0211638, 19.03508 ], [ 73.0211612, 19.0350425 ], [ 73.0210214, 19.0350512 ], [ 73.0210167, 19.0349838 ], [ 73.0208166, 19.0349963 ], [ 73.020827, 19.0351441 ], [ 73.0209118, 19.0351388 ], [ 73.0209253, 19.0353321 ], [ 73.0209359, 19.0354837 ], [ 73.0208511, 19.035489 ], [ 73.0208607, 19.0356272 ] ], [ [ 73.0210133, 19.0353125 ], [ 73.0211298, 19.0353052 ], [ 73.0211193, 19.0351558 ], [ 73.0210028, 19.035163 ], [ 73.0210133, 19.0353125 ] ], [ [ 73.0210146, 19.0354359 ], [ 73.021142, 19.0354279 ], [ 73.021137, 19.0353562 ], [ 73.0210096, 19.0353642 ], [ 73.0210146, 19.0354359 ] ] ] ] } },
{ "type": "Feature", "properties": { "osm_id": "5284339", "name": null, "building": "yes", "height_m": 16.5 }, "geometry": { "type": "MultiPolygon", "coordinates": [ [ [ [ 73.0404048, 19.0148678 ], [ 73.0404528, 19.0148291 ], [ 73.0403791, 19.0147473 ], [ 73.0403587, 19.0147637 ], [ 73.0403295, 19.0147312 ], [ 73.0403499, 19.0147148 ], [ 73.0403318, 19.0146947 ], [ 73.0403686, 19.0146652 ], [ 73.0403899, 19.0146889 ], [ 73.0403718, 19.0147035 ], [ 73.0404047, 19.0147401 ], [ 73.0404601, 19.0146956 ], [ 73.0405217, 19.0147641 ], [ 73.0405651, 19.0147292 ], [ 73.0405254, 19.0146851 ], [ 73.0405662, 19.0146523 ], [ 73.0404313, 19.0145022 ], [ 73.0403956, 19.0145309 ], [ 73.040362, 19.0144937 ], [ 73.0401873, 19.0146343 ], [ 73.0402405, 19.0146933 ], [ 73.040202, 19.0147243 ], [ 73.0403269, 19.014863 ], [ 73.0403695, 19.0148287 ], [ 73.0404048, 19.0148678 ] ], [ [ 73.0402805, 19.0147216 ], [ 73.0403161, 19.0146939 ], [ 73.0402753, 19.014647 ], [ 73.0402397, 19.0146747 ], [ 73.0402805, 19.0147216 ] ] ] ] } },
{ "type": "Feature", "properties": { "osm_id": "5284340", "name": null, "building": "yes", "height_m": 7.4 }, "geometry": { "type": "MultiPolygon", "coordinates": [ [ [ [ 73.0381247, 19.0131979 ], [ 73.0382435, 19.0130991 ], [ 73.0381179, 19.0129642 ], [ 73.0380963, 19.0129821 ], [ 73.0381071, 19.0129936 ], [ 73.038084, 19.0130128 ], [ 73.0380947, 19.0130243 ], [ 73.0380741, 19.0130414 ], [ 73.0380809, 19.0130486 ], [ 73.0380666, 19.0130605 ], [ 73.0380773, 19.0130721 ], [ 73.0380579, 19.0130882 ], [ 73.0380663, 19.0130972 ], [ 73.0380464, 19.0131137 ], [ 73.0381247, 19.0131979 ] ], [ [ 73.0381319, 19.0131517 ], [ 73.0381813, 19.013113 ], [ 73.0381574, 19.0130856 ], [ 73.0381079, 19.0131244 ], [ 73.0381319, 19.0131517 ] ] ] ] } },
{ "type": "Feature", "properties": { "osm_id": "5284341", "name": null, "building": "yes", "height_m": 11.1 }, "geometry": { "type": "MultiPolygon", "coordinates": [ [ [ [ 73.0413055, 19.0152071 ], [ 73.0414225, 19.0151064 ], [ 73.0411394, 19.0148127 ], [ 73.0411068, 19.0148407 ], [ 73.0410628, 19.0147951 ], [ 73.0410888, 19.0147727 ], [ 73.0410362, 19.0147181 ], [ 73.0409259, 19.0148131 ], [ 73.0413055, 19.0152071 ] ], [ [ 73.0412208, 19.0150604 ], [ 73.0412644, 19.0150202 ], [ 73.0411237, 19.0148834 ], [ 73.0410812, 19.0149224 ], [ 73.0411284, 19.0149683 ], [ 73.0411333, 19.0149637 ], [ 73.0411933, 19.015022 ], [ 73.0411872, 19.0150277 ], [ 73.0412208, 19.0150604 ] ] ] ] } },
{ "type": "Feature", "properties": { "osm_id": "5284342", "name": null, "building": "yes", "height_m": 14.7 }, "geometry": { "type": "MultiPolygon", "coordinates": [ [ [ [ 73.0390272, 19.013577 ], [ 73.0390933, 19.0135242 ], [ 73.0390847, 19.0135145 ], [ 73.0391307, 19.0134777 ], [ 73.0390224, 19.0133568 ], [ 73.0389104, 19.0134466 ], [ 73.0390272, 19.013577 ] ], [ [ 73.039021, 19.013535 ], [ 73.0390528, 19.0135109 ], [ 73.039012, 19.0134627 ], [ 73.0389802, 19.0134868 ], [ 73.039021, 19.013535 ] ] ] ] } },
{ "type": "Feature", "properties": { "osm_id": "5284343", "name": null, "building": "yes", "height_m": 25.6 }, "geometry": { "type": "MultiPolygon", "coordinates": [ [ [ [ 73.0406234, 19.0145029 ], [ 73.0408408, 19.0142973 ], [ 73.0406114, 19.0140954 ], [ 73.0406078, 19.0142088 ], [ 73.0405838, 19.0142499 ], [ 73.0405425, 19.0142714 ], [ 73.0405021, 19.0142778 ], [ 73.0404032, 19.0142947 ], [ 73.0406234, 19.0145029 ] ], [ [ 73.0406807, 19.0143677 ], [ 73.0407094, 19.0143432 ], [ 73.0406421, 19.0142727 ], [ 73.0406134, 19.0142972 ], [ 73.0406807, 19.0143677 ] ] ] ] } },
{ "type": "Feature", "properties": { "osm_id": "5284344", "name": null, "building": "yes", "height_m": 10.6 }, "geometry": { "type": "MultiPolygon", "coordinates": [ [ [ [ 73.0394813, 19.0131992 ], [ 73.0395656, 19.0131382 ], [ 73.0394501, 19.0129955 ], [ 73.0393658, 19.0130565 ], [ 73.0394813, 19.0131992 ] ], [ [ 73.0394504, 19.0130959 ], [ 73.0394675, 19.0130824 ], [ 73.0394257, 19.0130352 ], [ 73.0394086, 19.0130487 ], [ 73.0394504, 19.0130959 ] ], [ [ 73.0395134, 19.0131686 ], [ 73.039536, 19.0131528 ], [ 73.0395063, 19.0131146 ], [ 73.0394836, 19.0131305 ], [ 73.0395134, 19.0131686 ] ] ] ] } },
{ "type": "Feature", "properties": { "osm_id": "5284371", "name": null, "building": "yes", "height_m": 8.6 }, "geometry": { "type": "MultiPolygon", "coordinates": [ [ [ [ 73.0204108, 19.0271157 ], [ 73.0205214, 19.0271955 ], [ 73.0205896, 19.027111 ], [ 73.020479, 19.0270312 ], [ 73.0204108, 19.0271157 ] ], [ [ 73.0204973, 19.0271479 ], [ 73.0205232, 19.0271184 ], [ 73.0204932, 19.027095 ], [ 73.0204674, 19.0271246 ], [ 73.0204973, 19.0271479 ] ] ] ] } },
{ "type": "Feature", "properties": { "osm_id": "5284374", "name": null, "building": "yes", "height_m": 46.2 }, "geometry": { "type": "MultiPolygon", "coordinates": [ [ [ [ 73.0314095, 19.0464058 ], [ 73.0317493, 19.0459946 ], [ 73.0315838, 19.0458724 ], [ 73.0312439, 19.0462836 ], [ 73.0314095, 19.0464058 ] ], [ [ 73.0313802, 19.0462306 ], [ 73.0314263, 19.0462624 ], [ 73.0314476, 19.0462347 ], [ 73.0314015, 19.0462029 ], [ 73.0313802, 19.0462306 ] ], [ [ 73.0316406, 19.0460134 ], [ 73.0316646, 19.0459864 ], [ 73.0316117, 19.0459446 ], [ 73.0315878, 19.0459716 ], [ 73.0316406, 19.0460134 ] ] ] ] } },
{ "type": "Feature", "properties": { "osm_id": "5284427", "name": null, "building": "yes", "height_m": 7.0 }, "geometry": { "type": "MultiPolygon", "coordinates": [ [ [ [ 73.038672, 19.013752 ], [ 73.0387318, 19.0138121 ], [ 73.0388037, 19.0137481 ], [ 73.038814, 19.0137584 ], [ 73.0389096, 19.0136734 ], [ 73.0388987, 19.0136624 ], [ 73.0389329, 19.013632 ], [ 73.0388737, 19.0135726 ], [ 73.038672, 19.013752 ] ], [ [ 73.0387669, 19.0137641 ], [ 73.0387942, 19.0137411 ], [ 73.0387515, 19.013696 ], [ 73.0387243, 19.013719 ], [ 73.0387669, 19.0137641 ] ] ] ] } },
{ "type": "Feature", "properties": { "osm_id": "5284428", "name": null, "building": "yes", "height_m": 8.8 }, "geometry": { "type": "MultiPolygon", "coordinates": [ [ [ [ 73.0385751, 19.0136424 ], [ 73.0386423, 19.0137139 ], [ 73.0388422, 19.0135458 ], [ 73.038775, 19.0134744 ], [ 73.0385751, 19.0136424 ] ], [ [ 73.0386117, 19.0136308 ], [ 73.0385944, 19.013646 ], [ 73.038646, 19.0136981 ], [ 73.0386632, 19.0136829 ], [ 73.0386117, 19.0136308 ] ], [ [ 73.0387054, 19.0136526 ], [ 73.0387355, 19.0136223 ], [ 73.038709, 19.013601 ], [ 73.0386881, 19.0136372 ], [ 73.0387054, 19.0136526 ] ] ] ] } },
{ "type": "Feature", "properties": { "osm_id": "5284528", "name": null, "building": "yes", "height_m": 13.8 }, "geometry": { "type": "MultiPolygon", "coordinates": [ [ [ [ 73.0322848, 19.0098804 ], [ 73.0329249, 19.0100912 ], [ 73.0329532, 19.0100143 ], [ 73.0330525, 19.0097448 ], [ 73.0324125, 19.009534 ], [ 73.0322848, 19.0098804 ] ], [ [ 73.0324166, 19.0097871 ], [ 73.0327307, 19.0098877 ], [ 73.0327714, 19.009774 ], [ 73.0324574, 19.0096734 ], [ 73.0324166, 19.0097871 ] ] ] ] } },
{ "type": "Feature", "properties": { "osm_id": "5284529", "name": null, "building": "yes", "height_m": 13.8 }, "geometry": { "type": "MultiPolygon", "coordinates": [ [ [ [ 73.0316367, 19.0093454 ], [ 73.0315808, 19.0095051 ], [ 73.0316922, 19.0095399 ], [ 73.0316658, 19.0096153 ], [ 73.0321013, 19.0097517 ], [ 73.0321837, 19.0095165 ], [ 73.0316367, 19.0093454 ] ], [ [ 73.0318247, 19.009539 ], [ 73.0319949, 19.0095922 ], [ 73.0320194, 19.0095222 ], [ 73.0318492, 19.009469 ], [ 73.0318247, 19.009539 ] ] ] ] } },
{ "type": "Feature", "properties": { "osm_id": "5284541", "name": null, "building": "yes", "height_m": 5.5 }, "geometry": { "type": "MultiPolygon", "coordinates": [ [ [ [ 73.0150788, 19.0454777 ], [ 73.0153144, 19.0452506 ], [ 73.0153167, 19.0451514 ], [ 73.0152256, 19.0450884 ], [ 73.0152473, 19.0450666 ], [ 73.0150639, 19.0448767 ], [ 73.0149623, 19.0450015 ], [ 73.015014, 19.0451288 ], [ 73.0149775, 19.045127 ], [ 73.0149775, 19.0453014 ], [ 73.0150467, 19.0453069 ], [ 73.0149537, 19.0453942 ], [ 73.015011, 19.0454417 ], [ 73.0150243, 19.0454313 ], [ 73.0150788, 19.0454777 ] ], [ [ 73.015136, 19.045347 ], [ 73.0151966, 19.0452905 ], [ 73.0151667, 19.0452738 ], [ 73.0151585, 19.0451781 ], [ 73.0151966, 19.0451774 ], [ 73.0151352, 19.0451298 ], [ 73.0150913, 19.0451736 ], [ 73.0150993, 19.0453144 ], [ 73.015136, 19.045347 ] ] ] ] } },
{ "type": "Feature", "properties": { "osm_id": "5284542", "name": null, "building": "yes", "height_m": 8.5 }, "geometry": { "type": "MultiPolygon", "coordinates": [ [ [ [ 73.0165946, 19.0422587 ], [ 73.0166446, 19.042207 ], [ 73.016687, 19.0422438 ], [ 73.0168301, 19.042096 ], [ 73.0168075, 19.0420765 ], [ 73.0168287, 19.0420547 ], [ 73.016736, 19.0419745 ], [ 73.0167201, 19.041991 ], [ 73.016586, 19.041875 ], [ 73.016604, 19.0418565 ], [ 73.0165142, 19.0417788 ], [ 73.0164469, 19.0418483 ], [ 73.0164154, 19.041821 ], [ 73.0163083, 19.0419316 ], [ 73.016341, 19.0419599 ], [ 73.0162991, 19.0420031 ], [ 73.0165946, 19.0422587 ] ], [ [ 73.0165631, 19.0421036 ], [ 73.016621, 19.0421546 ], [ 73.0166923, 19.0420824 ], [ 73.0166344, 19.0420314 ], [ 73.0165631, 19.0421036 ] ], [ [ 73.016419, 19.0419719 ], [ 73.016527, 19.0420671 ], [ 73.016593, 19.0420001 ], [ 73.0164851, 19.0419049 ], [ 73.016419, 19.0419719 ] ] ] ] } },
{ "type": "Feature", "properties": { "osm_id": "5284543", "name": "SIES College, nerul", "building": "college", "height_m": 14.3 }, "geometry": { "type": "MultiPolygon", "coordinates": [ [ [ [ 73.0233712, 19.0426746 ], [ 73.0232881, 19.0427622 ], [ 73.0233021, 19.0427741 ], [ 73.023331, 19.0427436 ], [ 73.0234598, 19.0428528 ], [ 73.0234329, 19.0428811 ], [ 73.023469, 19.0429117 ], [ 73.0232265, 19.0431672 ], [ 73.0231318, 19.0430869 ], [ 73.0231799, 19.0430362 ], [ 73.0230802, 19.0429517 ], [ 73.022987, 19.0430498 ], [ 73.0226563, 19.0427694 ], [ 73.0226905, 19.0427334 ], [ 73.0228518, 19.0425635 ], [ 73.022784, 19.042506 ], [ 73.0228527, 19.0424336 ], [ 73.0228114, 19.0423986 ], [ 73.022828, 19.042381 ], [ 73.0229281, 19.0422756 ], [ 73.0228169, 19.0421814 ], [ 73.0227512, 19.0421257 ], [ 73.0228706, 19.0419998 ], [ 73.0240046, 19.0429609 ], [ 73.0237045, 19.0432773 ], [ 73.0234242, 19.0430397 ], [ 73.0235926, 19.0428622 ], [ 73.0233712, 19.0426746 ] ], [ [ 73.0236994, 19.0430993 ], [ 73.0238138, 19.0429787 ], [ 73.0237225, 19.0429013 ], [ 73.0236081, 19.0430218 ], [ 73.0236994, 19.0430993 ] ], [ [ 73.0231978, 19.0424828 ], [ 73.0232977, 19.0425707 ], [ 73.02317, 19.0427003 ], [ 73.0230701, 19.0426124 ], [ 73.0231978, 19.0424828 ] ], [ [ 73.0229494, 19.0427956 ], [ 73.0230443, 19.0428766 ], [ 73.0230906, 19.0428282 ], [ 73.0229957, 19.0427472 ], [ 73.0229494, 19.0427956 ] ], [ [ 73.0228785, 19.0429043 ], [ 73.0229532, 19.0429683 ], [ 73.0230137, 19.0429053 ], [ 73.022939, 19.0428413 ], [ 73.0228785, 19.0429043 ] ], [ [ 73.0231286, 19.0429393 ], [ 73.0231943, 19.0429956 ], [ 73.0232621, 19.0429249 ], [ 73.0231964, 19.0428686 ], [ 73.0231286, 19.0429393 ] ], [ [ 73.0229467, 19.0424765 ], [ 73.0230263, 19.0425477 ], [ 73.0231367, 19.0424374 ], [ 73.0230571, 19.0423662 ], [ 73.0229467, 19.0424765 ] ] ] ] } },
{ "type": "Feature", "properties": { "osm_id": "5284604", "name": null, "building": "yes", "height_m": 10.1 }, "geometry": { "type": "MultiPolygon", "coordinates": [ [ [ [ 73.0158156, 19.036339 ], [ 73.0158031, 19.0362063 ], [ 73.0157042, 19.0362146 ], [ 73.0157167, 19.0363473 ], [ 73.0158156, 19.036339 ] ], [ [ 73.0157323, 19.0363257 ], [ 73.0157669, 19.0363238 ], [ 73.0157639, 19.036272 ], [ 73.0157293, 19.0362738 ], [ 73.0157323, 19.0363257 ] ] ] ] } },
{ "type": "Feature", "properties": { "osm_id": "5284605", "name": null, "building": "yes", "height_m": 8.0 }, "geometry": { "type": "MultiPolygon", "coordinates": [ [ [ [ 73.0128257, 19.0456184 ], [ 73.0128543, 19.0456158 ], [ 73.0128563, 19.0456345 ], [ 73.0129752, 19.0456236 ], [ 73.0129786, 19.0456562 ], [ 73.0130229, 19.0456521 ], [ 73.0130181, 19.0456056 ], [ 73.0130661, 19.0456011 ], [ 73.0130683, 19.0456225 ], [ 73.013095, 19.0456201 ], [ 73.0130976, 19.0456453 ], [ 73.0131347, 19.0456419 ], [ 73.0131239, 19.0455362 ], [ 73.0131042, 19.045538 ], [ 73.0130904, 19.0454037 ], [ 73.0129821, 19.0454136 ], [ 73.0129879, 19.0454703 ], [ 73.0129606, 19.0454728 ], [ 73.0129548, 19.0454161 ], [ 73.0127964, 19.0454306 ], [ 73.0128021, 19.0454863 ], [ 73.0127941, 19.0454871 ], [ 73.012799, 19.0455353 ], [ 73.0127688, 19.0455381 ], [ 73.0127754, 19.0456021 ], [ 73.0128236, 19.0455977 ], [ 73.0128257, 19.0456184 ] ], [ [ 73.0128807, 19.0455365 ], [ 73.0129417, 19.0455309 ], [ 73.0129385, 19.0454992 ], [ 73.0128774, 19.0455048 ], [ 73.0128807, 19.0455365 ] ] ] ] } },
{ "type": "Feature", "properties": { "osm_id": "5284606", "name": null, "building": "yes", "height_m": 10.4 }, "geometry": { "type": "MultiPolygon", "coordinates": [ [ [ [ 73.014071, 19.0385134 ], [ 73.0141641, 19.0385109 ], [ 73.0141652, 19.038546 ], [ 73.0143079, 19.0385422 ], [ 73.0143068, 19.0385047 ], [ 73.0143945, 19.0385024 ], [ 73.0143829, 19.0381111 ], [ 73.0140593, 19.0381196 ], [ 73.014071, 19.0385134 ] ], [ [ 73.014164, 19.0384615 ], [ 73.0142857, 19.0384582 ], [ 73.0142809, 19.0382957 ], [ 73.0141591, 19.0382989 ], [ 73.014164, 19.0384615 ] ], [ [ 73.0141626, 19.0382636 ], [ 73.0142808, 19.0382604 ], [ 73.0142781, 19.0381723 ], [ 73.01416, 19.0381755 ], [ 73.0141626, 19.0382636 ] ] ] ] } },
{ "type": "Feature", "properties": { "osm_id": "5284607", "name": null, "building": "yes", "height_m": 12.2 }, "geometry": { "type": "MultiPolygon", "coordinates": [ [ [ [ 73.0138084, 19.0394047 ], [ 73.0143333, 19.0393895 ], [ 73.0143254, 19.0391444 ], [ 73.0141617, 19.0391492 ], [ 73.0141513, 19.0388277 ], [ 73.0142897, 19.0388237 ], [ 73.0142829, 19.0386118 ], [ 73.0137833, 19.0386262 ], [ 73.013791, 19.0388656 ], [ 73.0139397, 19.0388613 ], [ 73.0139503, 19.0391901 ], [ 73.0138017, 19.0391944 ], [ 73.0138084, 19.0394047 ] ], [ [ 73.01405, 19.0388539 ], [ 73.0140959, 19.0388545 ], [ 73.0140971, 19.0387748 ], [ 73.0140513, 19.0387742 ], [ 73.01405, 19.0388539 ] ], [ [ 73.0139731, 19.0388566 ], [ 73.0140151, 19.0388572 ], [ 73.0140164, 19.0387766 ], [ 73.0139744, 19.038776 ], [ 73.0139731, 19.0388566 ] ], [ [ 73.013987, 19.0392827 ], [ 73.0140219, 19.0392832 ], [ 73.014023, 19.0392114 ], [ 73.0139881, 19.0392109 ], [ 73.013987, 19.0392827 ] ], [ [ 73.0140618, 19.0392795 ], [ 73.0140973, 19.03928 ], [ 73.0140985, 19.0392101 ], [ 73.0140629, 19.0392096 ], [ 73.0140618, 19.0392795 ] ] ] ] } },
{ "type": "Feature", "properties": { "osm_id": "5288373", "name": null, "building": "yes", "height_m": 15.7 }, "geometry": { "type": "MultiPolygon", "coordinates": [ [ [ [ 72.9894451, 19.0748549 ], [ 72.9895996, 19.0748413 ], [ 72.9895967, 19.0748108 ], [ 72.9900172, 19.074774 ], [ 72.9900251, 19.0748548 ], [ 72.9901788, 19.0748413 ], [ 72.99014, 19.0744458 ], [ 72.9902253, 19.0744384 ], [ 72.9901936, 19.0741151 ], [ 72.9900628, 19.0741265 ], [ 72.9900898, 19.0744013 ], [ 72.9895526, 19.0744483 ], [ 72.9895256, 19.0741736 ], [ 72.9893796, 19.0741864 ], [ 72.9894451, 19.0748549 ] ], [ [ 72.98955, 19.0747333 ], [ 72.9900208, 19.0746921 ], [ 72.9900044, 19.0745261 ], [ 72.9895337, 19.0745673 ], [ 72.98955, 19.0747333 ] ] ] ] } },
{ "type": "Feature", "properties": { "osm_id": "5288374", "name": null, "building": "yes", "height_m": 10.8 }, "geometry": { "type": "MultiPolygon", "coordinates": [ [ [ [ 73.0093072, 19.0787635 ], [ 73.0096536, 19.0787391 ], [ 73.0096308, 19.0784506 ], [ 73.0096055, 19.0784524 ], [ 73.0095999, 19.0783807 ], [ 73.0096252, 19.0783789 ], [ 73.0096133, 19.0782288 ], [ 73.0093832, 19.078245 ], [ 73.0093805, 19.0782113 ], [ 73.009294, 19.0782174 ], [ 73.0093307, 19.0786822 ], [ 73.0093009, 19.0786843 ], [ 73.0093072, 19.0787635 ] ], [ [ 73.0093867, 19.0784844 ], [ 73.0095065, 19.0784743 ], [ 73.0094983, 19.0783879 ], [ 73.0093786, 19.078398 ], [ 73.0093867, 19.0784844 ] ] ] ] } },
{ "type": "Feature", "properties": { "osm_id": "5288375", "name": null, "building": "yes", "height_m": 8.9 }, "geometry": { "type": "MultiPolygon", "coordinates": [ [ [ [ 72.9934421, 19.0769772 ], [ 72.9935925, 19.0769676 ], [ 72.9938592, 19.0769404 ], [ 72.9938537, 19.0768846 ], [ 72.9938873, 19.0768816 ], [ 72.9938718, 19.0767249 ], [ 72.9938382, 19.0767279 ], [ 72.9938302, 19.0766474 ], [ 72.9934131, 19.0766842 ], [ 72.9934196, 19.0767499 ], [ 72.9933851, 19.076753 ], [ 72.9934017, 19.0769211 ], [ 72.9934362, 19.0769181 ], [ 72.9934421, 19.0769772 ] ], [ [ 72.993498, 19.0768886 ], [ 72.9935884, 19.0768827 ], [ 72.9935796, 19.0767625 ], [ 72.9934892, 19.0767684 ], [ 72.993498, 19.0768886 ] ], [ [ 72.993626, 19.0768725 ], [ 72.9937935, 19.0768581 ], [ 72.9937825, 19.0767432 ], [ 72.993615, 19.0767576 ], [ 72.993626, 19.0768725 ] ] ] ] } },
{ "type": "Feature", "properties": { "osm_id": "5288376", "name": null, "building": "yes", "height_m": 16.9 }, "geometry": { "type": "MultiPolygon", "coordinates": [ [ [ [ 73.0060008, 19.078951 ], [ 73.0060557, 19.0789865 ], [ 73.0063834, 19.0789564 ], [ 73.0064144, 19.0789124 ], [ 73.0064672, 19.0789074 ], [ 73.0065038, 19.0789457 ], [ 73.006848, 19.0789152 ], [ 73.006894, 19.0788705 ], [ 73.0068541, 19.0784585 ], [ 73.0067989, 19.0784186 ], [ 73.0064542, 19.0784491 ], [ 73.0064236, 19.0784957 ], [ 73.0063707, 19.0785007 ], [ 73.0063339, 19.0784598 ], [ 73.0060046, 19.0784901 ], [ 73.0059578, 19.0785392 ], [ 73.0060008, 19.078951 ] ], [ [ 73.0064556, 19.0787777 ], [ 73.006785, 19.0787507 ], [ 73.0067665, 19.0785491 ], [ 73.0064372, 19.0785761 ], [ 73.0064556, 19.0787777 ] ], [ [ 73.0060707, 19.0788105 ], [ 73.0064002, 19.0787835 ], [ 73.0063816, 19.0785819 ], [ 73.0060523, 19.0786089 ], [ 73.0060707, 19.0788105 ] ] ] ] } },
{ "type": "Feature", "properties": { "osm_id": "5288432", "name": "D.A.V Public School - Nerul", "building": "school", "height_m": 13.4 }, "geometry": { "type": "MultiPolygon", "coordinates": [ [ [ [ 73.0151908, 19.0126658 ], [ 73.0149428, 19.0128852 ], [ 73.0152995, 19.0132458 ], [ 73.0155475, 19.0130264 ], [ 73.0151908, 19.0126658 ] ], [ [ 73.0153039, 19.0131259 ], [ 73.0154214, 19.0130226 ], [ 73.0152694, 19.012868 ], [ 73.015246, 19.0128886 ], [ 73.0152181, 19.0128603 ], [ 73.0151474, 19.0129223 ], [ 73.015174, 19.0129495 ], [ 73.0151506, 19.0129699 ], [ 73.0153039, 19.0131259 ] ] ] ] } },
{ "type": "Feature", "properties": { "osm_id": "5288472", "name": null, "building": "yes", "height_m": 6.1 }, "geometry": { "type": "MultiPolygon", "coordinates": [ [ [ [ 73.0361028, 19.028713 ], [ 73.0364071, 19.0290343 ], [ 73.0366706, 19.0288112 ], [ 73.0363663, 19.02849 ], [ 73.0361028, 19.028713 ] ], [ [ 73.0363958, 19.0288547 ], [ 73.0364472, 19.028907 ], [ 73.0365282, 19.0288357 ], [ 73.0364768, 19.0287835 ], [ 73.0363958, 19.0288547 ] ], [ [ 73.0362521, 19.0287183 ], [ 73.036362, 19.02883 ], [ 73.0364474, 19.028755 ], [ 73.0363375, 19.0286433 ], [ 73.0362521, 19.0287183 ] ] ] ] } },
{ "type": "Feature", "properties": { "osm_id": "5288664", "name": null, "building": "yes", "height_m": 20.7 }, "geometry": { "type": "MultiPolygon", "coordinates": [ [ [ [ 73.0188534, 19.0307156 ], [ 73.0189726, 19.0307508 ], [ 73.0190496, 19.0304581 ], [ 73.0189025, 19.030424 ], [ 73.0188534, 19.0307156 ] ], [ [ 73.0189268, 19.0305209 ], [ 73.0189639, 19.0305277 ], [ 73.0189783, 19.0304566 ], [ 73.0189412, 19.0304499 ], [ 73.0189268, 19.0305209 ] ] ] ] } },
{ "type": "Feature", "properties": { "osm_id": "5288668", "name": null, "building": "yes", "height_m": 10.4 }, "geometry": { "type": "MultiPolygon", "coordinates": [ [ [ [ 73.0198648, 19.0293491 ], [ 73.0200176, 19.0293092 ], [ 73.0201703, 19.0292693 ], [ 73.0201441, 19.0291425 ], [ 73.020118, 19.0290156 ], [ 73.0199609, 19.0290473 ], [ 73.0198038, 19.029079 ], [ 73.0198343, 19.0292141 ], [ 73.0198648, 19.0293491 ] ], [ [ 73.0199386, 19.0292222 ], [ 73.0200459, 19.0292032 ], [ 73.0200391, 19.029169 ], [ 73.0199318, 19.029188 ], [ 73.0199386, 19.0292222 ] ] ] ] } },
{ "type": "Feature", "properties": { "osm_id": "5288672", "name": null, "building": "yes", "height_m": 21.2 }, "geometry": { "type": "MultiPolygon", "coordinates": [ [ [ [ 73.0189499, 19.030334 ], [ 73.0190604, 19.0303574 ], [ 73.0191277, 19.0300618 ], [ 73.0190261, 19.0300382 ], [ 73.0189499, 19.030334 ] ], [ [ 73.0190426, 19.0301976 ], [ 73.0190799, 19.0302048 ], [ 73.019097, 19.0301262 ], [ 73.0190598, 19.030119 ], [ 73.0190426, 19.0301976 ] ] ] ] } },
{ "type": "Feature", "properties": { "osm_id": "5288673", "name": null, "building": "yes", "height_m": 30.0 }, "geometry": { "type": "MultiPolygon", "coordinates": [ [ [ [ 73.0189818, 19.0299186 ], [ 73.0191074, 19.029937 ], [ 73.0191629, 19.0296197 ], [ 73.01904, 19.0296012 ], [ 73.0189818, 19.0299186 ] ] ] ] } },
{ "type": "Feature", "properties": { "osm_id": "5289225", "name": null, "building": "yes", "height_m": 12.8 }, "geometry": { "type": "MultiPolygon", "coordinates": [ [ [ [ 73.0218324, 19.027871 ], [ 73.0221477, 19.0280845 ], [ 73.0223536, 19.0278023 ], [ 73.0222466, 19.027613 ], [ 73.0221077, 19.0275076 ], [ 73.0218324, 19.027871 ] ], [ [ 73.021995, 19.0278329 ], [ 73.0220764, 19.0278835 ], [ 73.0221513, 19.0277761 ], [ 73.0220699, 19.0277254 ], [ 73.021995, 19.0278329 ] ] ] ] } },
{ "type": "Feature", "properties": { "osm_id": "5289582", "name": null, "building": "yes", "height_m": 12.2 }, "geometry": { "type": "MultiPolygon", "coordinates": [ [ [ [ 73.0148458, 19.0183184 ], [ 73.0144653, 19.018657 ], [ 73.0141993, 19.0183898 ], [ 73.0145798, 19.0180512 ], [ 73.0148458, 19.0183184 ] ], [ [ 73.0143722, 19.0183609 ], [ 73.0145108, 19.0185042 ], [ 73.0146859, 19.0183529 ], [ 73.0145472, 19.0182095 ], [ 73.0143722, 19.0183609 ] ] ] ] } },
{ "type": "Feature", "properties": { "osm_id": "5292795", "name": null, "building": "yes", "height_m": 5.3 }, "geometry": { "type": "MultiPolygon", "coordinates": [ [ [ [ 73.0109413, 19.0444561 ], [ 73.0109453, 19.0445329 ], [ 73.0109819, 19.0445312 ], [ 73.0109861, 19.0446136 ], [ 73.0109495, 19.0446153 ], [ 73.010954, 19.0447024 ], [ 73.0110134, 19.0446997 ], [ 73.0110114, 19.0446612 ], [ 73.011108, 19.0446568 ], [ 73.01111, 19.0446953 ], [ 73.011317, 19.0446857 ], [ 73.0113043, 19.0444394 ], [ 73.0111189, 19.0444479 ], [ 73.0111203, 19.0444743 ], [ 73.0109985, 19.0444799 ], [ 73.0109971, 19.0444535 ], [ 73.0109413, 19.0444561 ] ], [ [ 73.0111507, 19.0445871 ], [ 73.0112161, 19.0445841 ], [ 73.0112132, 19.044528 ], [ 73.0111478, 19.044531 ], [ 73.0111507, 19.0445871 ] ] ] ] } },
{ "type": "Feature", "properties": { "osm_id": "5292796", "name": null, "building": "yes", "height_m": 4.8 }, "geometry": { "type": "MultiPolygon", "coordinates": [ [ [ [ 73.0101253, 19.0460134 ], [ 73.0108741, 19.0459751 ], [ 73.0108653, 19.0458216 ], [ 73.0109348, 19.045818 ], [ 73.0109221, 19.0455962 ], [ 73.0108419, 19.0456003 ], [ 73.010834, 19.0454622 ], [ 73.010504, 19.0454791 ], [ 73.0105163, 19.0456932 ], [ 73.0107015, 19.0456838 ], [ 73.0106991, 19.0456411 ], [ 73.0107532, 19.0456383 ], [ 73.0107556, 19.045681 ], [ 73.0108177, 19.0456778 ], [ 73.0108219, 19.0457519 ], [ 73.0101482, 19.0457863 ], [ 73.0101516, 19.0458457 ], [ 73.0101158, 19.0458475 ], [ 73.0101253, 19.0460134 ] ], [ [ 73.0106239, 19.0459003 ], [ 73.0106741, 19.0458978 ], [ 73.0106715, 19.0458515 ], [ 73.0106213, 19.0458541 ], [ 73.0106239, 19.0459003 ] ], [ [ 73.0105893, 19.0456021 ], [ 73.0106449, 19.0455993 ], [ 73.0106423, 19.0455533 ], [ 73.0105866, 19.0455562 ], [ 73.0105893, 19.0456021 ] ] ] ] } },
{ "type": "Feature", "properties": { "osm_id": "5292797", "name": null, "building": "yes", "height_m": 6.7 }, "geometry": { "type": "MultiPolygon", "coordinates": [ [ [ [ 73.0100684, 19.0450791 ], [ 73.0101379, 19.045076 ], [ 73.0101365, 19.0450476 ], [ 73.0102519, 19.0450425 ], [ 73.0102533, 19.0450709 ], [ 73.0103358, 19.0450673 ], [ 73.0103343, 19.0450374 ], [ 73.0104833, 19.0450309 ], [ 73.0104848, 19.0450606 ], [ 73.0105934, 19.0450559 ], [ 73.0105922, 19.0450318 ], [ 73.0107116, 19.0450266 ], [ 73.0107128, 19.0450507 ], [ 73.0107686, 19.0450482 ], [ 73.0107629, 19.0449325 ], [ 73.0106865, 19.0449359 ], [ 73.0106852, 19.0449095 ], [ 73.0107615, 19.0449062 ], [ 73.0107606, 19.044888 ], [ 73.0108634, 19.0448835 ], [ 73.0108508, 19.0446277 ], [ 73.0107419, 19.0446325 ], [ 73.01075, 19.0447968 ], [ 73.0104637, 19.0448094 ], [ 73.0104655, 19.044847 ], [ 73.0103435, 19.0448524 ], [ 73.0103416, 19.0448147 ], [ 73.0102203, 19.04482 ], [ 73.0102216, 19.0448452 ], [ 73.0101169, 19.0448498 ], [ 73.0101157, 19.0448247 ], [ 73.0100561, 19.0448273 ], [ 73.010062, 19.0449458 ], [ 73.01014, 19.0449424 ], [ 73.0101413, 19.0449681 ], [ 73.0100631, 19.0449715 ], [ 73.0100684, 19.0450791 ] ], [ [ 73.0104607, 19.0449471 ], [ 73.0105275, 19.0449442 ], [ 73.010526, 19.0449153 ], [ 73.0104593, 19.0449183 ], [ 73.0104607, 19.0449471 ] ], [ [ 73.0103684, 19.0449526 ], [ 73.010367, 19.0449249 ], [ 73.0102752, 19.044929 ], [ 73.0102765, 19.0449566 ], [ 73.0103684, 19.0449526 ] ] ] ] } },
{ "type": "Feature", "properties": { "osm_id": "5299184", "name": null, "building": "yes", "height_m": 12.0 }, "geometry": { "type": "MultiPolygon", "coordinates": [ [ [ [ 72.9978222, 19.0700723 ], [ 72.9982419, 19.0700415 ], [ 72.998221, 19.0697859 ], [ 72.9978012, 19.0698168 ], [ 72.9978222, 19.0700723 ] ], [ [ 72.9979181, 19.069985 ], [ 72.9981741, 19.0699731 ], [ 72.9981683, 19.0698616 ], [ 72.9979123, 19.0698735 ], [ 72.9979181, 19.069985 ] ] ] ] } },
{ "type": "Feature", "properties": { "osm_id": "5307735", "name": null, "building": "yes", "height_m": 16.6 }, "geometry": { "type": "MultiPolygon", "coordinates": [ [ [ [ 73.0031839, 19.1215451 ], [ 73.003239, 19.1215612 ], [ 73.0032432, 19.1215483 ], [ 73.0033653, 19.1215841 ], [ 73.0033611, 19.121597 ], [ 73.0034228, 19.121615 ], [ 73.0034786, 19.1214448 ], [ 73.0034281, 19.12143 ], [ 73.0034099, 19.1214855 ], [ 73.0032216, 19.1214303 ], [ 73.0032096, 19.1214667 ], [ 73.003237, 19.1214747 ], [ 73.0032251, 19.121511 ], [ 73.0031977, 19.121503 ], [ 73.0031839, 19.1215451 ] ], [ [ 73.0032824, 19.1215418 ], [ 73.0032894, 19.1215438 ], [ 73.003287, 19.121551 ], [ 73.0033413, 19.1215669 ], [ 73.0033437, 19.1215597 ], [ 73.0033765, 19.1215694 ], [ 73.0033818, 19.1215532 ], [ 73.003397, 19.1215576 ], [ 73.0034009, 19.1215458 ], [ 73.0033857, 19.1215413 ], [ 73.0033892, 19.1215306 ], [ 73.0032951, 19.121503 ], [ 73.0032824, 19.1215418 ] ] ] ] } },
{ "type": "Feature", "properties": { "osm_id": "5307841", "name": null, "building": "apartments", "height_m": 10.8 }, "geometry": { "type": "MultiPolygon", "coordinates": [ [ [ [ 73.000927, 19.0720801 ], [ 73.0013688, 19.0720441 ], [ 73.0013462, 19.0717963 ], [ 73.0009044, 19.0718323 ], [ 73.000927, 19.0720801 ] ], [ [ 73.0009922, 19.071994 ], [ 73.0012886, 19.0719683 ], [ 73.0012792, 19.0718715 ], [ 73.0009829, 19.0718972 ], [ 73.0009922, 19.071994 ] ] ] ] } },
{ "type": "Feature", "properties": { "osm_id": "5307842", "name": null, "building": "apartments", "height_m": 17.2 }, "geometry": { "type": "MultiPolygon", "coordinates": [ [ [ [ 73.000389, 19.07148 ], [ 73.0004253, 19.0714771 ], [ 73.0004228, 19.0714491 ], [ 73.0005618, 19.0714382 ], [ 73.0005648, 19.0714723 ], [ 73.0006298, 19.0714672 ], [ 73.0006272, 19.071439 ], [ 73.0007657, 19.0714281 ], [ 73.0007682, 19.0714562 ], [ 73.0008283, 19.0714515 ], [ 73.0008264, 19.0714281 ], [ 73.0009336, 19.0714197 ], [ 73.0009232, 19.0713025 ], [ 73.0008086, 19.0713116 ], [ 73.0008063, 19.0712857 ], [ 73.0007551, 19.0712897 ], [ 73.0007571, 19.0713125 ], [ 73.0006134, 19.0713239 ], [ 73.0006114, 19.0713011 ], [ 73.0005626, 19.0713049 ], [ 73.0005643, 19.0713226 ], [ 73.0004111, 19.0713346 ], [ 73.0004085, 19.0713047 ], [ 73.0003738, 19.0713075 ], [ 73.000379, 19.071366 ], [ 73.0004101, 19.0713635 ], [ 73.0004136, 19.0714043 ], [ 73.0003825, 19.0714068 ], [ 73.000389, 19.07148 ] ] ] ] } },
{ "type": "Feature", "properties": { "osm_id": "5307843", "name": null, "building": "apartments", "height_m": 17.3 }, "geometry": { "type": "MultiPolygon", "coordinates": [ [ [ [ 73.0009834, 19.0714593 ], [ 73.0012622, 19.0714338 ], [ 73.0012422, 19.071238 ], [ 73.0009634, 19.0712634 ], [ 73.0009834, 19.0714593 ] ], [ [ 73.0010405, 19.0713782 ], [ 73.0010799, 19.0713769 ], [ 73.0010785, 19.0713379 ], [ 73.0010391, 19.0713392 ], [ 73.0010405, 19.0713782 ] ], [ [ 73.0011404, 19.0713679 ], [ 73.0011799, 19.0713666 ], [ 73.0011786, 19.0713323 ], [ 73.0011392, 19.0713335 ], [ 73.0011404, 19.0713679 ] ] ] ] } },
{ "type": "Feature", "properties": { "osm_id": "5307844", "name": null, "building": "yes", "height_m": 13.4 }, "geometry": { "type": "MultiPolygon", "coordinates": [ [ [ [ 73.0017683, 19.0726856 ], [ 73.0019519, 19.0726737 ], [ 73.0019327, 19.0724095 ], [ 73.0017491, 19.0724213 ], [ 73.0017683, 19.0726856 ] ], [ [ 73.0018457, 19.0725947 ], [ 73.0018831, 19.0725923 ], [ 73.0018776, 19.0725173 ], [ 73.0018402, 19.0725197 ], [ 73.0018457, 19.0725947 ] ] ], [ [ [ 73.0020397, 19.0726816 ], [ 73.0022296, 19.0726677 ], [ 73.0022066, 19.0723861 ], [ 73.0020167, 19.0723999 ], [ 73.0020397, 19.0726816 ] ], [ [ 73.0021093, 19.0725794 ], [ 73.0021458, 19.0725785 ], [ 73.0021438, 19.0725067 ], [ 73.0021073, 19.0725077 ], [ 73.0021093, 19.0725794 ] ] ] ] } },
{ "type": "Feature", "properties": { "osm_id": "5313805", "name": null, "building": "yes", "height_m": 7.7 }, "geometry": { "type": "MultiPolygon", "coordinates": [ [ [ [ 73.0079596, 19.0727039 ], [ 73.0079819, 19.0729189 ], [ 73.0079659, 19.0729203 ], [ 73.0079721, 19.0729804 ], [ 73.008376, 19.072943 ], [ 73.0083791, 19.0729729 ], [ 73.0084638, 19.0729651 ], [ 73.0084322, 19.0726601 ], [ 73.0079596, 19.0727039 ] ], [ [ 73.0080402, 19.072757 ], [ 73.0080464, 19.0728176 ], [ 73.0082959, 19.0727945 ], [ 73.0082897, 19.0727339 ], [ 73.0080402, 19.072757 ] ] ] ] } },
{ "type": "Feature", "properties": { "osm_id": "5330292", "name": null, "building": "apartments", "height_m": 12.0 }, "geometry": { "type": "MultiPolygon", "coordinates": [ [ [ [ 72.997965, 19.0742369 ], [ 72.9990875, 19.0741429 ], [ 72.9990142, 19.0733593 ], [ 72.9978917, 19.0734533 ], [ 72.997965, 19.0742369 ] ], [ [ 72.998111, 19.0740944 ], [ 72.9987318, 19.0740426 ], [ 72.9987369, 19.0740976 ], [ 72.9990108, 19.0740747 ], [ 72.9990011, 19.0739708 ], [ 72.9989985, 19.073944 ], [ 72.9988772, 19.0739541 ], [ 72.9988355, 19.0735074 ], [ 72.998833, 19.073481 ], [ 72.9987433, 19.0734885 ], [ 72.9987456, 19.0735133 ], [ 72.9986177, 19.073524 ], [ 72.9986154, 19.0734996 ], [ 72.9980597, 19.073546 ], [ 72.9980624, 19.0735741 ], [ 72.998111, 19.0740944 ] ] ] ] } },
{ "type": "Feature", "properties": { "osm_id": "5354424", "name": null, "building": "apartments", "height_m": 2.5 }, "geometry": { "type": "MultiPolygon", "coordinates": [ [ [ [ 72.9993216, 19.0727253 ], [ 72.9994814, 19.0727136 ], [ 72.9994909, 19.0728306 ], [ 72.9996725, 19.0728174 ], [ 72.9996655, 19.0727314 ], [ 72.9998135, 19.0727206 ], [ 72.9998204, 19.0728046 ], [ 73.0000091, 19.0727908 ], [ 72.9999997, 19.072676 ], [ 73.0001538, 19.0726648 ], [ 73.0001271, 19.0723365 ], [ 72.9999665, 19.0723482 ], [ 72.999958, 19.072244 ], [ 72.9997596, 19.0722585 ], [ 72.9997681, 19.0723626 ], [ 72.9996298, 19.0723727 ], [ 72.9996208, 19.0722621 ], [ 72.9994395, 19.0722753 ], [ 72.999449, 19.0723917 ], [ 72.9992954, 19.0724029 ], [ 72.9993216, 19.0727253 ] ], [ [ 72.9994959, 19.0726853 ], [ 72.9996291, 19.0726756 ], [ 72.9996212, 19.0725788 ], [ 72.9997934, 19.0725663 ], [ 72.9998014, 19.0726645 ], [ 72.9999468, 19.072654 ], [ 72.9999232, 19.0723633 ], [ 72.999809, 19.0723716 ], [ 72.9998143, 19.0724364 ], [ 72.9996108, 19.0724512 ], [ 72.9996057, 19.072389 ], [ 72.9994725, 19.0723986 ], [ 72.9994959, 19.0726853 ] ] ] ] } },
{ "type": "Feature", "properties": { "osm_id": "5354560", "name": null, "building": "yes", "height_m": 4.6 }, "geometry": { "type": "MultiPolygon", "coordinates": [ [ [ [ 73.0415555, 19.0326708 ], [ 73.0415551, 19.0327262 ], [ 73.0415922, 19.0327264 ], [ 73.0415921, 19.0327381 ], [ 73.0416198, 19.0327382 ], [ 73.0416197, 19.0327637 ], [ 73.0416414, 19.0327638 ], [ 73.0416415, 19.0327379 ], [ 73.0416494, 19.0327379 ], [ 73.0416497, 19.0326712 ], [ 73.0415555, 19.0326708 ] ], [ [ 73.0416177, 19.0327139 ], [ 73.0416401, 19.0327147 ], [ 73.0416406, 19.0327002 ], [ 73.0416183, 19.0326994 ], [ 73.0416177, 19.0327139 ] ] ] ] } },
{ "type": "Feature", "properties": { "osm_id": "5354562", "name": null, "building": "yes", "height_m": 9.2 }, "geometry": { "type": "MultiPolygon", "coordinates": [ [ [ [ 73.0412005, 19.0257958 ], [ 73.0413425, 19.0259417 ], [ 73.0413369, 19.0259465 ], [ 73.0412876, 19.0258958 ], [ 73.0412092, 19.025964 ], [ 73.0413059, 19.0260634 ], [ 73.0413898, 19.0259904 ], [ 73.0414889, 19.0260921 ], [ 73.0416763, 19.025929 ], [ 73.041388, 19.0256328 ], [ 73.0412005, 19.0257958 ] ], [ [ 73.0412793, 19.025756 ], [ 73.0413564, 19.0258294 ], [ 73.0413953, 19.0257929 ], [ 73.0413183, 19.0257195 ], [ 73.0412793, 19.025756 ] ], [ [ 73.0414798, 19.025964 ], [ 73.0415129, 19.0260019 ], [ 73.0415609, 19.0259644 ], [ 73.0415278, 19.0259266 ], [ 73.0414798, 19.025964 ] ] ] ] } },
{ "type": "Feature", "properties": { "osm_id": "5354961", "name": null, "building": "college", "height_m": 25.7 }, "geometry": { "type": "MultiPolygon", "coordinates": [ [ [ [ 73.0235545, 19.0423074 ], [ 73.0236516, 19.0422781 ], [ 73.0236798, 19.0423617 ], [ 73.0237286, 19.042347 ], [ 73.0237135, 19.0423024 ], [ 73.0237363, 19.0422955 ], [ 73.0237227, 19.0422554 ], [ 73.0237575, 19.0422449 ], [ 73.0237711, 19.0422853 ], [ 73.0237882, 19.0422802 ], [ 73.0237941, 19.0422975 ], [ 73.0240998, 19.0422049 ], [ 73.0241302, 19.0422946 ], [ 73.0241716, 19.042282 ], [ 73.024143, 19.0421976 ], [ 73.0242356, 19.0421695 ], [ 73.0241871, 19.0420268 ], [ 73.0241467, 19.0420391 ], [ 73.0241009, 19.0419042 ], [ 73.0239921, 19.0419372 ], [ 73.0238032, 19.0418475 ], [ 73.0237789, 19.0418932 ], [ 73.0237225, 19.0419052 ], [ 73.0237156, 19.0418763 ], [ 73.0236599, 19.0418882 ], [ 73.0236735, 19.0419452 ], [ 73.0235891, 19.0419633 ], [ 73.0235732, 19.0418966 ], [ 73.0235927, 19.0418838 ], [ 73.0235233, 19.0416568 ], [ 73.0233676, 19.0417532 ], [ 73.0235545, 19.0423074 ] ], [ [ 73.0238479, 19.0421501 ], [ 73.0240091, 19.0421023 ], [ 73.0240175, 19.0421276 ], [ 73.0240821, 19.0421084 ], [ 73.0240578, 19.0420352 ], [ 73.0238589, 19.0419634 ], [ 73.0238321, 19.0419713 ], [ 73.0238587, 19.0420513 ], [ 73.023819, 19.0420631 ], [ 73.0238479, 19.0421501 ] ], [ [ 73.0236093, 19.0422125 ], [ 73.0237685, 19.042172 ], [ 73.0237504, 19.0421087 ], [ 73.0236838, 19.0421256 ], [ 73.0236795, 19.0421107 ], [ 73.0236683, 19.0421136 ], [ 73.0236393, 19.0420117 ], [ 73.023558, 19.0420324 ], [ 73.0236093, 19.0422125 ] ] ] ] } },
{ "type": "Feature", "properties": { "osm_id": "5354962", "name": "Dr D Y Patil Hospital and Research Center", "building": "yes", "height_m": 20.7 }, "geometry": { "type": "MultiPolygon", "coordinates": [ [ [ [ 73.0245996, 19.0414943 ], [ 73.0246661, 19.041497 ], [ 73.0246679, 19.0414579 ], [ 73.0247647, 19.0414618 ], [ 73.0247519, 19.0417428 ], [ 73.0249218, 19.0417497 ], [ 73.0249307, 19.0415529 ], [ 73.024866, 19.0415078 ], [ 73.0249269, 19.0414297 ], [ 73.025168, 19.0414863 ], [ 73.0252144, 19.0413098 ], [ 73.024895, 19.0412349 ], [ 73.0248563, 19.041382 ], [ 73.0247476, 19.0413565 ], [ 73.0247247, 19.041334 ], [ 73.0247632, 19.0412701 ], [ 73.0247653, 19.0408799 ], [ 73.024727, 19.040783 ], [ 73.0247477, 19.0407641 ], [ 73.0245711, 19.0405912 ], [ 73.0244239, 19.0407255 ], [ 73.0243071, 19.0407026 ], [ 73.024269, 19.0408762 ], [ 73.0243555, 19.0408932 ], [ 73.0243673, 19.0408839 ], [ 73.0244265, 19.0408974 ], [ 73.0244179, 19.0409309 ], [ 73.0243615, 19.0409324 ], [ 73.0243686, 19.0411708 ], [ 73.0244259, 19.0411865 ], [ 73.0244283, 19.0412181 ], [ 73.0243497, 19.0412235 ], [ 73.0242593, 19.0412711 ], [ 73.0242958, 19.0414468 ], [ 73.0244359, 19.0414208 ], [ 73.0243634, 19.0414988 ], [ 73.0244943, 19.0416076 ], [ 73.0245996, 19.0414943 ] ], [ [ 73.0245352, 19.0408428 ], [ 73.02461, 19.0408991 ], [ 73.0245181, 19.0409046 ], [ 73.0245352, 19.0408428 ] ], [ [ 73.0245337, 19.0412569 ], [ 73.0245759, 19.0412652 ], [ 73.0245942, 19.0412237 ], [ 73.024542, 19.0412193 ], [ 73.0245337, 19.0412569 ] ], [ [ 73.0245587, 19.0411029 ], [ 73.024645, 19.0411045 ], [ 73.0246465, 19.0410293 ], [ 73.0245602, 19.0410278 ], [ 73.0245587, 19.0411029 ] ] ], [ [ [ 73.0251887, 19.0409102 ], [ 73.0251793, 19.0406131 ], [ 73.0247331, 19.0406002 ], [ 73.0247297, 19.0406833 ], [ 73.0248127, 19.0406896 ], [ 73.0248127, 19.0407366 ], [ 73.0248904, 19.0407408 ], [ 73.0248591, 19.0407913 ], [ 73.0249439, 19.0409631 ], [ 73.0251887, 19.0409102 ] ] ] ] } },
{ "type": "Feature", "properties": { "osm_id": "6191374", "name": null, "building": "yes", "height_m": 10.3 }, "geometry": { "type": "MultiPolygon", "coordinates": [ [ [ [ 73.006178, 19.1373557 ], [ 73.0061798, 19.1373319 ], [ 73.0061952, 19.1373297 ], [ 73.0062086, 19.1373221 ], [ 73.0062179, 19.1373102 ], [ 73.0062217, 19.1372958 ], [ 73.0062194, 19.1372812 ], [ 73.0062113, 19.1372685 ], [ 73.0061987, 19.1372598 ], [ 73.0061836, 19.1372562 ], [ 73.0061681, 19.1372584 ], [ 73.0061547, 19.137266 ], [ 73.0061454, 19.1372779 ], [ 73.0061424, 19.1372892 ], [ 73.0061096, 19.1372897 ], [ 73.0061094, 19.1372883 ], [ 73.0061014, 19.1372757 ], [ 73.0060888, 19.1372669 ], [ 73.0060736, 19.1372633 ], [ 73.0060581, 19.1372655 ], [ 73.0060447, 19.1372731 ], [ 73.0060354, 19.137285 ], [ 73.0060316, 19.1372994 ], [ 73.0060339, 19.137314 ], [ 73.006042, 19.1373267 ], [ 73.0060546, 19.1373355 ], [ 73.0060647, 19.1373378 ], [ 73.0060626, 19.1373661 ], [ 73.0060506, 19.1373678 ], [ 73.0060372, 19.1373754 ], [ 73.0060279, 19.1373873 ], [ 73.0060241, 19.1374017 ], [ 73.0060264, 19.1374163 ], [ 73.0060345, 19.137429 ], [ 73.0060471, 19.1374378 ], [ 73.0060622, 19.1374413 ], [ 73.0060777, 19.1374391 ], [ 73.0060911, 19.1374315 ], [ 73.0061004, 19.1374196 ], [ 73.0061042, 19.1374053 ], [ 73.0061039, 19.1374031 ], [ 73.0061272, 19.1374028 ], [ 73.0061273, 19.1374038 ], [ 73.0061354, 19.1374165 ], [ 73.006148, 19.1374253 ], [ 73.0061632, 19.1374288 ], [ 73.0061786, 19.1374266 ], [ 73.0061921, 19.137419 ], [ 73.0062014, 19.1374071 ], [ 73.0062051, 19.1373928 ], [ 73.0062028, 19.1373781 ], [ 73.0061947, 19.1373655 ], [ 73.0061821, 19.1373567 ], [ 73.006178, 19.1373557 ] ], [ [ 73.0061657, 19.1373533 ], [ 73.0061515, 19.1373553 ], [ 73.0061381, 19.1373629 ], [ 73.0061288, 19.1373748 ], [ 73.0061253, 19.1373879 ], [ 73.0061013, 19.1373882 ], [ 73.0061013, 19.1373897 ], [ 73.0060938, 19.137378 ], [ 73.0060812, 19.1373692 ], [ 73.0060741, 19.1373675 ], [ 73.0060762, 19.1373381 ], [ 73.0060853, 19.1373368 ], [ 73.0060987, 19.1373292 ], [ 73.006108, 19.1373173 ], [ 73.0061118, 19.1373028 ], [ 73.0061432, 19.1373022 ], [ 73.0061439, 19.1373069 ], [ 73.006152, 19.1373195 ], [ 73.0061646, 19.1373283 ], [ 73.0061675, 19.137329 ], [ 73.0061657, 19.1373533 ] ] ] ] } },
{ "type": "Feature", "properties": { "osm_id": "6191375", "name": null, "building": "yes", "height_m": 8.6 }, "geometry": { "type": "MultiPolygon", "coordinates": [ [ [ [ 73.0056786, 19.1374103 ], [ 73.005652, 19.1374096 ], [ 73.0056505, 19.1374036 ], [ 73.0056441, 19.1373954 ], [ 73.0056348, 19.13739 ], [ 73.0056241, 19.1373884 ], [ 73.0056135, 19.1373909 ], [ 73.0056048, 19.1373969 ], [ 73.0055991, 19.1374057 ], [ 73.0055974, 19.1374158 ], [ 73.005598, 19.1374178 ], [ 73.0055818, 19.1374185 ], [ 73.0055814, 19.1374167 ], [ 73.005578, 19.1374123 ], [ 73.0055737, 19.1374099 ], [ 73.005573, 19.1373936 ], [ 73.0055773, 19.1373926 ], [ 73.0055823, 19.1373891 ], [ 73.0055856, 19.137384 ], [ 73.0055866, 19.1373781 ], [ 73.0055851, 19.1373723 ], [ 73.0055814, 19.1373675 ], [ 73.0055782, 19.1373657 ], [ 73.0055788, 19.1373455 ], [ 73.0055872, 19.1373435 ], [ 73.0055954, 19.1373379 ], [ 73.0056002, 19.1373304 ], [ 73.0056219, 19.137331 ], [ 73.005624, 19.1373392 ], [ 73.0056304, 19.1373475 ], [ 73.0056397, 19.1373528 ], [ 73.0056504, 19.1373544 ], [ 73.005661, 19.1373519 ], [ 73.0056697, 19.1373459 ], [ 73.0056754, 19.1373371 ], [ 73.0056771, 19.137327 ], [ 73.0056745, 19.137317 ], [ 73.0056681, 19.1373087 ], [ 73.0056596, 19.1373039 ], [ 73.0056604, 19.1372795 ], [ 73.0056633, 19.1372788 ], [ 73.0056708, 19.1372737 ], [ 73.0056757, 19.1372661 ], [ 73.0056771, 19.1372575 ], [ 73.0056749, 19.1372489 ], [ 73.0056694, 19.1372418 ], [ 73.0056614, 19.1372372 ], [ 73.0056523, 19.1372359 ], [ 73.0056432, 19.137238 ], [ 73.0056357, 19.1372432 ], [ 73.0056339, 19.1372459 ], [ 73.0056127, 19.1372453 ], [ 73.005611, 19.1372389 ], [ 73.0056052, 19.1372314 ], [ 73.0055968, 19.1372266 ], [ 73.0055872, 19.1372252 ], [ 73.0055776, 19.1372274 ], [ 73.0055697, 19.1372328 ], [ 73.0055646, 19.1372408 ], [ 73.0055631, 19.1372499 ], [ 73.0055654, 19.1372589 ], [ 73.0055712, 19.1372664 ], [ 73.0055725, 19.1372672 ], [ 73.0055716, 19.1372972 ], [ 73.0055651, 19.1372987 ], [ 73.0055569, 19.1373044 ], [ 73.0055516, 19.1373126 ], [ 73.00555, 19.1373222 ], [ 73.0055524, 19.1373315 ], [ 73.0055584, 19.1373393 ], [ 73.0055672, 19.1373444 ], [ 73.0055665, 19.1373643 ], [ 73.0055636, 19.1373649 ], [ 73.0055585, 19.1373684 ], [ 73.0055553, 19.1373735 ], [ 73.0055543, 19.1373794 ], [ 73.0055558, 19.1373852 ], [ 73.0055595, 19.13739 ], [ 73.0055636, 19.1373924 ], [ 73.0055644, 19.1374094 ], [ 73.0055619, 19.13741 ], [ 73.0055573, 19.1374131 ], [ 73.0055544, 19.1374177 ], [ 73.0055535, 19.1374231 ], [ 73.0055548, 19.1374283 ], [ 73.0055582, 19.1374327 ], [ 73.0055631, 19.1374355 ], [ 73.0055687, 19.1374363 ], [ 73.0055743, 19.137435 ], [ 73.0055789, 19.1374318 ], [ 73.0055811, 19.1374284 ], [ 73.0056013, 19.1374275 ], [ 73.0056064, 19.1374341 ], [ 73.0056157, 19.1374394 ], [ 73.0056264, 19.137441 ], [ 73.005637, 19.1374386 ], [ 73.0056458, 19.1374325 ], [ 73.0056495, 19.1374267 ], [ 73.0056766, 19.1374275 ], [ 73.005678, 19.1374328 ], [ 73.0056844, 19.1374411 ], [ 73.0056937, 19.1374464 ], [ 73.0057044, 19.137448 ], [ 73.005715, 19.1374455 ], [ 73.0057237, 19.1374395 ], [ 73.0057294, 19.1374307 ], [ 73.005731, 19.1374206 ], [ 73.0057285, 19.1374106 ], [ 73.0057221, 19.1374023 ], [ 73.0057128, 19.137397 ], [ 73.005702, 19.1373954 ], [ 73.0056915, 19.1373978 ], [ 73.0056827, 19.1374039 ], [ 73.0056786, 19.1374103 ] ], [ [ 73.0056103, 19.1372595 ], [ 73.0056296, 19.13726 ], [ 73.0056316, 19.1372679 ], [ 73.0056371, 19.137275 ], [ 73.0056441, 19.137279 ], [ 73.0056434, 19.1373029 ], [ 73.0056375, 19.1373042 ], [ 73.0056287, 19.1373103 ], [ 73.0056231, 19.1373191 ], [ 73.0056229, 19.1373199 ], [ 73.0056021, 19.1373193 ], [ 73.0055999, 19.1373107 ], [ 73.0055939, 19.1373029 ], [ 73.0055868, 19.1372989 ], [ 73.0055877, 19.1372724 ], [ 73.0055893, 19.1372726 ], [ 73.0055988, 19.1372705 ], [ 73.0056067, 19.137265 ], [ 73.0056103, 19.1372595 ] ] ] ] } },
{ "type": "Feature", "properties": { "osm_id": "6191376", "name": null, "building": "yes", "height_m": 10.5 }, "geometry": { "type": "MultiPolygon", "coordinates": [ [ [ [ 73.0066222, 19.137632 ], [ 73.0066105, 19.1376114 ], [ 73.0065913, 19.1375966 ], [ 73.0065676, 19.1375899 ], [ 73.0065534, 19.1375913 ], [ 73.0065536, 19.1375572 ], [ 73.0065621, 19.1375553 ], [ 73.0065765, 19.1375453 ], [ 73.0065858, 19.137531 ], [ 73.0065861, 19.137529 ], [ 73.006616, 19.1375376 ], [ 73.0066153, 19.1375415 ], [ 73.0066194, 19.1375572 ], [ 73.0066294, 19.1375702 ], [ 73.0066441, 19.1375786 ], [ 73.0066609, 19.1375811 ], [ 73.0066776, 19.1375773 ], [ 73.0066914, 19.1375678 ], [ 73.0067002, 19.137554 ], [ 73.0067029, 19.137538 ], [ 73.0066988, 19.1375223 ], [ 73.0066887, 19.1375093 ], [ 73.0066741, 19.1375009 ], [ 73.0066572, 19.1374984 ], [ 73.0066406, 19.1375022 ], [ 73.0066268, 19.1375118 ], [ 73.0066192, 19.1375236 ], [ 73.0065884, 19.1375148 ], [ 73.0065885, 19.1375143 ], [ 73.0065843, 19.137498 ], [ 73.0065738, 19.1374844 ], [ 73.0065586, 19.1374757 ], [ 73.006541, 19.1374731 ], [ 73.0065237, 19.1374771 ], [ 73.0065093, 19.137487 ], [ 73.0065001, 19.1375014 ], [ 73.0064973, 19.137518 ], [ 73.0065015, 19.1375343 ], [ 73.006512, 19.1375479 ], [ 73.0065273, 19.1375567 ], [ 73.0065409, 19.1375586 ], [ 73.0065406, 19.1375934 ], [ 73.0065211, 19.1376033 ], [ 73.0065055, 19.1376215 ], [ 73.0064983, 19.1376439 ], [ 73.0065008, 19.1376672 ], [ 73.0065126, 19.1376878 ], [ 73.0065318, 19.1377026 ], [ 73.0065523, 19.1377084 ], [ 73.0065508, 19.137737 ], [ 73.0065307, 19.1377389 ], [ 73.0065089, 19.13775 ], [ 73.0064932, 19.1377681 ], [ 73.0064861, 19.1377905 ], [ 73.0064886, 19.1378138 ], [ 73.0065003, 19.1378344 ], [ 73.0065195, 19.1378492 ], [ 73.0065433, 19.1378559 ], [ 73.0065679, 19.1378536 ], [ 73.0065897, 19.1378425 ], [ 73.0066054, 19.1378244 ], [ 73.0066102, 19.1378091 ], [ 73.0066417, 19.1378106 ], [ 73.006644, 19.1378319 ], [ 73.0066557, 19.1378525 ], [ 73.0066749, 19.1378673 ], [ 73.0066987, 19.137874 ], [ 73.0067233, 19.1378716 ], [ 73.0067451, 19.1378605 ], [ 73.0067608, 19.1378424 ], [ 73.0067679, 19.13782 ], [ 73.0067654, 19.1377967 ], [ 73.0067536, 19.1377761 ], [ 73.0067344, 19.1377613 ], [ 73.0067194, 19.1377571 ], [ 73.0067216, 19.1377228 ], [ 73.0067387, 19.1377212 ], [ 73.0067605, 19.1377101 ], [ 73.0067762, 19.137692 ], [ 73.0067833, 19.1376695 ], [ 73.0067808, 19.1376463 ], [ 73.0067691, 19.1376257 ], [ 73.0067499, 19.1376109 ], [ 73.0067261, 19.1376041 ], [ 73.0067015, 19.1376065 ], [ 73.0066797, 19.1376176 ], [ 73.006664, 19.1376357 ], [ 73.0066594, 19.1376504 ], [ 73.0066241, 19.1376499 ], [ 73.0066222, 19.137632 ] ], [ [ 73.0067064, 19.1377214 ], [ 73.0067042, 19.1377552 ], [ 73.0066861, 19.137757 ], [ 73.0066643, 19.1377681 ], [ 73.0066486, 19.1377862 ], [ 73.0066452, 19.1377966 ], [ 73.0066117, 19.1377948 ], [ 73.00661, 19.1377787 ], [ 73.0065982, 19.1377581 ], [ 73.006579, 19.1377433 ], [ 73.0065671, 19.1377399 ], [ 73.0065688, 19.137708 ], [ 73.0065801, 19.1377069 ], [ 73.0066019, 19.1376958 ], [ 73.0066176, 19.1376777 ], [ 73.0066207, 19.1376679 ], [ 73.006658, 19.1376684 ], [ 73.0066594, 19.1376814 ], [ 73.0066712, 19.137702 ], [ 73.0066904, 19.1377168 ], [ 73.0067064, 19.1377214 ] ] ] ] } },
{ "type": "Feature", "properties": { "osm_id": "6191377", "name": null, "building": "yes", "height_m": 12.5 }, "geometry": { "type": "MultiPolygon", "coordinates": [ [ [ [ 73.0058195, 19.1374226 ], [ 73.0058182, 19.1374225 ], [ 73.0058026, 19.1374269 ], [ 73.0057899, 19.1374366 ], [ 73.0057822, 19.1374501 ], [ 73.0057805, 19.1374655 ], [ 73.0057254, 19.1374878 ], [ 73.0057163, 19.1374772 ], [ 73.0057018, 19.1374698 ], [ 73.0056854, 19.1374682 ], [ 73.0056695, 19.1374727 ], [ 73.0056567, 19.1374825 ], [ 73.0056489, 19.1374962 ], [ 73.0056226, 19.1374958 ], [ 73.0056216, 19.1374895 ], [ 73.0056141, 19.1374773 ], [ 73.0056021, 19.1374687 ], [ 73.0055876, 19.1374651 ], [ 73.0055728, 19.1374671 ], [ 73.0055599, 19.1374742 ], [ 73.0055508, 19.1374855 ], [ 73.005547, 19.1374992 ], [ 73.0055491, 19.1375132 ], [ 73.0055567, 19.1375254 ], [ 73.0055686, 19.137534 ], [ 73.0055715, 19.1375347 ], [ 73.0055702, 19.1375614 ], [ 73.0055651, 19.1375621 ], [ 73.0055517, 19.1375698 ], [ 73.0055424, 19.1375817 ], [ 73.0055386, 19.137596 ], [ 73.0055409, 19.1376106 ], [ 73.005549, 19.1376233 ], [ 73.0055616, 19.1376321 ], [ 73.0055768, 19.1376357 ], [ 73.0055922, 19.1376335 ], [ 73.0056057, 19.1376258 ], [ 73.005615, 19.1376139 ], [ 73.0056175, 19.1376041 ], [ 73.0056401, 19.137604 ], [ 73.0056422, 19.1376168 ], [ 73.0056502, 19.1376295 ], [ 73.0056628, 19.1376383 ], [ 73.005678, 19.1376418 ], [ 73.0056935, 19.1376396 ], [ 73.0057069, 19.137632 ], [ 73.0057162, 19.1376201 ], [ 73.00572, 19.1376058 ], [ 73.0057177, 19.1375911 ], [ 73.0057096, 19.1375785 ], [ 73.005697, 19.1375697 ], [ 73.0056884, 19.1375677 ], [ 73.0056907, 19.1375476 ], [ 73.0056932, 19.1375478 ], [ 73.0057091, 19.1375434 ], [ 73.0057219, 19.1375335 ], [ 73.0057297, 19.1375198 ], [ 73.0057312, 19.137506 ], [ 73.0057877, 19.1374831 ], [ 73.0057954, 19.1374921 ], [ 73.0058098, 19.1374994 ], [ 73.005826, 19.137501 ], [ 73.0058416, 19.1374966 ], [ 73.0058542, 19.1374869 ], [ 73.0058601, 19.1374766 ], [ 73.0058826, 19.1374793 ], [ 73.0058817, 19.1374872 ], [ 73.0058874, 19.1375053 ], [ 73.0059, 19.1375199 ], [ 73.0059176, 19.1375289 ], [ 73.0059375, 19.1375309 ], [ 73.0059566, 19.1375255 ], [ 73.0059722, 19.1375136 ], [ 73.0059817, 19.1374969 ], [ 73.0059837, 19.1374782 ], [ 73.005978, 19.1374601 ], [ 73.0059654, 19.1374454 ], [ 73.0059478, 19.1374364 ], [ 73.0059447, 19.1374361 ], [ 73.0059472, 19.1374204 ], [ 73.005951, 19.1374208 ], [ 73.0059708, 19.1374152 ], [ 73.0059867, 19.137403 ], [ 73.0059965, 19.1373859 ], [ 73.0059986, 19.1373665 ], [ 73.0059928, 19.1373479 ], [ 73.0059798, 19.1373328 ], [ 73.0059617, 19.1373236 ], [ 73.0059412, 19.1373216 ], [ 73.0059215, 19.1373271 ], [ 73.0059055, 19.1373394 ], [ 73.0058957, 19.1373565 ], [ 73.0058952, 19.1373615 ], [ 73.0058803, 19.1373596 ], [ 73.0058752, 19.1373434 ], [ 73.005864, 19.1373303 ], [ 73.0058483, 19.1373223 ], [ 73.0058306, 19.1373206 ], [ 73.0058135, 19.1373254 ], [ 73.0057996, 19.137336 ], [ 73.0057911, 19.1373508 ], [ 73.0057893, 19.1373676 ], [ 73.0057944, 19.1373837 ], [ 73.0058056, 19.1373968 ], [ 73.0058213, 19.1374048 ], [ 73.0058227, 19.137405 ], [ 73.0058195, 19.1374226 ] ], [ [ 73.0058838, 19.1374684 ], [ 73.0058628, 19.1374658 ], [ 73.0058636, 19.1374581 ], [ 73.005859, 19.1374433 ], [ 73.0058487, 19.1374314 ], [ 73.0058344, 19.1374241 ], [ 73.0058375, 19.1374064 ], [ 73.0058391, 19.1374066 ], [ 73.0058562, 19.1374018 ], [ 73.00587, 19.1373911 ], [ 73.0058785, 19.1373763 ], [ 73.0058786, 19.1373755 ], [ 73.0058941, 19.1373774 ], [ 73.0058995, 19.1373944 ], [ 73.0059125, 19.1374095 ], [ 73.0059299, 19.1374184 ], [ 73.0059273, 19.1374346 ], [ 73.0059088, 19.1374399 ], [ 73.0058933, 19.1374518 ], [ 73.0058838, 19.1374684 ] ], [ [ 73.0056477, 19.1375133 ], [ 73.0056519, 19.1375267 ], [ 73.0056623, 19.1375388 ], [ 73.0056768, 19.1375462 ], [ 73.0056789, 19.1375464 ], [ 73.0056766, 19.1375669 ], [ 73.0056663, 19.1375683 ], [ 73.0056529, 19.1375759 ], [ 73.0056436, 19.1375878 ], [ 73.0056418, 19.1375948 ], [ 73.005618, 19.1375949 ], [ 73.0056164, 19.137585 ], [ 73.0056083, 19.1375723 ], [ 73.0055957, 19.1375635 ], [ 73.0055863, 19.1375613 ], [ 73.0055875, 19.137537 ], [ 73.0055979, 19.1375356 ], [ 73.0056109, 19.1375285 ], [ 73.0056199, 19.1375172 ], [ 73.0056211, 19.1375129 ], [ 73.0056477, 19.1375133 ] ] ] ] } },
{ "type": "Feature", "properties": { "osm_id": "6191378", "name": null, "building": "yes", "height_m": 7.8 }, "geometry": { "type": "MultiPolygon", "coordinates": [ [ [ [ 73.0064697, 19.1378061 ], [ 73.0064651, 19.1377965 ], [ 73.006457, 19.1377894 ], [ 73.0064528, 19.1377879 ], [ 73.0064532, 19.1377729 ], [ 73.0064557, 19.1377728 ], [ 73.0064657, 19.1377685 ], [ 73.0064733, 19.1377608 ], [ 73.0064772, 19.137751 ], [ 73.0064768, 19.1377405 ], [ 73.0064722, 19.137731 ], [ 73.0064641, 19.1377238 ], [ 73.0064574, 19.1377215 ], [ 73.0064581, 19.1377074 ], [ 73.006465, 19.1377072 ], [ 73.0064751, 19.1377028 ], [ 73.0064826, 19.1376951 ], [ 73.0064865, 19.1376853 ], [ 73.0064861, 19.1376749 ], [ 73.0064815, 19.1376653 ], [ 73.0064734, 19.1376582 ], [ 73.006463, 19.1376545 ], [ 73.0064519, 19.1376549 ], [ 73.0064418, 19.1376592 ], [ 73.0064342, 19.1376669 ], [ 73.0064304, 19.1376767 ], [ 73.0064305, 19.1376801 ], [ 73.0064132, 19.1376797 ], [ 73.0064138, 19.1376783 ], [ 73.0064134, 19.1376678 ], [ 73.0064088, 19.1376583 ], [ 73.0064007, 19.1376511 ], [ 73.0063903, 19.1376475 ], [ 73.0063792, 19.1376478 ], [ 73.0063691, 19.1376522 ], [ 73.0063616, 19.1376599 ], [ 73.0063577, 19.1376697 ], [ 73.0063581, 19.1376802 ], [ 73.0063627, 19.1376897 ], [ 73.0063708, 19.1376968 ], [ 73.0063779, 19.1376993 ], [ 73.006377, 19.1377135 ], [ 73.0063698, 19.1377137 ], [ 73.0063597, 19.1377181 ], [ 73.0063522, 19.1377258 ], [ 73.0063483, 19.1377356 ], [ 73.0063487, 19.137746 ], [ 73.0063533, 19.1377556 ], [ 73.0063614, 19.1377627 ], [ 73.0063712, 19.1377661 ], [ 73.00637, 19.1377811 ], [ 73.0063638, 19.1377814 ], [ 73.0063537, 19.1377857 ], [ 73.0063462, 19.1377934 ], [ 73.0063423, 19.1378032 ], [ 73.0063427, 19.1378137 ], [ 73.0063473, 19.1378232 ], [ 73.0063554, 19.1378303 ], [ 73.0063658, 19.137834 ], [ 73.0063769, 19.1378336 ], [ 73.006387, 19.1378293 ], [ 73.0063945, 19.1378216 ], [ 73.0063974, 19.1378143 ], [ 73.0064143, 19.1378149 ], [ 73.0064144, 19.1378184 ], [ 73.006419, 19.1378279 ], [ 73.0064271, 19.1378351 ], [ 73.0064375, 19.1378387 ], [ 73.0064486, 19.1378384 ], [ 73.0064587, 19.137834 ], [ 73.0064663, 19.1378263 ], [ 73.0064701, 19.1378165 ], [ 73.0064697, 19.1378061 ] ], [ [ 73.0064472, 19.1377052 ], [ 73.0064465, 19.1377204 ], [ 73.0064426, 19.1377205 ], [ 73.0064325, 19.1377249 ], [ 73.0064249, 19.1377326 ], [ 73.0064239, 19.1377353 ], [ 73.0064041, 19.1377351 ], [ 73.006404, 19.1377337 ], [ 73.0063994, 19.1377242 ], [ 73.0063913, 19.137717 ], [ 73.0063863, 19.1377152 ], [ 73.0063873, 19.1377003 ], [ 73.0063923, 19.1377001 ], [ 73.0064024, 19.1376958 ], [ 73.0064086, 19.1376895 ], [ 73.0064321, 19.13769 ], [ 73.0064354, 19.1376967 ], [ 73.0064435, 19.1377039 ], [ 73.0064472, 19.1377052 ] ], [ [ 73.0064159, 19.1378032 ], [ 73.006398, 19.1378026 ], [ 73.006398, 19.1378013 ], [ 73.0063934, 19.1377918 ], [ 73.0063853, 19.1377846 ], [ 73.0063791, 19.1377825 ], [ 73.0063804, 19.1377661 ], [ 73.0063829, 19.137766 ], [ 73.006393, 19.1377616 ], [ 73.0064005, 19.137754 ], [ 73.0064025, 19.137749 ], [ 73.0064213, 19.1377492 ], [ 73.0064215, 19.1377528 ], [ 73.0064261, 19.1377624 ], [ 73.0064342, 19.1377695 ], [ 73.0064431, 19.1377727 ], [ 73.0064427, 19.1377859 ], [ 73.0064355, 19.1377861 ], [ 73.0064255, 19.1377905 ], [ 73.0064179, 19.1377981 ], [ 73.0064159, 19.1378032 ] ] ] ] } },
{ "type": "Feature", "properties": { "osm_id": "6191451", "name": null, "building": "yes", "height_m": 18.7 }, "geometry": { "type": "MultiPolygon", "coordinates": [ [ [ [ 73.0090933, 19.1251072 ], [ 73.009517, 19.1251256 ], [ 73.0092602, 19.1252626 ], [ 73.0086559, 19.1252346 ], [ 73.0086383, 19.125574 ], [ 73.0092617, 19.1256028 ], [ 73.0090026, 19.1257459 ], [ 73.0084784, 19.1257198 ], [ 73.0084593, 19.1260621 ], [ 73.0089867, 19.1260884 ], [ 73.0089817, 19.1261771 ], [ 73.0090808, 19.126182 ], [ 73.0090858, 19.1260933 ], [ 73.0094963, 19.1261138 ], [ 73.0094917, 19.1261958 ], [ 73.0095856, 19.1262005 ], [ 73.0095902, 19.1261185 ], [ 73.0100283, 19.1261403 ], [ 73.0100474, 19.1257981 ], [ 73.0097192, 19.1257817 ], [ 73.0099517, 19.1256348 ], [ 73.0107092, 19.1256699 ], [ 73.0107038, 19.1257725 ], [ 73.0107999, 19.125777 ], [ 73.0108052, 19.1256743 ], [ 73.0113166, 19.125698 ], [ 73.0113342, 19.1253586 ], [ 73.0109127, 19.1253382 ], [ 73.0111431, 19.1251965 ], [ 73.0120086, 19.1252342 ], [ 73.0120247, 19.1249059 ], [ 73.0111032, 19.1248658 ], [ 73.011108, 19.1247678 ], [ 73.0110059, 19.1247634 ], [ 73.0110011, 19.1248613 ], [ 73.0101722, 19.1248252 ], [ 73.010176, 19.1247473 ], [ 73.0100715, 19.1247427 ], [ 73.0100677, 19.1248207 ], [ 73.0096519, 19.1248025 ], [ 73.0096566, 19.1247057 ], [ 73.0095523, 19.1247012 ], [ 73.0095476, 19.124798 ], [ 73.0091093, 19.1247789 ], [ 73.0090933, 19.1251072 ] ], [ [ 73.0094376, 19.125611 ], [ 73.0097537, 19.1256256 ], [ 73.0095096, 19.1257712 ], [ 73.0092065, 19.1257561 ], [ 73.0094376, 19.125611 ] ], [ [ 73.0102123, 19.1251559 ], [ 73.0109479, 19.125188 ], [ 73.0107112, 19.1253297 ], [ 73.0100111, 19.1252973 ], [ 73.0102123, 19.1251559 ] ], [ [ 73.0097038, 19.1251338 ], [ 73.0100175, 19.1251474 ], [ 73.0097836, 19.1252868 ], [ 73.0094965, 19.1252735 ], [ 73.0097038, 19.1251338 ] ] ] ] } },
{ "type": "Feature", "properties": { "osm_id": "6191452", "name": null, "building": "yes", "height_m": 22.1 }, "geometry": { "type": "MultiPolygon", "coordinates": [ [ [ [ 73.0076274, 19.1255317 ], [ 73.007392, 19.1256661 ], [ 73.0076225, 19.125678 ], [ 73.0076038, 19.1260327 ], [ 73.0072764, 19.1260163 ], [ 73.0072686, 19.1261513 ], [ 73.0076225, 19.1261696 ], [ 73.0075957, 19.1265193 ], [ 73.0072609, 19.1265045 ], [ 73.0072562, 19.126598 ], [ 73.0071408, 19.126593 ], [ 73.0071454, 19.1264994 ], [ 73.0068287, 19.1264855 ], [ 73.006824, 19.1265802 ], [ 73.0067169, 19.1265754 ], [ 73.0067215, 19.1264808 ], [ 73.0058684, 19.1264433 ], [ 73.0060191, 19.1263111 ], [ 73.0058792, 19.1263096 ], [ 73.0057939, 19.1263641 ], [ 73.0057363, 19.1263907 ], [ 73.0056933, 19.1264984 ], [ 73.005584, 19.1264547 ], [ 73.0056216, 19.1263571 ], [ 73.0055733, 19.1262735 ], [ 73.0055545, 19.1260885 ], [ 73.0055599, 19.1258832 ], [ 73.0055706, 19.12583 ], [ 73.0057772, 19.1257236 ], [ 73.0058898, 19.1255918 ], [ 73.0059596, 19.1254549 ], [ 73.005981, 19.1252421 ], [ 73.0059354, 19.1251179 ], [ 73.0058925, 19.1250419 ], [ 73.0060239, 19.1248772 ], [ 73.0062305, 19.1247162 ], [ 73.0063525, 19.1246808 ], [ 73.0063833, 19.1246035 ], [ 73.0064973, 19.1246459 ], [ 73.0064932, 19.1246555 ], [ 73.007065, 19.1246865 ], [ 73.0070684, 19.1246018 ], [ 73.007181, 19.1246058 ], [ 73.0071776, 19.1246905 ], [ 73.0074753, 19.1247012 ], [ 73.007479, 19.1246101 ], [ 73.0076075, 19.1246147 ], [ 73.0076039, 19.1247058 ], [ 73.0079283, 19.1247175 ], [ 73.0079068, 19.1250571 ], [ 73.0075724, 19.1250423 ], [ 73.0075636, 19.1251963 ], [ 73.0079122, 19.1252142 ], [ 73.0078907, 19.1255436 ], [ 73.0076274, 19.1255317 ] ], [ [ 73.0064305, 19.1253161 ], [ 73.0065443, 19.1253206 ], [ 73.0065738, 19.1251458 ], [ 73.0070356, 19.1251694 ], [ 73.0070442, 19.1250189 ], [ 73.0065872, 19.1249988 ], [ 73.0065892, 19.1248692 ], [ 73.0064699, 19.1248675 ], [ 73.0064799, 19.1249171 ], [ 73.0064873, 19.1250831 ], [ 73.0064305, 19.1253161 ] ], [ [ 73.0067317, 19.1259892 ], [ 73.0062814, 19.1259668 ], [ 73.0063357, 19.1258447 ], [ 73.0062366, 19.1258351 ], [ 73.0061936, 19.1259269 ], [ 73.0059978, 19.126207 ], [ 73.0059279, 19.1262689 ], [ 73.0060585, 19.1262766 ], [ 73.0061983, 19.1260961 ], [ 73.0067239, 19.1261232 ], [ 73.0067317, 19.1259892 ] ], [ [ 73.0074651, 19.1250375 ], [ 73.0071541, 19.1250238 ], [ 73.0071455, 19.125175 ], [ 73.0074563, 19.1251909 ], [ 73.0074651, 19.1250375 ] ], [ [ 73.0064209, 19.1253515 ], [ 73.0063599, 19.1255722 ], [ 73.0062552, 19.1257954 ], [ 73.0063543, 19.1258029 ], [ 73.006437, 19.1256171 ], [ 73.0067593, 19.1256336 ], [ 73.0070136, 19.125504 ], [ 73.006488, 19.1254803 ], [ 73.0065274, 19.1253559 ], [ 73.0064209, 19.1253515 ] ], [ [ 73.006464, 19.1248383 ], [ 73.0065897, 19.12484 ], [ 73.0064875, 19.1246687 ], [ 73.0064444, 19.1247695 ], [ 73.0064591, 19.1248138 ], [ 73.006464, 19.1248383 ] ], [ [ 73.0071922, 19.125512 ], [ 73.0069793, 19.1256449 ], [ 73.0071907, 19.1256558 ], [ 73.0074035, 19.1255216 ], [ 73.0071922, 19.125512 ] ], [ [ 73.0071532, 19.1260102 ], [ 73.0068367, 19.1259944 ], [ 73.006829, 19.1261286 ], [ 73.0071454, 19.1261449 ], [ 73.0071532, 19.1260102 ] ] ] ] } },
{ "type": "Feature", "properties": { "osm_id": "6191638", "name": null, "building": "yes", "height_m": 3.4 }, "geometry": { "type": "MultiPolygon", "coordinates": [ [ [ [ 72.9997076, 19.1407547 ], [ 72.9999814, 19.140735 ], [ 72.9999733, 19.1406349 ], [ 72.9996995, 19.1406545 ], [ 72.9997076, 19.1407547 ] ], [ [ 72.999801, 19.1407085 ], [ 72.999955, 19.1406974 ], [ 72.9999533, 19.1406754 ], [ 72.9997992, 19.1406865 ], [ 72.999801, 19.1407085 ] ] ] ] } },
{ "type": "Feature", "properties": { "osm_id": "6191723", "name": null, "building": "yes", "height_m": 15.5 }, "geometry": { "type": "MultiPolygon", "coordinates": [ [ [ [ 73.0002572, 19.139726 ], [ 73.0004004, 19.1397633 ], [ 73.0004509, 19.1395899 ], [ 73.0003078, 19.1395526 ], [ 73.0002572, 19.139726 ] ], [ [ 73.0003346, 19.1396779 ], [ 73.0003765, 19.139692 ], [ 73.0003907, 19.1396542 ], [ 73.0003488, 19.1396402 ], [ 73.0003346, 19.1396779 ] ] ] ] } },
{ "type": "Feature", "properties": { "osm_id": "6191913", "name": null, "building": "yes", "height_m": 3.0 }, "geometry": { "type": "MultiPolygon", "coordinates": [ [ [ [ 73.0021188, 19.0864066 ], [ 73.0022348, 19.0863826 ], [ 73.0022811, 19.0863154 ], [ 73.002259, 19.086235 ], [ 73.0021611, 19.0862488 ], [ 73.0020893, 19.0862995 ], [ 73.0021188, 19.0864066 ] ], [ [ 73.0021363, 19.0863388 ], [ 73.0022301, 19.0863046 ], [ 73.0022212, 19.0862827 ], [ 73.0021274, 19.086317 ], [ 73.0021363, 19.0863388 ] ] ] ] } },
{ "type": "Feature", "properties": { "osm_id": "6191977", "name": null, "building": "yes", "height_m": 7.6 }, "geometry": { "type": "MultiPolygon", "coordinates": [ [ [ [ 72.9851699, 19.0728377 ], [ 72.9855769, 19.0727988 ], [ 72.9855699, 19.0727328 ], [ 72.9856177, 19.0727283 ], [ 72.9856024, 19.0725852 ], [ 72.9855645, 19.0725888 ], [ 72.9855543, 19.0724927 ], [ 72.9851374, 19.0725326 ], [ 72.9851446, 19.0726005 ], [ 72.9851006, 19.0726047 ], [ 72.985116, 19.0727493 ], [ 72.9851601, 19.072745 ], [ 72.9851699, 19.0728377 ] ], [ [ 72.9852134, 19.072731 ], [ 72.9853004, 19.0727228 ], [ 72.985289, 19.0726164 ], [ 72.985202, 19.0726246 ], [ 72.9852134, 19.072731 ] ], [ [ 72.9853479, 19.0727168 ], [ 72.9855117, 19.0727011 ], [ 72.9855008, 19.0725983 ], [ 72.985337, 19.0726139 ], [ 72.9853479, 19.0727168 ] ] ] ] } },
{ "type": "Feature", "properties": { "osm_id": "6192098", "name": null, "building": "school", "height_m": 9.6 }, "geometry": { "type": "MultiPolygon", "coordinates": [ [ [ [ 73.000944, 19.078544 ], [ 73.0013241, 19.0785062 ], [ 73.001317, 19.078442 ], [ 73.0013629, 19.0784375 ], [ 73.0013474, 19.0782981 ], [ 73.0013073, 19.0783021 ], [ 73.0012982, 19.0782201 ], [ 73.0009038, 19.0782593 ], [ 73.0009104, 19.0783181 ], [ 73.0008681, 19.0783223 ], [ 73.0008835, 19.078461 ], [ 73.0009342, 19.078456 ], [ 73.000944, 19.078544 ] ], [ [ 73.0011756, 19.078437 ], [ 73.0012767, 19.0784269 ], [ 73.0012635, 19.0783077 ], [ 73.0011623, 19.0783178 ], [ 73.0011756, 19.078437 ] ], [ [ 73.0009691, 19.0784554 ], [ 73.0011371, 19.0784387 ], [ 73.0011233, 19.0783147 ], [ 73.0009553, 19.0783314 ], [ 73.0009691, 19.0784554 ] ] ] ] } },
{ "type": "Feature", "properties": { "osm_id": "6192148", "name": null, "building": "apartments", "height_m": 10.7 }, "geometry": { "type": "MultiPolygon", "coordinates": [ [ [ [ 72.9990625, 19.070276 ], [ 72.9994794, 19.0702353 ], [ 72.9994528, 19.069993 ], [ 72.999036, 19.0700337 ], [ 72.9990625, 19.070276 ] ], [ [ 72.9991368, 19.0701909 ], [ 72.9993843, 19.0701731 ], [ 72.9993765, 19.0700768 ], [ 72.9991291, 19.0700946 ], [ 72.9991368, 19.0701909 ] ] ] ] } },
{ "type": "Feature", "properties": { "osm_id": "6193446", "name": null, "building": "yes", "height_m": 0.2 }, "geometry": { "type": "MultiPolygon", "coordinates": [ [ [ [ 73.0019034, 19.1251532 ], [ 73.0026037, 19.125231 ], [ 73.0026611, 19.1247695 ], [ 73.0019608, 19.1246917 ], [ 73.0019034, 19.1251532 ] ], [ [ 73.0020392, 19.1251101 ], [ 73.002488, 19.1251561 ], [ 73.0025182, 19.1248932 ], [ 73.0020693, 19.1248472 ], [ 73.0020392, 19.1251101 ] ] ] ] } },
{ "type": "Feature", "properties": { "osm_id": "6193454", "name": "B1", "building": "school", "height_m": 8.2 }, "geometry": { "type": "MultiPolygon", "coordinates": [ [ [ [ 73.0094285, 19.0341694 ], [ 73.0097599, 19.034152 ], [ 73.0097591, 19.0341391 ], [ 73.0098072, 19.0341366 ], [ 73.0098062, 19.0341208 ], [ 73.009871, 19.0341174 ], [ 73.0098685, 19.0340743 ], [ 73.0098868, 19.0340733 ], [ 73.0098728, 19.0338337 ], [ 73.0099128, 19.0338316 ], [ 73.0099062, 19.0337182 ], [ 73.0094036, 19.0337446 ], [ 73.0094285, 19.0341694 ] ], [ [ 73.0095625, 19.0341199 ], [ 73.0096638, 19.0341146 ], [ 73.0096604, 19.0340577 ], [ 73.0097079, 19.0340552 ], [ 73.0096989, 19.0339015 ], [ 73.0095502, 19.0339093 ], [ 73.0095625, 19.0341199 ] ] ] ] } },
{ "type": "Feature", "properties": { "osm_id": "6193455", "name": null, "building": "yes", "height_m": 12.5 }, "geometry": { "type": "MultiPolygon", "coordinates": [ [ [ [ 73.0296555, 19.0173014 ], [ 73.0297273, 19.0172995 ], [ 73.0297293, 19.0173756 ], [ 73.0297896, 19.0173769 ], [ 73.0297957, 19.0174441 ], [ 73.0298587, 19.017446 ], [ 73.0298667, 19.0175157 ], [ 73.0299331, 19.0175208 ], [ 73.0299365, 19.0175981 ], [ 73.0300082, 19.0175962 ], [ 73.0300069, 19.0175271 ], [ 73.0300874, 19.0175259 ], [ 73.0300922, 19.0174679 ], [ 73.0301593, 19.0174729 ], [ 73.0301644, 19.0174116 ], [ 73.0300973, 19.0174066 ], [ 73.0301055, 19.0173078 ], [ 73.0300317, 19.0173027 ], [ 73.0300304, 19.0172311 ], [ 73.0299653, 19.0172298 ], [ 73.02997, 19.0171601 ], [ 73.0298936, 19.0171525 ], [ 73.0298989, 19.0170853 ], [ 73.0298205, 19.0170827 ], [ 73.0298144, 19.0171556 ], [ 73.0297387, 19.0171531 ], [ 73.0297307, 19.0172267 ], [ 73.029657, 19.0172254 ], [ 73.0296555, 19.0173014 ] ], [ [ 73.0299476, 19.01744 ], [ 73.0300115, 19.0174429 ], [ 73.0300148, 19.0173789 ], [ 73.0299509, 19.017376 ], [ 73.0299476, 19.01744 ] ], [ [ 73.0298064, 19.0172957 ], [ 73.0298769, 19.0172982 ], [ 73.0298796, 19.0172291 ], [ 73.0298091, 19.0172266 ], [ 73.0298064, 19.0172957 ] ] ] ] } },
{ "type": "Feature", "properties": { "osm_id": "9045940", "name": null, "building": "yes", "height_m": 8.3 }, "geometry": { "type": "MultiPolygon", "coordinates": [ [ [ [ 73.013535, 19.019474 ], [ 73.0139964, 19.0191023 ], [ 73.0137067, 19.0188092 ], [ 73.0133152, 19.0191551 ], [ 73.0134062, 19.0192471 ], [ 73.0134346, 19.019222 ], [ 73.0135538, 19.0193426 ], [ 73.0134681, 19.0194184 ], [ 73.013535, 19.019474 ] ], [ [ 73.013696, 19.0189867 ], [ 73.0138239, 19.0191163 ], [ 73.0136425, 19.0192762 ], [ 73.0135146, 19.0191466 ], [ 73.013696, 19.0189867 ] ] ] ] } },
{ "type": "Feature", "properties": { "osm_id": "14167038", "name": null, "building": "yes", "height_m": 19.0 }, "geometry": { "type": "MultiPolygon", "coordinates": [ [ [ [ 73.0236013, 19.0125531 ], [ 73.0235444, 19.0125515 ], [ 73.0234999, 19.0127375 ], [ 73.0235382, 19.0127378 ], [ 73.0236482, 19.0128644 ], [ 73.0237226, 19.0128087 ], [ 73.0236912, 19.0127528 ], [ 73.0237127, 19.0127299 ], [ 73.0237304, 19.0126169 ], [ 73.023698, 19.0126026 ], [ 73.0237628, 19.0125392 ], [ 73.0237286, 19.0124635 ], [ 73.0236013, 19.0125531 ] ] ], [ [ [ 73.0233628, 19.0128001 ], [ 73.0234338, 19.0124119 ], [ 73.023569, 19.0124278 ], [ 73.0234999, 19.0127375 ], [ 73.0234845, 19.0128064 ], [ 73.0233628, 19.0128001 ] ] ] ] } },
{ "type": "Feature", "properties": { "osm_id": "14899624", "name": "Silicon Tower", "building": "residential", "height_m": 40.8 }, "geometry": { "type": "MultiPolygon", "coordinates": [ [ [ [ 73.0034453, 19.0660237 ], [ 73.0035094, 19.0660391 ], [ 73.0035172, 19.0660102 ], [ 73.0035712, 19.0660232 ], [ 73.0035634, 19.0660521 ], [ 73.0036169, 19.0660649 ], [ 73.003638, 19.0659863 ], [ 73.0037287, 19.066008 ], [ 73.0037076, 19.0660866 ], [ 73.0037629, 19.0660999 ], [ 73.0037691, 19.0660769 ], [ 73.0038209, 19.0660893 ], [ 73.0038147, 19.0661123 ], [ 73.0038446, 19.0661195 ], [ 73.0038515, 19.066094 ], [ 73.0038915, 19.0661036 ], [ 73.0038998, 19.0660726 ], [ 73.0038695, 19.0660653 ], [ 73.0038852, 19.0660066 ], [ 73.0039156, 19.0660139 ], [ 73.0039255, 19.0659767 ], [ 73.0038323, 19.0659544 ], [ 73.0038635, 19.0658383 ], [ 73.0039567, 19.0658606 ], [ 73.0039979, 19.0657072 ], [ 73.0039238, 19.0656895 ], [ 73.0039144, 19.0657246 ], [ 73.0038641, 19.0657125 ], [ 73.0038735, 19.0656774 ], [ 73.003844, 19.0656703 ], [ 73.0038234, 19.0657468 ], [ 73.0037066, 19.0657188 ], [ 73.0037187, 19.0656737 ], [ 73.0035501, 19.0656333 ], [ 73.0035155, 19.0657623 ], [ 73.0036028, 19.0657832 ], [ 73.0035758, 19.0658837 ], [ 73.0034885, 19.0658628 ], [ 73.0034453, 19.0660237 ] ], [ [ 73.0036577, 19.0659032 ], [ 73.0037792, 19.0659261 ], [ 73.0038037, 19.0658101 ], [ 73.0036822, 19.0657872 ], [ 73.0036577, 19.0659032 ] ] ] ] } },
{ "type": "Feature", "properties": { "osm_id": "15654460", "name": "Parsik Hill Ancient Fort", "building": "yes", "height_m": 2.9 }, "geometry": { "type": "MultiPolygon", "coordinates": [ [ [ [ 73.0317504, 19.031911 ], [ 73.0315455, 19.031911 ], [ 73.0315827, 19.0315235 ], [ 73.0316146, 19.0313711 ], [ 73.0316985, 19.0313701 ], [ 73.0318403, 19.0313683 ], [ 73.0318892, 19.0313922 ], [ 73.0318871, 19.031911 ], [ 73.0317504, 19.031911 ] ] ] ] } },
{ "type": "Feature", "properties": { "osm_id": "16095576", "name": "Kacher Nandan (Vighnahar Heights)", "building": "apartments", "height_m": 13.5 }, "geometry": { "type": "MultiPolygon", "coordinates": [ [ [ [ 72.9907351, 19.1479321 ], [ 72.9909944, 19.1479547 ], [ 72.9909964, 19.1477645 ], [ 72.9908419, 19.1477594 ], [ 72.9908416, 19.1478164 ], [ 72.9907356, 19.1478139 ], [ 72.9907351, 19.1479321 ] ] ] ] } },
{ "type": "Feature", "properties": { "osm_id": null, "name": "Vashi Toll Booth", "building": "transportation", "height_m": 6.6 }, "geometry": { "type": "MultiPolygon", "coordinates": [ [ [ [ 72.9802165, 19.0644393 ], [ 72.9803832, 19.0645188 ], [ 72.9806428, 19.0640329 ], [ 72.9804762, 19.0639533 ], [ 72.9802165, 19.0644393 ] ] ] ] } }
]
}
