<?xml version="1.0" encoding="UTF-8"?>
<kml xmlns="http://www.opengis.net/kml/2.2">
<Document><name>wards_thane</name><Placemark><name></name><ExtendedData><Data name="tessellate"><value>-1</value></Data><Data name="extrude"><value>0</value></Data><Data name="visibility"><value>-1</value></Data><Data name="objectid"><value>1.0</value></Data><Data name="id2"><value>2514713</value></Data><Data name="townname"><value>Thane</value></Data><Data name="towncensuscode2011"><value>802787</value></Data><Data name="state"><value>Maharashtra</value></Data><Data name="lgd_code"><value>251471.0</value></Data><Data name="lgd_name"><value>Ward No.1</value></Data><Data name="sourcewardcode"><value>1</value></Data><Data name="st_area(shape)"><value>17669120.0232494</value></Data><Data name="st_length(shape)"><value>24208.1739830661</value></Data></ExtendedData><Polygon><outerBoundaryIs><LinearRing><coordinates>19.2999075,72.9594388 19.2996462,72.9619742 19.2992265,72.9660474 19.2979661,72.9687182 19.2971234,72.9705039 19.2902533,72.9810509 19.2895871,72.9816686 19.2880099,72.9831306 19.2853459,72.9853589 19.2819807,72.9880328 19.2773535,72.9899639 19.2699216,72.990261 19.264032,72.9907067 19.2580756,72.9931043 19.257542,72.991659 19.2573896,72.9910217 19.2572532,72.9903759 19.257181,72.9899765 19.2570687,72.9897981 19.2572211,72.9896111 19.2559617,72.9867306 19.2574484,72.9867972 19.257915,72.9858575 19.2582666,72.9850256 19.2585524,72.9842599 19.2589137,72.9843938 19.259756,72.9847252 19.2604779,72.9850991 19.2612079,72.9857109 19.2625675,72.984775 19.2637438,72.9839502 19.2643417,72.9835986 19.2662244,72.9827981 19.2660404,72.9823596 19.2656855,72.981573 19.265564,72.9812841 19.2655213,72.9811031 19.2655147,72.9809152 19.2654884,72.9806646 19.2653898,72.9804314 19.2652256,72.9801564 19.2649791,72.9798502 19.2648379,72.9797492 19.2647553,72.9796513 19.2643651,72.9785583 19.2640109,72.9780688 19.2636772,72.9776501 19.2633179,72.9773564 19.2630355,72.9772531 19.2626915,72.9771824 19.2621063,72.9771389 19.2618599,72.9771171 19.2603116,72.9767022 19.2596369,72.9765135 19.2590209,72.9762633 19.2588727,72.9761399 19.2582685,72.9763153 19.2579603,72.9762497 19.2577921,72.9762283 19.2575727,72.9762354 19.2573264,72.9760715 19.2572012,72.9760401 19.2571111,72.9760572 19.2560048,72.9765676 19.2560209,72.9763566 19.2559994,72.976254 19.255916,72.9761727 19.2557841,72.9762297 19.2556199,72.9762212 19.255418,72.9760373 19.2551515,72.9758619 19.2550708,72.9757479 19.2549766,72.9757379 19.2546459,72.9755594 19.2545486,72.975631 19.2542444,72.9756552 19.2537989,72.9756281 19.2538341,72.9753186 19.2533637,72.9751472 19.2533522,72.9751748 19.2532972,72.9751513 19.253384,72.9749461 19.2533946,72.9749011 19.2533869,72.9748542 19.2533724,72.9748389 19.2533502,72.9748337 19.2533271,72.9748358 19.253274,72.9748548 19.2532216,72.974869 19.2531229,72.9748991 19.2530112,72.9749076 19.2529404,72.9748975 19.2527728,72.9748004 19.2526239,72.9746645 19.2524545,72.9744578 19.252398,72.9742403 19.2518538,72.9741642 19.2514995,72.9738488 19.2511915,72.9737998 19.2509229,72.9739247 19.2506722,72.9734202 19.2512237,72.9730882 19.2543573,72.9718004 19.2669593,72.9667451 19.2680983,72.9662182 19.2688362,72.9657849 19.2704004,72.9649097 19.2711544,72.9643149 19.2714415,72.9640143 19.2716677,72.963737 19.274451,72.9601342 19.2747638,72.9598283 19.2751568,72.9594714 19.2776273,72.9574066 19.2783973,72.9567608 19.2789748,72.9563105 19.2795763,72.9559026 19.2814371,72.9549679 19.2817098,72.9548064 19.282191,72.9543901 19.2823835,72.9541692 19.2830193,72.9529702 19.2834397,72.9523893 19.2836204,72.9521108 19.2837157,72.9518811 19.2837711,72.951671 19.2839391,72.9504298 19.2838491,72.9496545 19.2834095,72.9491925 19.2832182,72.9491391 19.2829659,72.949119 19.2822678,72.9491368 19.2820475,72.9490379 19.2819384,72.948994 19.2818515,72.949012 19.2817183,72.9491872 19.277661,72.9443285 19.2794679,72.9416068 19.2814127,72.9405905 19.2806639,72.9340409 19.2811738,72.9310881 19.2824772,72.9312976 19.2836138,72.9315413 19.2839161,72.931583 19.2841641,72.9315743 19.2843054,72.9315543 19.2845113,72.9315343 19.2846472,72.9315358 19.2847589,72.9315614 19.2848437,72.9315928 19.2867146,72.9289239 19.2887723,72.930629 19.2881528,72.9318568 19.2879448,72.932618 19.2878961,72.9327961 19.2878955,72.9354537 19.2880841,72.9374022 19.2885699,72.9385154 19.2887157,72.9388493 19.288819,72.939086 19.2892669,72.9395381 19.2901479,72.9400122 19.2908305,72.9403794 19.292034,72.9410374 19.2930986,72.9416194 19.2936158,72.9420537 19.2945016,72.9427978 19.2955238,72.9439229 19.2957044,72.9441392 19.296511,72.9451058 19.2971174,72.946528 19.297185,72.9466864 19.2976782,72.9480592 19.2982341,72.9496065 19.2987746,72.9517425 19.2988708,72.9524786 19.299189,72.9538107 19.2995374,72.9552693 19.2998892,72.9579287 19.2998883,72.9594249 19.2998883,72.9594576 19.2999075,72.9594388</coordinates></LinearRing></outerBoundaryIs></Polygon></Placemark><Placemark><name></name><ExtendedData><Data name="tessellate"><value>-1</value></Data><Data name="extrude"><value>0</value></Data><Data name="visibility"><value>-1</value></Data><Data name="objectid"><value>2.0</value></Data><Data name="id2"><value>2514715</value></Data><Data name="townname"><value>Thane</value></Data><Data name="towncensuscode2011"><value>802787</value></Data><Data name="state"><value>Maharashtra</value></Data><Data name="lgd_code"><value>251471.0</value></Data><Data name="lgd_name"><value>Ward No.2</value></Data><Data name="sourcewardcode"><value>2</value></Data><Data name="st_area(shape)"><value>3059370.48186493</value></Data><Data name="st_length(shape)"><value>9860.13093748187</value></Data></ExtendedData><Polygon><outerBoundaryIs><LinearRing><coordinates>19.2574484,72.9867972 19.2559617,72.9867306 19.2572211,72.9896111 19.2570687,72.9897981 19.257181,72.9899765 19.2572532,72.9903759 19.2573896,72.9910217 19.257542,72.991659 19.2580756,72.9931043 19.2575935,72.9932984 19.2570202,72.9935291 19.2530495,72.9961462 19.2529782,72.9943618 19.253548,72.9943074 19.2535224,72.9937364 19.2529679,72.9937418 19.2525977,72.9908582 19.2534873,72.9908424 19.2534762,72.9901363 19.2525572,72.9901526 19.2507756,72.9880208 19.2498977,72.9865633 19.2493021,72.986634 19.2486039,72.9864437 19.2480288,72.9865253 19.2475924,72.9862969 19.246812,72.9863295 19.2464783,72.985976 19.2459392,72.9853452 19.2454309,72.9850733 19.2440286,72.9846053 19.243995,72.984289 19.2441106,72.9840997 19.2441758,72.9839081 19.2442515,72.9836631 19.2441716,72.9834337 19.2440917,72.9833668 19.2437318,72.9833434 19.2438643,72.9829148 19.2435808,72.9829025 19.2438007,72.9827942 19.2441716,72.9825917 19.2444681,72.9824335 19.2448593,72.9823823 19.2457026,72.9823422 19.2458519,72.9823154 19.2459676,72.9821885 19.2460538,72.9820348 19.2463777,72.9813331 19.2464681,72.9811928 19.2466469,72.9809879 19.246363,72.980754 19.2463209,72.9807384 19.2462515,72.9807272 19.2461968,72.9807339 19.246159,72.9807183 19.2456164,72.9803953 19.2454566,72.9801525 19.2454061,72.9801102 19.2453367,72.9799833 19.2457257,72.9796068 19.2463041,72.9792437 19.2464113,72.9791613 19.2464597,72.9791101 19.246853,72.9783104 19.2469371,72.9782057 19.2470864,72.9781077 19.247139,72.9780654 19.2471831,72.977983 19.2472504,72.9778315 19.2473345,72.97766 19.2476269,72.9773882 19.2469203,72.9763413 19.2466153,72.9759047 19.2465838,72.97578 19.2466889,72.9757599 19.2468361,72.9757243 19.2469939,72.975682 19.2471327,72.9756263 19.2472925,72.9755528 19.2475007,72.9754436 19.2479297,72.9751607 19.249484,72.974127 19.2497061,72.973983 19.2506722,72.9734202 19.2509229,72.9739247 19.2511915,72.9737998 19.2514995,72.9738488 19.2518538,72.9741642 19.252398,72.9742403 19.2524545,72.9744578 19.2526239,72.9746645 19.2527728,72.9748004 19.2529404,72.9748975 19.2530112,72.9749076 19.2531229,72.9748991 19.2532216,72.974869 19.253274,72.9748548 19.2533271,72.9748358 19.2533502,72.9748337 19.2533724,72.9748389 19.2533869,72.9748542 19.2533946,72.9749011 19.253384,72.9749461 19.2532972,72.9751513 19.2533522,72.9751748 19.2533637,72.9751472 19.2538341,72.9753186 19.2537989,72.9756281 19.2542444,72.9756552 19.2545486,72.975631 19.2546459,72.9755594 19.2549766,72.9757379 19.2550708,72.9757479 19.2551515,72.9758619 19.255418,72.9760373 19.2556199,72.9762212 19.2557841,72.9762297 19.255916,72.9761727 19.2559994,72.976254 19.2560209,72.9763566 19.2560048,72.9765676 19.2571111,72.9760572 19.2572012,72.9760401 19.2573264,72.9760715 19.2575727,72.9762354 19.2577921,72.9762283 19.2579603,72.9762497 19.2582685,72.9763153 19.2588727,72.9761399 19.2590209,72.9762633 19.2596369,72.9765135 19.2603116,72.9767022 19.2618599,72.9771171 19.2621063,72.9771389 19.2626915,72.9771824 19.2630355,72.9772531 19.2633179,72.9773564 19.2636772,72.9776501 19.2640109,72.9780688 19.2643651,72.9785583 19.2647553,72.9796513 19.2648379,72.9797492 19.2649791,72.9798502 19.2652256,72.9801564 19.2653898,72.9804314 19.2654884,72.9806646 19.2655147,72.9809152 19.2655213,72.9811031 19.265564,72.9812841 19.2656855,72.981573 19.2660404,72.9823596 19.2662244,72.9827981 19.2643417,72.9835986 19.2637438,72.9839502 19.2625675,72.984775 19.2612079,72.9857109 19.2604779,72.9850991 19.259756,72.9847252 19.2589137,72.9843938 19.2585524,72.9842599 19.2582666,72.9850256 19.257915,72.9858575 19.2574484,72.9867972</coordinates></LinearRing></outerBoundaryIs></Polygon></Placemark><Placemark><name></name><ExtendedData><Data name="tessellate"><value>-1</value></Data><Data name="extrude"><value>0</value></Data><Data name="visibility"><value>-1</value></Data><Data name="objectid"><value>3.0</value></Data><Data name="id2"><value>2514716</value></Data><Data name="townname"><value>Thane</value></Data><Data name="towncensuscode2011"><value>802787</value></Data><Data name="state"><value>Maharashtra</value></Data><Data name="lgd_code"><value>251471.0</value></Data><Data name="lgd_name"><value>Ward No.5</value></Data><Data name="sourcewardcode"><value>5</value></Data><Data name="st_area(shape)"><value>16273631.1954884</value></Data><Data name="st_length(shape)"><value>21975.0704198245</value></Data></ExtendedData><Polygon><outerBoundaryIs><LinearRing><coordinates>19.2465838,72.97578 19.2463913,72.9757929 19.2460755,72.9758016 19.2426049,72.9758902 19.24202,72.9758409 19.241588,72.9757775 19.2406641,72.9756438 19.2400127,72.9756156 19.2393746,72.9756438 19.2347874,72.9761621 19.2330824,72.9763759 19.2330375,72.9758017 19.2330712,72.9742653 19.2330151,72.9734535 19.2328992,72.9724753 19.2324842,72.9710181 19.2321551,72.9698063 19.2316728,72.9693113 19.2308353,72.9692479 19.2307717,72.9695845 19.2304576,72.9700795 19.2300052,72.9700756 19.2311718,72.9655216 19.2312204,72.9651692 19.2311456,72.9645791 19.2310559,72.962512 19.2323391,72.9624933 19.2329067,72.9623972 19.2332245,72.9615735 19.2336643,72.9579882 19.2371345,72.9595474 19.2407957,72.9609716 19.2411135,72.9594272 19.2415809,72.9571898 19.2418399,72.9559172 19.242385,72.9554038 19.2430239,72.9542397 19.2430582,72.9539376 19.2431209,72.9537362 19.2431493,72.953623 19.2431172,72.9529252 19.2431172,72.952801 19.2430981,72.9526286 19.2431292,72.9523955 19.243256,72.952033 19.243378,72.9518404 19.2434618,72.9516656 19.2435144,72.9516123 19.2436221,72.9515692 19.2438372,72.9514117 19.2442583,72.9511911 19.2442736,72.9510111 19.2443333,72.9507872 19.2444696,72.9505893 19.2445202,72.950359 19.2445049,72.9502422 19.2445049,72.9499795 19.2446932,72.9495448 19.2448862,72.949368 19.2449903,72.9491652 19.2451618,72.9490922 19.2453318,72.9490695 19.2454926,72.9489965 19.24571,72.9487111 19.245944,72.9482429 19.2462945,72.9479583 19.2471824,72.9481006 19.2473577,72.9480882 19.2484282,72.9478159 19.2539119,72.9476922 19.2545778,72.9474323 19.254864,72.9471972 19.2558863,72.9456751 19.2573232,72.9448398 19.2594261,72.9420801 19.2595955,72.9392277 19.2585908,72.9375694 19.2631758,72.9361286 19.2719389,72.9372682 19.2747772,72.9327919 19.2780625,72.9314771 19.2823425,72.9292728 19.283328,72.9274745 19.2863634,72.9294248 19.2848437,72.9315928 19.2847589,72.9315614 19.2846472,72.9315358 19.2845113,72.9315343 19.2843054,72.9315543 19.2841641,72.9315743 19.2839161,72.931583 19.2836138,72.9315413 19.2824772,72.9312976 19.2811738,72.9310881 19.2806639,72.9340409 19.2814127,72.9405905 19.2794679,72.9416068 19.277661,72.9443285 19.2817183,72.9491872 19.2818515,72.949012 19.2819384,72.948994 19.2820475,72.9490379 19.2822678,72.9491368 19.2829659,72.949119 19.2832182,72.9491391 19.2834095,72.9491925 19.2838491,72.9496545 19.2839391,72.9504298 19.2837711,72.951671 19.2837157,72.9518811 19.2836204,72.9521108 19.2834397,72.9523893 19.2830193,72.9529702 19.2823835,72.9541692 19.282191,72.9543901 19.2817098,72.9548064 19.2814371,72.9549679 19.2795763,72.9559026 19.2789748,72.9563105 19.2783973,72.9567608 19.2776273,72.9574066 19.2751568,72.9594714 19.2747638,72.9598283 19.274451,72.9601342 19.2716677,72.963737 19.2714415,72.9640143 19.2711544,72.9643149 19.2704004,72.9649097 19.2688362,72.9657849 19.2680983,72.9662182 19.2669593,72.9667451 19.2543573,72.9718004 19.2512237,72.9730882 19.2506722,72.9734202 19.2497061,72.973983 19.249484,72.974127 19.2479297,72.9751607 19.2475007,72.9754436 19.2472925,72.9755528 19.2471327,72.9756263 19.2469939,72.975682 19.2468361,72.9757243 19.2466889,72.9757599 19.2465838,72.97578</coordinates></LinearRing></outerBoundaryIs></Polygon></Placemark><Placemark><name></name><ExtendedData><Data name="tessellate"><value>-1</value></Data><Data name="extrude"><value>0</value></Data><Data name="visibility"><value>-1</value></Data><Data name="objectid"><value>4.0</value></Data><Data name="id2"><value>2514718</value></Data><Data name="townname"><value>Thane</value></Data><Data name="towncensuscode2011"><value>802787</value></Data><Data name="state"><value>Maharashtra</value></Data><Data name="lgd_code"><value>251471.0</value></Data><Data name="lgd_name"><value>Ward No.3</value></Data><Data name="sourcewardcode"><value>3</value></Data><Data name="st_area(shape)"><value>3524136.51172902</value></Data><Data name="st_length(shape)"><value>10182.7333071959</value></Data></ExtendedData><Polygon><outerBoundaryIs><LinearRing><coordinates>19.253548,72.9943074 19.2529782,72.9943618 19.2530495,72.9961462 19.2507094,72.9976885 19.2483252,72.9997682 19.2454577,73.0002021 19.2451296,72.9969705 19.245004,72.9967476 19.2448785,72.996685 19.2442987,72.9966068 19.2440919,72.9962117 19.2439922,72.9960553 19.2438075,72.995891 19.2437115,72.9958167 19.2436524,72.9957228 19.2434678,72.9953395 19.2430062,72.9944046 19.2428769,72.9942247 19.2427588,72.9941035 19.2426332,72.9939822 19.242046,72.9934776 19.2414256,72.9929222 19.2406316,72.9922338 19.2403436,72.9919991 19.2397416,72.9914828 19.2388627,72.9907279 19.2386485,72.9906106 19.2381647,72.9904033 19.2374778,72.9900669 19.2365767,72.9895897 19.236381,72.9894254 19.2351978,72.9887627 19.2343401,72.9883012 19.233614,72.987936 19.2334598,72.987827 19.2330982,72.9876812 19.232655,72.9875643 19.2326883,72.9874121 19.2326868,72.9873576 19.2326747,72.9872631 19.2326444,72.9871429 19.2326535,72.9869266 19.2326777,72.9867424 19.2328698,72.9864444 19.23295,72.9862473 19.2329515,72.9861624 19.2329424,72.9860535 19.2329227,72.9859862 19.2328804,72.985882 19.2327609,72.9848887 19.2327684,72.984783 19.2328138,72.9845667 19.2328864,72.9843248 19.232953,72.9841838 19.2330407,72.9841934 19.233136,72.984211 19.2338349,72.9843809 19.2339922,72.9843616 19.2341601,72.9842831 19.2343205,72.9842222 19.2344339,72.9842094 19.2346533,72.9842271 19.2349876,72.9842815 19.2351736,72.9842767 19.2353052,72.9841357 19.2353627,72.9839018 19.2353294,72.9838794 19.2355231,72.9834853 19.2356168,72.983285 19.2356239,72.9832351 19.2356597,72.9832351 19.2357198,72.9831377 19.2357188,72.983106 19.2357062,72.9830957 19.2357198,72.9830875 19.2357236,72.9830608 19.235803,72.9830506 19.2359628,72.9830342 19.2360208,72.9828322 19.2359676,72.9827901 19.235895,72.9827573 19.2357294,72.9827214 19.2355513,72.982662 19.2355939,72.9825328 19.2356026,72.9824795 19.2356078,72.9823269 19.2356047,72.9821427 19.2355805,72.9819568 19.2355215,72.9818864 19.2349513,72.981646 19.2348151,72.9815515 19.2345867,72.9814346 19.2346291,72.9812535 19.234676,72.9811173 19.2347713,72.9807601 19.2348529,72.9804989 19.2348771,72.9803884 19.234915,72.9801737 19.2349724,72.979959 19.2350133,72.9798453 19.2350662,72.9797379 19.2353612,72.9791644 19.2354141,72.9790009 19.2354701,72.9787286 19.2355004,72.978445 19.2352175,72.9783665 19.235213,72.9780108 19.2352296,72.9777385 19.2352735,72.9773636 19.2353204,72.9771633 19.2355518,72.9771617 19.2356153,72.9771457 19.2356834,72.9770976 19.2358906,72.9766923 19.2359557,72.9763462 19.2359882,72.9760264 19.2393746,72.9756438 19.2400127,72.9756156 19.2406641,72.9756438 19.241588,72.9757775 19.24202,72.9758409 19.2426049,72.9758902 19.2460755,72.9758016 19.2463913,72.9757929 19.2465838,72.97578 19.2466153,72.9759047 19.2469203,72.9763413 19.2476269,72.9773882 19.2473345,72.97766 19.2472504,72.9778315 19.2471831,72.977983 19.247139,72.9780654 19.2470864,72.9781077 19.2469371,72.9782057 19.246853,72.9783104 19.2464597,72.9791101 19.2464113,72.9791613 19.2463041,72.9792437 19.2457257,72.9796068 19.2453367,72.9799833 19.2454061,72.9801102 19.2454566,72.9801525 19.2456164,72.9803953 19.246159,72.9807183 19.2461968,72.9807339 19.2462515,72.9807272 19.2463209,72.9807384 19.246363,72.980754 19.2466469,72.9809879 19.2464681,72.9811928 19.2463777,72.9813331 19.2460538,72.9820348 19.2459676,72.9821885 19.2458519,72.9823154 19.2457026,72.9823422 19.2448593,72.9823823 19.2444681,72.9824335 19.2441716,72.9825917 19.2438007,72.9827942 19.2435808,72.9829025 19.2438643,72.9829148 19.2437318,72.9833434 19.2440917,72.9833668 19.2441716,72.9834337 19.2442515,72.9836631 19.2441758,72.9839081 19.2441106,72.9840997 19.243995,72.984289 19.2440286,72.9846053 19.2454309,72.9850733 19.2459392,72.9853452 19.2464783,72.985976 19.246812,72.9863295 19.2475924,72.9862969 19.2480288,72.9865253 19.2486039,72.9864437 19.2493021,72.986634 19.2498977,72.9865633 19.2507756,72.9880208 19.2525572,72.9901526 19.2534762,72.9901363 19.2534873,72.9908424 19.2525977,72.9908582 19.2529679,72.9937418 19.2535224,72.9937364 19.253548,72.9943074</coordinates></LinearRing></outerBoundaryIs></Polygon></Placemark><Placemark><name></name><ExtendedData><Data name="tessellate"><value>-1</value></Data><Data name="extrude"><value>0</value></Data><Data name="visibility"><value>-1</value></Data><Data name="objectid"><value>5.0</value></Data><Data name="id2"><value>2514719</value></Data><Data name="townname"><value>Thane</value></Data><Data name="towncensuscode2011"><value>802787</value></Data><Data name="state"><value>Maharashtra</value></Data><Data name="lgd_code"><value>251471.0</value></Data><Data name="lgd_name"><value>Ward No.9</value></Data><Data name="sourcewardcode"><value>9</value></Data><Data name="st_area(shape)"><value>6990920.81933744</value></Data><Data name="st_length(shape)"><value>12798.0260796177</value></Data></ExtendedData><Polygon><outerBoundaryIs><LinearRing><coordinates>19.2225458,73.0080706 19.2201844,73.003858 19.21917,73.0020526 19.2184161,73.0009247 19.2181045,73.0003197 19.2176601,72.9991707 19.2167541,72.9966588 19.2158365,72.9956138 19.2148843,72.9952104 19.2136608,72.9949293 19.2100444,72.995223 19.2098009,72.9952326 19.2091361,72.995145 19.2101807,72.9884571 19.2109887,72.9883165 19.2113581,72.9881759 19.2116697,72.9879926 19.2119698,72.9877848 19.2123392,72.9875159 19.2127143,72.9872592 19.2130606,72.9871064 19.2132106,72.9869658 19.2137596,72.9860733 19.213897,72.9859403 19.2140081,72.9858877 19.2141735,72.9858527 19.2151853,72.9860104 19.2152916,72.9859829 19.2155635,72.985715 19.2155942,72.9855523 19.215528,72.9844483 19.2154689,72.9840603 19.2155375,72.9836848 19.2156911,72.9834245 19.2162325,72.9829564 19.2163365,72.9829989 19.2165752,72.9828387 19.2169889,72.9833945 19.2182866,72.9834045 19.2186128,72.9841098 19.2191336,72.9838125 19.219333,72.9836795 19.2193109,72.9835974 19.2193035,72.9835152 19.219322,72.9834057 19.2192428,72.9832385 19.2192685,72.9829598 19.2194213,72.9828861 19.2196694,72.9830928 19.2198404,72.9831456 19.219972,72.9832177 19.2206089,72.9828556 19.2210204,72.9826634 19.2209447,72.9824407 19.220916,72.9820818 19.2211317,72.9811136 19.2212573,72.981055 19.2214678,72.9810902 19.2218852,72.9811175 19.2220597,72.9812631 19.2220824,72.9813176 19.222102,72.9813529 19.2221429,72.9813496 19.2221777,72.9813032 19.2222427,72.9813304 19.2223577,72.9813384 19.2226905,72.9813352 19.2228584,72.9812647 19.2230112,72.9815547 19.222928,72.9817614 19.2229704,72.9823013 19.2233985,72.9822388 19.2238448,72.9821443 19.2242442,72.9820514 19.2244423,72.9819681 19.224642,72.9818623 19.2248266,72.9817358 19.2250414,72.9815307 19.225235,72.9813112 19.2253908,72.9810821 19.2254846,72.9809059 19.2255981,72.9805934 19.2256646,72.980398 19.2257176,72.980281 19.2259551,72.9799109 19.226064,72.9799478 19.2261971,72.9799702 19.2266283,72.9800856 19.2268038,72.9801545 19.2269444,72.9802506 19.2270397,72.9803643 19.2274452,72.9809667 19.227781,72.9807472 19.227964,72.9806559 19.2282167,72.9805662 19.2287416,72.9803595 19.229147,72.9802394 19.2295418,72.9801513 19.2301983,72.9800215 19.2303269,72.9802746 19.2304555,72.9804893 19.2305992,72.9807489 19.2307263,72.9809347 19.2307202,72.9813593 19.230746,72.9814986 19.2308034,72.982061 19.2308352,72.9821331 19.2309139,72.982202 19.2310772,72.9822068 19.2312557,72.9821347 19.231404,72.9821427 19.2315749,72.9822148 19.2316959,72.9824038 19.231767,72.982665 19.2318321,72.9827579 19.2319395,72.9828572 19.2320635,72.983011 19.2321301,72.9831248 19.2321573,72.9832225 19.232229,72.9833556 19.2323963,72.9835518 19.2325419,72.9836332 19.2328195,72.9837657 19.2329056,72.9838228 19.2329424,72.983897 19.232951,72.9840028 19.232953,72.9841838 19.2328864,72.9843248 19.2328138,72.9845667 19.2327684,72.984783 19.2327609,72.9848887 19.2328804,72.985882 19.2329227,72.9859862 19.2329424,72.9860535 19.2329515,72.9861624 19.23295,72.9862473 19.2328698,72.9864444 19.2326777,72.9867424 19.2326535,72.9869266 19.2326444,72.9871429 19.2326747,72.9872631 19.2326868,72.9873576 19.2326883,72.9874121 19.232655,72.9875643 19.2330982,72.9876812 19.2334598,72.987827 19.233614,72.987936 19.2343401,72.9883012 19.2351978,72.9887627 19.236381,72.9894254 19.2365767,72.9895897 19.2374778,72.9900669 19.2381647,72.9904033 19.2386485,72.9906106 19.2388627,72.9907279 19.2397416,72.9914828 19.2403436,72.9919991 19.2406316,72.9922338 19.2414256,72.9929222 19.242046,72.9934776 19.2426332,72.9939822 19.2427588,72.9941035 19.2428769,72.9942247 19.2430062,72.9944046 19.2434678,72.9953395 19.2436524,72.9957228 19.2437115,72.9958167 19.2438075,72.995891 19.2439922,72.9960553 19.2440919,72.9962117 19.2442987,72.9966068 19.2448785,72.996685 19.245004,72.9967476 19.2451296,72.9969705 19.2454577,73.0002021 19.2385077,73.0012537 19.2325767,73.001852 19.2296715,73.002145 19.2227985,73.0077899 19.2225458,73.0080706</coordinates></LinearRing></outerBoundaryIs></Polygon></Placemark><Placemark><name></name><ExtendedData><Data name="tessellate"><value>-1</value></Data><Data name="extrude"><value>0</value></Data><Data name="visibility"><value>-1</value></Data><Data name="objectid"><value>13.0</value></Data><Data name="id2"><value>25147124</value></Data><Data name="townname"><value>Thane</value></Data><Data name="towncensuscode2011"><value>802787</value></Data><Data name="state"><value>Maharashtra</value></Data><Data name="lgd_code"><value>251471.0</value></Data><Data name="lgd_name"><value>Ward No.13</value></Data><Data name="sourcewardcode"><value>13</value></Data><Data name="st_area(shape)"><value>1823745.79608451</value></Data><Data name="st_length(shape)"><value>6967.74103955745</value></Data></ExtendedData><Polygon><outerBoundaryIs><LinearRing><coordinates>19.2032763,72.934911 19.2039823,72.9350714 19.2047151,72.9350741 19.2049289,72.9349829 19.2056658,72.9355086 19.2094481,72.9382222 19.2101195,72.9382723 19.2107624,72.9384124 19.2136086,72.9400947 19.2142515,72.9409658 19.2144247,72.9410149 19.2131738,72.9440504 19.212075,72.9465709 19.2121001,72.9465959 19.2120853,72.9466805 19.2121385,72.9467619 19.2121149,72.9470107 19.2121164,72.9471814 19.2121341,72.9472628 19.2121385,72.9473207 19.2121297,72.9473942 19.2118193,72.9473395 19.2117867,72.9476541 19.2118843,72.9476964 19.2119819,72.9477731 19.2119878,72.948036 19.2120011,72.9483115 19.2118119,72.9483945 19.2116227,72.9483898 19.2112384,72.9483679 19.2105111,72.9482301 19.2105155,72.9481988 19.2101268,72.9481487 19.2098652,72.9480564 19.2098445,72.9481863 19.2098504,72.9485025 19.2098223,72.9486575 19.2097676,72.9489658 19.2097558,72.9490942 19.2097632,72.9492397 19.2096316,72.9494151 19.2095947,72.9493164 19.2092798,72.9494166 19.2092562,72.9494558 19.2082259,72.9492022 19.2081948,72.949318 19.2081845,72.9494683 19.2080559,72.9501054 19.2075504,72.9499801 19.2074587,72.9506454 19.2067004,72.9504544 19.2050315,72.9500266 19.2046828,72.9499288 19.2033154,72.9496467 19.2034469,72.9489439 19.2034351,72.9488813 19.2033301,72.948191 19.2032695,72.9481832 19.2032531,72.9479893 19.2031399,72.9473656 19.2031191,72.9468202 19.2030937,72.9465756 19.2031084,72.9464191 19.2033501,72.9464729 19.2034679,72.9463775 19.2035233,72.9459544 19.203506,72.94553 19.2032828,72.9455534 19.2029177,72.9455519 19.202727,72.9455096 19.2026605,72.9453797 19.2025452,72.9452576 19.2024225,72.9451825 19.2020737,72.9451073 19.2018697,72.9451026 19.2016906,72.9460782 19.2015173,72.9459521 19.2013658,72.9460553 19.1997809,72.9458149 19.1998604,72.9451738 19.1999285,72.9447911 19.199235,72.944696 19.1992275,72.9447471 19.1991518,72.9448042 19.1990023,72.9447791 19.198832,72.9447541 19.198586,72.944716 19.1985425,72.9446509 19.1985841,72.9444365 19.1986371,72.9440238 19.1985539,72.9440178 19.1985699,72.9439106 19.1983041,72.9438895 19.1981593,72.9438675 19.1981291,72.9439306 19.197639,72.9438444 19.1975851,72.9438735 19.1976503,72.9432714 19.1985084,72.9433786 19.1985879,72.9427305 19.1996466,72.9429068 19.1997743,72.9429278 19.1997875,72.9428907 19.1998273,72.9428998 19.1998443,72.9428567 19.1998793,72.9426062 19.1998481,72.9425852 19.1998301,72.9425491 19.1998405,72.942486 19.2002691,72.9425231 19.2004715,72.9425221 19.200516,72.942501 19.2006721,72.9422996 19.2006897,72.9422522 19.2006969,72.9421618 19.2007163,72.9421086 19.2007478,72.9420784 19.2007956,72.9419906 19.2009028,72.9417848 19.2009573,72.9417476 19.2009851,72.9417181 19.2013303,72.9417547 19.2014217,72.9417559 19.2014707,72.9417393 19.2014883,72.9417111 19.201495,72.94167 19.2015077,72.9415957 19.2015495,72.9415777 19.2015967,72.9415681 19.2016742,72.9415271 19.2017941,72.9414982 19.2018474,72.9414796 19.2016542,72.9411751 19.2024203,72.9413005 19.2032763,72.934911</coordinates></LinearRing></outerBoundaryIs></Polygon></Placemark><Placemark><name></name><ExtendedData><Data name="tessellate"><value>-1</value></Data><Data name="extrude"><value>0</value></Data><Data name="visibility"><value>-1</value></Data><Data name="objectid"><value>6.0</value></Data><Data name="id2"><value>25147111</value></Data><Data name="townname"><value>Thane</value></Data><Data name="towncensuscode2011"><value>802787</value></Data><Data name="state"><value>Maharashtra</value></Data><Data name="lgd_code"><value>251471.0</value></Data><Data name="lgd_name"><value>Ward No.6</value></Data><Data name="sourcewardcode"><value>6</value></Data><Data name="st_area(shape)"><value>26526230.9172625</value></Data><Data name="st_length(shape)"><value>28479.2128534052</value></Data></ExtendedData><Polygon><outerBoundaryIs><LinearRing><coordinates>19.2224709,72.919137 19.2233669,72.9188166 19.2241147,72.918457 19.2242909,72.9183539 19.2252992,72.917764 19.2264123,72.9166771 19.2275515,72.9157659 19.2286074,72.9154232 19.2297465,72.9149546 19.2300793,72.9148568 19.2301696,72.9148499 19.2305104,72.9151613 19.230802,72.9154833 19.2308803,72.9155531 19.2313567,72.9161009 19.2325847,72.9154921 19.2369998,72.9125382 19.2409138,72.9103854 19.2409138,72.9112966 19.24444,72.9135127 19.2472776,72.9154545 19.2476165,72.9155954 19.2482457,72.9157044 19.2483848,72.9156724 19.2512889,72.9146534 19.2564073,72.9164542 19.2573692,72.9167297 19.2588091,72.9179281 19.2605151,72.9197161 19.260624,72.9223948 19.2630742,72.9241572 19.2683184,72.9255855 19.2690368,72.9285193 19.2683338,72.9321973 19.2686398,72.9345133 19.2673832,72.9366757 19.2631758,72.9361286 19.2585908,72.9375694 19.2595955,72.9392277 19.2594261,72.9420801 19.2573232,72.9448398 19.2558863,72.9456751 19.254864,72.9471972 19.2545778,72.9474323 19.2539119,72.9476922 19.2484282,72.9478159 19.2473577,72.9480882 19.2471824,72.9481006 19.2462945,72.9479583 19.245944,72.9482429 19.24571,72.9487111 19.2454926,72.9489965 19.2453318,72.9490695 19.2451618,72.9490922 19.2449903,72.9491652 19.2448862,72.949368 19.2446932,72.9495448 19.2445049,72.9499795 19.2445049,72.9502422 19.2445202,72.950359 19.2444696,72.9505893 19.2443333,72.9507872 19.2442736,72.9510111 19.2442583,72.9511911 19.2438372,72.9514117 19.2436221,72.9515692 19.2435144,72.9516123 19.2434618,72.9516656 19.243378,72.9518404 19.243256,72.952033 19.2431292,72.9523955 19.2430981,72.9526286 19.2431172,72.952801 19.2431172,72.9529252 19.2431493,72.953623 19.2431209,72.9537362 19.2430582,72.9539376 19.2430239,72.9542397 19.242385,72.9554038 19.2418399,72.9559172 19.2415809,72.9571898 19.2411135,72.9594272 19.2407957,72.9609716 19.2371345,72.9595474 19.2336643,72.9579882 19.2332245,72.9615735 19.2329067,72.9623972 19.2323391,72.9624933 19.2310559,72.962512 19.2311337,72.9643055 19.2273725,72.9618647 19.2269511,72.9615944 19.2268668,72.9622244 19.2263761,72.9637599 19.2263017,72.9641143 19.2261902,72.9644293 19.2261035,72.9642167 19.2259647,72.96413 19.2250625,72.9639384 19.2251096,72.9637127 19.2251864,72.9633426 19.2253426,72.9629226 19.2254343,72.9626443 19.2244875,72.962164 19.2240438,72.96208 19.224019,72.9623215 19.2237265,72.9623057 19.2237216,72.961912 19.2234613,72.9616101 19.2228913,72.9613056 19.2213273,72.9604473 19.2211216,72.9602583 19.2207944,72.9609145 19.2203012,72.9619619 19.220026,72.9627021 19.2199616,72.9629383 19.2198979,72.9632169 19.219389,72.9659465 19.2192329,72.9668495 19.2190742,72.9675976 19.2187297,72.9688995 19.2186504,72.9691935 19.2184273,72.96975 19.2182761,72.9700807 19.2180902,72.9704141 19.2179861,72.9705768 19.2178895,72.9706923 19.2176069,72.9709916 19.2175425,72.9710572 19.2172698,72.9712304 19.2172029,72.9712934 19.2171607,72.9713564 19.2171285,72.9714693 19.2170021,72.9721124 19.2169501,72.9722568 19.2168906,72.9723565 19.2168311,72.9724326 19.2166328,72.9726111 19.2165535,72.9726925 19.2165113,72.9727896 19.2164791,72.972955 19.2164494,72.9733199 19.216375,72.9737504 19.2163031,72.9740732 19.2145358,72.9736086 19.2125777,72.9731073 19.2117151,72.9728868 19.2118836,72.9721229 19.2122691,72.9705687 19.2123278,72.9704394 19.2124008,72.9703336 19.212542,72.9701941 19.2128339,72.9699673 19.2131004,72.9697137 19.2131511,72.9696263 19.2131559,72.9695406 19.2131369,72.9694583 19.2130147,72.9692147 19.2129846,72.9690887 19.2130068,72.9689661 19.2130147,72.968867 19.2129862,72.968321 19.2130004,72.9675902 19.213029,72.9673617 19.2131495,72.9665671 19.2132431,72.9661219 19.2133145,72.9655188 19.213405,72.964951 19.2136461,72.9650552 19.2143933,72.9654332 19.2150024,72.9658683 19.2152626,72.9660934 19.2156148,72.9664831 19.2159891,72.9669854 19.216281,72.9675432 19.2166348,72.968326 19.2167998,72.9682823 19.2167871,72.968237 19.2170329,72.9681614 19.2169949,72.9679917 19.2169267,72.9675431 19.2165432,72.9655785 19.2163341,72.964467 19.2161714,72.9637616 19.2160243,72.9632981 19.2154085,72.9612638 19.2146223,72.9611818 19.2141885,72.959574 19.2140917,72.9593813 19.213747,72.9589711 19.2139987,72.958803 19.2146571,72.9584953 19.2148314,72.958319 19.214905,72.9581262 19.2150406,72.9575438 19.2153426,72.9567974 19.2154007,72.9566989 19.2154937,72.9565964 19.2159739,72.9561657 19.2161172,72.9559607 19.2162218,72.9557064 19.2156099,72.9553906 19.2156835,72.9548574 19.2162179,72.9526877 19.2167253,72.9519864 19.2170196,72.9518633 19.2171861,72.9517239 19.2178252,72.9509118 19.2180072,72.9505837 19.2184758,72.949948 19.2191923,72.9492015 19.2182606,72.9487161 19.2165208,72.9465432 19.2154429,72.9445706 19.2161143,72.9420973 19.2147811,72.941116 19.2142515,72.9409658 19.2136086,72.9400947 19.2107624,72.9384124 19.2101195,72.9382723 19.2094481,72.9382222 19.2062388,72.9359197 19.2056658,72.9355086 19.2049289,72.9349829 19.2052217,72.934858 19.2057793,72.9343296 19.2061891,72.9339414 19.2062915,72.9338398 19.2070049,72.9331328 19.2079962,72.932506 19.209124,72.9319094 19.2094584,72.931683 19.2095073,72.9316344 19.2098879,72.9310021 19.2100038,72.9300237 19.210393,72.92892 19.2110317,72.9280773 19.2116251,72.9274547 19.2126989,72.9266594 19.2132651,72.9260278 19.2136375,72.9254697 19.2139102,72.9250611 19.2141966,72.9245148 19.2144632,72.9240062 19.214993,72.9226994 19.2155968,72.9214766 19.2161931,72.920549 19.2167567,72.9200222 19.2169528,72.9198797 19.2176639,72.9194829 19.2185797,72.9193765 19.2193624,72.9194457 19.2202108,72.9195208 19.2213044,72.9194819 19.2223296,72.9191876 19.2224619,72.9191402 19.2224709,72.919137</coordinates></LinearRing></outerBoundaryIs></Polygon></Placemark><Placemark><name></name><ExtendedData><Data name="tessellate"><value>-1</value></Data><Data name="extrude"><value>0</value></Data><Data name="visibility"><value>-1</value></Data><Data name="objectid"><value>7.0</value></Data><Data name="id2"><value>25147113</value></Data><Data name="townname"><value>Thane</value></Data><Data name="towncensuscode2011"><value>802787</value></Data><Data name="state"><value>Maharashtra</value></Data><Data name="lgd_code"><value>251471.0</value></Data><Data name="lgd_name"><value>Ward No.8</value></Data><Data name="sourcewardcode"><value>8</value></Data><Data name="st_area(shape)"><value>1604212.54763161</value></Data><Data name="st_length(shape)"><value>6981.81996105977</value></Data></ExtendedData><Polygon><outerBoundaryIs><LinearRing><coordinates>19.2173601,72.971173 19.2178545,72.9738163 19.2182899,72.9759337 19.2184397,72.9758897 19.2185209,72.9758553 19.2186473,72.9757731 19.2187249,72.975689 19.2187538,72.9756145 19.2187844,72.9754119 19.2187736,72.9753431 19.2187502,72.9752838 19.2185011,72.9748499 19.2184596,72.9746626 19.2184361,72.9744505 19.2184542,72.9743052 19.2184957,72.9742249 19.2185516,72.9741714 19.2185931,72.9741408 19.2186202,72.9740911 19.2186328,72.9740127 19.2186942,72.9737146 19.2187177,72.9736438 19.2188476,72.9729194 19.2189379,72.972562 19.2189685,72.9725046 19.2190389,72.9724683 19.2192912,72.9723952 19.2193222,72.9723206 19.2194011,72.972216 19.2194886,72.9720966 19.2195845,72.9719711 19.2198298,72.9717651 19.2200357,72.9716904 19.2202585,72.9715411 19.2207069,72.9712066 19.2206561,72.9703106 19.2215557,72.969988 19.2221705,72.9698716 19.2225314,72.9699074 19.2240005,72.9698804 19.2240259,72.9693777 19.224042,72.9690095 19.2247051,72.9690755 19.2247801,72.9691183 19.2248622,72.9690755 19.2249118,72.9686657 19.2263037,72.9684504 19.2263071,72.9684211 19.226321,72.9683782 19.226373,72.968355 19.2264804,72.9683428 19.2273565,72.9684022 19.2274298,72.9683634 19.2282899,72.9684052 19.2282617,72.9685485 19.2282561,72.9686292 19.2282532,72.9689905 19.2282504,72.9690891 19.2282222,72.9692115 19.2281038,72.9696416 19.2283407,72.9696864 19.2289075,72.9699492 19.2295194,72.9700627 19.2300052,72.9700756 19.2304576,72.9700795 19.2307717,72.9695845 19.2308353,72.9692479 19.2316728,72.9693113 19.2321551,72.9698063 19.2324842,72.9710181 19.2328992,72.9724753 19.2330151,72.9734535 19.2330712,72.9742653 19.2330375,72.9758017 19.2330824,72.9763759 19.2322145,72.9764995 19.2294695,72.9767982 19.227641,72.9770082 19.2250369,72.9773115 19.2231333,72.9775261 19.2218247,72.9777035 19.218868,72.9780955 19.217828,72.9782261 19.2174403,72.9782495 19.2172111,72.9782541 19.2170129,72.9782448 19.2167308,72.9781841 19.2156689,72.9779181 19.2153913,72.9778668 19.2148625,72.9778248 19.214532,72.9778108 19.2141089,72.9777175 19.2138454,72.9776366 19.2141472,72.9770214 19.2149284,72.9758477 19.2150807,72.9756386 19.2159606,72.9746202 19.2160988,72.974447 19.2161806,72.9743126 19.2162285,72.97422 19.2163031,72.9740732 19.216375,72.9737504 19.2164494,72.9733199 19.2164791,72.972955 19.2165113,72.9727896 19.2165535,72.9726925 19.2166328,72.9726111 19.2168311,72.9724326 19.2168906,72.9723565 19.2169501,72.9722568 19.2170021,72.9721124 19.2171285,72.9714693 19.2171607,72.9713564 19.2172029,72.9712934 19.2172698,72.9712304 19.2173601,72.971173</coordinates></LinearRing></outerBoundaryIs></Polygon></Placemark><Placemark><name></name><ExtendedData><Data name="tessellate"><value>-1</value></Data><Data name="extrude"><value>0</value></Data><Data name="visibility"><value>-1</value></Data><Data name="objectid"><value>8.0</value></Data><Data name="id2"><value>25147115</value></Data><Data name="townname"><value>Thane</value></Data><Data name="towncensuscode2011"><value>802787</value></Data><Data name="state"><value>Maharashtra</value></Data><Data name="lgd_code"><value>251471.0</value></Data><Data name="lgd_name"><value>Ward No.4</value></Data><Data name="sourcewardcode"><value>4</value></Data><Data name="st_area(shape)"><value>1823503.39945529</value></Data><Data name="st_length(shape)"><value>9651.50668260961</value></Data></ExtendedData><Polygon><outerBoundaryIs><LinearRing><coordinates>19.2138454,72.9776366 19.2141089,72.9777175 19.214532,72.9778108 19.2148625,72.9778248 19.2153913,72.9778668 19.2156689,72.9779181 19.2167308,72.9781841 19.2170129,72.9782448 19.2172111,72.9782541 19.2174403,72.9782495 19.217828,72.9782261 19.218868,72.9780955 19.2218247,72.9777035 19.2231333,72.9775261 19.2250369,72.9773115 19.227641,72.9770082 19.2294695,72.9767982 19.2322145,72.9764995 19.2330824,72.9763759 19.2347874,72.9761621 19.2359882,72.9760264 19.2359557,72.9763462 19.2358906,72.9766923 19.2356834,72.9770976 19.2356153,72.9771457 19.2355518,72.9771617 19.2353204,72.9771633 19.2352735,72.9773636 19.2352296,72.9777385 19.235213,72.9780108 19.2352175,72.9783665 19.2355004,72.978445 19.2354701,72.9787286 19.2354141,72.9790009 19.2353612,72.9791644 19.2350662,72.9797379 19.2350133,72.9798453 19.2349724,72.979959 19.234915,72.9801737 19.2348771,72.9803884 19.2348529,72.9804989 19.2347713,72.9807601 19.234676,72.9811173 19.2346291,72.9812535 19.2345867,72.9814346 19.2348151,72.9815515 19.2349513,72.981646 19.2355215,72.9818864 19.2355805,72.9819568 19.2356047,72.9821427 19.2356078,72.9823269 19.2356026,72.9824795 19.2355939,72.9825328 19.2355513,72.982662 19.2357294,72.9827214 19.235895,72.9827573 19.2359676,72.9827901 19.2360208,72.9828322 19.2359628,72.9830342 19.235803,72.9830506 19.2357236,72.9830608 19.2357198,72.9830875 19.2357062,72.9830957 19.2357188,72.983106 19.2357198,72.9831377 19.2356597,72.9832351 19.2356239,72.9832351 19.2356168,72.983285 19.2355231,72.9834853 19.2353294,72.9838794 19.2353627,72.9839018 19.2353052,72.9841357 19.2351736,72.9842767 19.2349876,72.9842815 19.2346533,72.9842271 19.2344339,72.9842094 19.2343205,72.9842222 19.2341601,72.9842831 19.2339922,72.9843616 19.2338349,72.9843809 19.233136,72.984211 19.2330407,72.9841934 19.232953,72.9841838 19.232951,72.9840028 19.2329424,72.983897 19.2329056,72.9838228 19.2328195,72.9837657 19.2325419,72.9836332 19.2323963,72.9835518 19.232229,72.9833556 19.2321573,72.9832225 19.2321301,72.9831248 19.2320635,72.983011 19.2319395,72.9828572 19.2318321,72.9827579 19.231767,72.982665 19.2316959,72.9824038 19.2315749,72.9822148 19.231404,72.9821427 19.2312557,72.9821347 19.2310772,72.9822068 19.2309139,72.982202 19.2308352,72.9821331 19.2308034,72.982061 19.230746,72.9814986 19.2307202,72.9813593 19.2307263,72.9809347 19.2305992,72.9807489 19.2304555,72.9804893 19.2303269,72.9802746 19.2301983,72.9800215 19.2295418,72.9801513 19.229147,72.9802394 19.2287416,72.9803595 19.2282167,72.9805662 19.227964,72.9806559 19.227781,72.9807472 19.2274452,72.9809667 19.2270397,72.9803643 19.2269444,72.9802506 19.2268038,72.9801545 19.2266283,72.9800856 19.2261971,72.9799702 19.226064,72.9799478 19.2259551,72.9799109 19.2257176,72.980281 19.2256646,72.980398 19.2255981,72.9805934 19.2254846,72.9809059 19.2253908,72.9810821 19.225235,72.9813112 19.2250414,72.9815307 19.2248266,72.9817358 19.224642,72.9818623 19.2244423,72.9819681 19.2242442,72.9820514 19.2238448,72.9821443 19.2233985,72.9822388 19.2229704,72.9823013 19.222928,72.9817614 19.2230112,72.9815547 19.2228584,72.9812647 19.2226905,72.9813352 19.2223577,72.9813384 19.2222427,72.9813304 19.2221777,72.9813032 19.2221429,72.9813496 19.222102,72.9813529 19.2220824,72.9813176 19.2220597,72.9812631 19.2218852,72.9811175 19.2214678,72.9810902 19.2212573,72.981055 19.2211317,72.9811136 19.220916,72.9820818 19.2209447,72.9824407 19.2210204,72.9826634 19.2206089,72.9828556 19.219972,72.9832177 19.2198404,72.9831456 19.2196694,72.9830928 19.2194213,72.9828861 19.2192685,72.9829598 19.2192428,72.9832385 19.219322,72.9834057 19.2193035,72.9835152 19.2193109,72.9835974 19.219333,72.9836795 19.2191336,72.9838125 19.2186128,72.9841098 19.2182866,72.9834045 19.2169889,72.9833945 19.2165752,72.9828387 19.2163365,72.9829989 19.2162325,72.9829564 19.2156911,72.9834245 19.2155375,72.9836848 19.2154689,72.9840603 19.215528,72.9844483 19.2155942,72.9855523 19.2155635,72.985715 19.2152916,72.9859829 19.2151853,72.9860104 19.2141735,72.9858527 19.2140081,72.9858877 19.213897,72.9859403 19.2137596,72.9860733 19.2132106,72.9869658 19.2130606,72.9871064 19.2127143,72.9872592 19.2123392,72.9875159 19.2119698,72.9877848 19.2116697,72.9879926 19.2113581,72.9881759 19.2109887,72.9883165 19.2101807,72.9884571 19.2106304,72.9857571 19.2108729,72.984225 19.2114229,72.9809159 19.2118177,72.9785655 19.2118628,72.9782369 19.2118854,72.9779473 19.2119023,72.9776546 19.2118938,72.9772723 19.2127625,72.9773081 19.2130699,72.9773917 19.2138454,72.9776366</coordinates></LinearRing></outerBoundaryIs></Polygon></Placemark><Placemark><name></name><ExtendedData><Data name="tessellate"><value>-1</value></Data><Data name="extrude"><value>0</value></Data><Data name="visibility"><value>-1</value></Data><Data name="objectid"><value>9.0</value></Data><Data name="id2"><value>25147117</value></Data><Data name="townname"><value>Thane</value></Data><Data name="towncensuscode2011"><value>802787</value></Data><Data name="state"><value>Maharashtra</value></Data><Data name="lgd_code"><value>251471.0</value></Data><Data name="lgd_name"><value>Ward No.7</value></Data><Data name="sourcewardcode"><value>7</value></Data><Data name="st_area(shape)"><value>1188298.72257153</value></Data><Data name="st_length(shape)"><value>6591.58515063725</value></Data></ExtendedData><Polygon><outerBoundaryIs><LinearRing><coordinates>19.2300052,72.9700756 19.2295194,72.9700627 19.2289075,72.9699492 19.2283407,72.9696864 19.2281038,72.9696416 19.2282222,72.9692115 19.2282504,72.9690891 19.2282532,72.9689905 19.2282561,72.9686292 19.2282617,72.9685485 19.2282899,72.9684052 19.2274298,72.9683634 19.2273565,72.9684022 19.2264804,72.9683428 19.226373,72.968355 19.226321,72.9683782 19.2263071,72.9684211 19.2263037,72.9684504 19.2249118,72.9686657 19.2248622,72.9690755 19.2247801,72.9691183 19.2247051,72.9690755 19.224042,72.9690095 19.2240259,72.9693777 19.2240005,72.9698804 19.2225314,72.9699074 19.2221705,72.9698716 19.2215557,72.969988 19.2206561,72.9703106 19.2207069,72.9712066 19.2202585,72.9715411 19.2200357,72.9716904 19.2198298,72.9717651 19.2195845,72.9719711 19.2194886,72.9720966 19.2194011,72.972216 19.2193222,72.9723206 19.2192912,72.9723952 19.2190389,72.9724683 19.2189685,72.9725046 19.2189379,72.972562 19.2188476,72.9729194 19.2187177,72.9736438 19.2186942,72.9737146 19.2186328,72.9740127 19.2186202,72.9740911 19.2185931,72.9741408 19.2185516,72.9741714 19.2184957,72.9742249 19.2184542,72.9743052 19.2184361,72.9744505 19.2184596,72.9746626 19.2185011,72.9748499 19.2187502,72.9752838 19.2187736,72.9753431 19.2187844,72.9754119 19.2187538,72.9756145 19.2187249,72.975689 19.2186473,72.9757731 19.2185209,72.9758553 19.2184397,72.9758897 19.2182899,72.9759337 19.2178545,72.9738163 19.2173601,72.971173 19.2175425,72.9710572 19.2176069,72.9709916 19.2178895,72.9706923 19.2179861,72.9705768 19.2180902,72.9704141 19.2182761,72.9700807 19.2184273,72.96975 19.2186504,72.9691935 19.2187297,72.9688995 19.2190742,72.9675976 19.2192329,72.9668495 19.219389,72.9659465 19.2198979,72.9632169 19.2199616,72.9629383 19.220026,72.9627021 19.2203012,72.9619619 19.2207944,72.9609145 19.2211216,72.9602583 19.2213273,72.9604473 19.2228913,72.9613056 19.2234613,72.9616101 19.2237216,72.961912 19.2237265,72.9623057 19.224019,72.9623215 19.2240438,72.96208 19.2244875,72.962164 19.2254343,72.9626443 19.2253426,72.9629226 19.2251864,72.9633426 19.2251096,72.9637127 19.2250625,72.9639384 19.2259647,72.96413 19.2261035,72.9642167 19.2261902,72.9644293 19.2263017,72.9641143 19.2263761,72.9637599 19.2268668,72.9622244 19.2269511,72.9615944 19.2273725,72.9618647 19.2311337,72.9643055 19.2311456,72.9645791 19.2312204,72.9651692 19.2311718,72.9655216 19.2300052,72.9700756</coordinates></LinearRing></outerBoundaryIs></Polygon></Placemark><Placemark><name></name><ExtendedData><Data name="tessellate"><value>-1</value></Data><Data name="extrude"><value>0</value></Data><Data name="visibility"><value>-1</value></Data><Data name="objectid"><value>10.0</value></Data><Data name="id2"><value>25147119</value></Data><Data name="townname"><value>Thane</value></Data><Data name="towncensuscode2011"><value>802787</value></Data><Data name="state"><value>Maharashtra</value></Data><Data name="lgd_code"><value>251471.0</value></Data><Data name="lgd_name"><value>Ward No.11</value></Data><Data name="sourcewardcode"><value>11</value></Data><Data name="st_area(shape)"><value>904847.60951038</value></Data><Data name="st_length(shape)"><value>5314.61805107745</value></Data></ExtendedData><Polygon><outerBoundaryIs><LinearRing><coordinates>19.2082298,72.9548457 19.2083237,72.9546751 19.2084239,72.9541962 19.2085425,72.9536264 19.2091953,72.9537663 19.2092291,72.9536285 19.2094412,72.9536714 19.2094817,72.9538266 19.2095695,72.9538133 19.2097691,72.9537868 19.209797,72.9537888 19.2098221,72.9537949 19.2098655,72.9538164 19.2098973,72.9538256 19.2099291,72.9538266 19.2099523,72.9538164 19.2100545,72.9537132 19.2101056,72.9536101 19.2101258,72.9535345 19.2101615,72.9533079 19.2101827,72.9532068 19.2103042,72.9528627 19.2103283,72.9527391 19.210419,72.952394 19.210446,72.9523235 19.2105472,72.9520785 19.2105482,72.9520376 19.2105453,72.952007 19.2105337,72.951962 19.2105029,72.9519038 19.2104955,72.951872 19.2106793,72.951935 19.21065,72.9519931 19.2107815,72.951983 19.2110123,72.9520752 19.2109546,72.9522345 19.2110123,72.9522575 19.2110861,72.9521403 19.2115714,72.9522595 19.2115033,72.9525611 19.2115601,72.9525931 19.2116405,72.9526362 19.2118949,72.9527083 19.2119404,72.9527043 19.2120671,72.9527654 19.2123613,72.9528486 19.2123292,72.9530079 19.2122488,72.9531141 19.2121598,72.9531872 19.2121173,72.9532152 19.2119186,72.9531842 19.2119139,72.9532253 19.2120416,72.9532794 19.2119574,72.9534066 19.2121097,72.9535609 19.2120567,72.9537502 19.2119593,72.9540678 19.2118883,72.9541159 19.211824,72.9546318 19.2117682,72.9550576 19.2116613,72.9550435 19.2114191,72.9550756 19.2113652,72.9551217 19.2114115,72.9553401 19.2114759,72.9554883 19.2117918,72.9553811 19.2120898,72.9553781 19.212121,72.9555044 19.2121428,72.955875 19.2123235,72.955859 19.2127312,72.9563118 19.2126167,72.9563358 19.2125581,72.9563719 19.212437,72.9566975 19.2123717,72.9567877 19.2122696,72.9568778 19.2123065,72.9569419 19.2123519,72.956964 19.2122128,72.9572214 19.2125959,72.9573356 19.2127208,72.9573707 19.2127303,72.9575019 19.212822,72.9576402 19.2128334,72.9577073 19.2128277,72.9579057 19.2128372,72.9582944 19.2130245,72.9584797 19.2128457,72.958672 19.2129753,72.9588343 19.2131607,72.9591799 19.2136649,72.9587679 19.21376,72.9587255 19.2138295,72.9587036 19.2138975,72.958713 19.2139463,72.9586112 19.214131,72.9586425 19.2142789,72.9585627 19.2143162,72.9586546 19.2139987,72.958803 19.213747,72.9589711 19.2128126,72.9597101 19.211367,72.9608481 19.2101786,72.9617809 19.2097933,72.9621078 19.2096363,72.9622695 19.2096368,72.9623241 19.2095437,72.9623557 19.2092532,72.9626954 19.2087965,72.9633033 19.2083714,72.9638676 19.2076319,72.9647063 19.2067144,72.9656823 19.2061074,72.9663271 19.2060185,72.9661465 19.2060168,72.9660879 19.2059846,72.9660388 19.2057349,72.9655551 19.2055404,72.9650639 19.2055154,72.9649487 19.2054137,72.9649373 19.2052353,72.9648429 19.2050266,72.9647106 19.2046108,72.9645311 19.2045876,72.9644575 19.2041701,72.9645047 19.2039418,72.9645821 19.2039025,72.9645576 19.2037437,72.9641457 19.2036706,72.9639398 19.2041059,72.9637886 19.2035617,72.9625946 19.2034493,72.9625474 19.2033441,72.9622583 19.2036866,72.9620864 19.2038561,72.9619031 19.203956,72.9618143 19.2040453,72.9617557 19.2040899,72.9617387 19.204147,72.9617293 19.2043789,72.9617255 19.2044181,72.9617085 19.2044396,72.9616594 19.2044556,72.9615649 19.2044538,72.9614893 19.2044449,72.9614251 19.2043878,72.9612192 19.2043842,72.9609263 19.204395,72.96083 19.2044231,72.9607131 19.2045579,72.9604906 19.2048068,72.9603177 19.2048285,72.9602766 19.2048308,72.9602416 19.2048217,72.9602041 19.2047452,72.9600287 19.204591,72.9598413 19.2045487,72.959666 19.2045625,72.9595161 19.2046492,72.9591485 19.2048365,72.9588692 19.2048605,72.9588728 19.2049724,72.958747 19.204921,72.9587023 19.2049587,72.9586261 19.2049575,72.9585838 19.2049507,72.9585536 19.2049084,72.9585125 19.2050215,72.9583964 19.2050957,72.9583734 19.2052042,72.9583129 19.2054759,72.9580578 19.2056004,72.9579744 19.2056392,72.9579248 19.2056575,72.957874 19.2056895,72.957822 19.2057637,72.9576104 19.2057934,72.9575137 19.2058608,72.9572271 19.2059704,72.9566999 19.2065139,72.9568027 19.2066738,72.9568063 19.2069078,72.9567942 19.2068919,72.9566262 19.2069096,72.9565638 19.207102,72.9562981 19.2078324,72.9553918 19.2082298,72.9548457</coordinates></LinearRing></outerBoundaryIs></Polygon></Placemark><Placemark><name></name><ExtendedData><Data name="tessellate"><value>-1</value></Data><Data name="extrude"><value>0</value></Data><Data name="visibility"><value>-1</value></Data><Data name="objectid"><value>11.0</value></Data><Data name="id2"><value>25147121</value></Data><Data name="townname"><value>Thane</value></Data><Data name="towncensuscode2011"><value>802787</value></Data><Data name="state"><value>Maharashtra</value></Data><Data name="lgd_code"><value>251471.0</value></Data><Data name="lgd_name"><value>Ward No.23</value></Data><Data name="sourcewardcode"><value>23</value></Data><Data name="st_area(shape)"><value>1346401.51956992</value></Data><Data name="st_length(shape)"><value>5874.9769136125</value></Data></ExtendedData><Polygon><outerBoundaryIs><LinearRing><coordinates>19.204186,72.9538378 19.2040558,72.9542601 19.203641,72.9540686 19.2032582,72.9539335 19.202644,72.9537758 19.2022399,72.9537195 19.2018331,72.953697 19.2011977,72.9537111 19.2008733,72.9537421 19.2004533,72.9538406 19.1999694,72.9539983 19.199536,72.9541756 19.1991718,72.9543699 19.1988527,72.954581 19.1982492,72.955054 19.1977706,72.955527 19.197433,72.9559493 19.1965848,72.9553665 19.1957766,72.9548823 19.1944897,72.9541052 19.1937559,72.9536351 19.1935724,72.9534352 19.1930407,72.9529735 19.1927535,72.9527539 19.1923228,72.9523935 19.1915943,72.9517545 19.191238,72.9514504 19.1909615,72.951152 19.1904685,72.9506419 19.1905154,72.9505992 19.190841,72.950296 19.191135,72.9499812 19.1908018,72.9498658 19.1906254,72.9498335 19.1907601,72.9494981 19.1907856,72.949453 19.1908129,72.949444 19.1908503,72.9494512 19.1909575,72.9494872 19.191012,72.9495413 19.1910511,72.9495539 19.1911039,72.9495485 19.1911821,72.9495251 19.1912672,72.9494584 19.1913268,72.949426 19.1913897,72.9494242 19.1914867,72.9494314 19.1916212,72.949426 19.1917811,72.9493665 19.1920551,72.9493665 19.1946971,72.9493052 19.1947795,72.9486098 19.1950501,72.9462808 19.195188,72.9451896 19.1953351,72.9438158 19.1954289,72.9430018 19.1976503,72.9432714 19.1975851,72.9438735 19.197639,72.9438444 19.1981291,72.9439306 19.1981593,72.9438675 19.1983041,72.9438895 19.1985699,72.9439106 19.1985539,72.9440178 19.1986371,72.9440238 19.1985841,72.9444365 19.1985425,72.9446509 19.198586,72.944716 19.198832,72.9447541 19.1990023,72.9447791 19.1991518,72.9448042 19.1992275,72.9447471 19.199235,72.944696 19.1999285,72.9447911 19.1998604,72.9451738 19.1997809,72.9458149 19.2013658,72.9460553 19.2015173,72.9459521 19.2016906,72.9460782 19.2018697,72.9451026 19.2020737,72.9451073 19.2024225,72.9451825 19.2025452,72.9452576 19.2026605,72.9453797 19.202727,72.9455096 19.2029177,72.9455519 19.2032828,72.9455534 19.203506,72.94553 19.2035233,72.9459544 19.2034679,72.9463775 19.2033501,72.9464729 19.2031084,72.9464191 19.2030937,72.9465756 19.2031191,72.9468202 19.2031399,72.9473656 19.2032531,72.9479893 19.2032695,72.9481832 19.2033301,72.948191 19.2034351,72.9488813 19.2034469,72.9489439 19.2033154,72.9496467 19.2046828,72.9499288 19.2050315,72.9500266 19.2047509,72.9512258 19.204186,72.9538378</coordinates></LinearRing></outerBoundaryIs></Polygon></Placemark><Placemark><name></name><ExtendedData><Data name="tessellate"><value>-1</value></Data><Data name="extrude"><value>0</value></Data><Data name="visibility"><value>-1</value></Data><Data name="objectid"><value>12.0</value></Data><Data name="id2"><value>25147122</value></Data><Data name="townname"><value>Thane</value></Data><Data name="towncensuscode2011"><value>802787</value></Data><Data name="state"><value>Maharashtra</value></Data><Data name="lgd_code"><value>251471.0</value></Data><Data name="lgd_name"><value>Ward No.24</value></Data><Data name="sourcewardcode"><value>24</value></Data><Data name="st_area(shape)"><value>1704006.35062134</value></Data><Data name="st_length(shape)"><value>5990.56326914763</value></Data></ExtendedData><Polygon><outerBoundaryIs><LinearRing><coordinates>19.2024203,72.9413005 19.2016542,72.9411751 19.2018474,72.9414796 19.2017941,72.9414982 19.2016742,72.9415271 19.2015967,72.9415681 19.2015495,72.9415777 19.2015077,72.9415957 19.201495,72.94167 19.2014883,72.9417111 19.2014707,72.9417393 19.2014217,72.9417559 19.2013303,72.9417547 19.2009851,72.9417181 19.2009573,72.9417476 19.2009028,72.9417848 19.2007956,72.9419906 19.2007478,72.9420784 19.2007163,72.9421086 19.2006969,72.9421618 19.2006897,72.9422522 19.2006721,72.9422996 19.200516,72.942501 19.2004715,72.9425221 19.2002691,72.9425231 19.1998405,72.942486 19.1998301,72.9425491 19.1998481,72.9425852 19.1998793,72.9426062 19.1998443,72.9428567 19.1998273,72.9428998 19.1997875,72.9428907 19.1997743,72.9429278 19.1996466,72.9429068 19.1985879,72.9427305 19.1985084,72.9433786 19.1976503,72.9432714 19.1954289,72.9430018 19.1953351,72.9438158 19.195188,72.9451896 19.1939308,72.9450164 19.192915,72.9448564 19.1929162,72.9447188 19.1918791,72.9447294 19.1917692,72.944717 19.1912317,72.9445834 19.191192,72.9445883 19.1911523,72.9446131 19.1910331,72.9447615 19.1910705,72.94515 19.1910635,72.945442 19.1910448,72.9457909 19.1910261,72.9461299 19.1910277,72.9464109 19.1909985,72.9466854 19.1909109,72.9469444 19.1901258,72.9466738 19.189389,72.9463815 19.1890507,72.9462396 19.1890313,72.9462299 19.1890239,72.9462252 19.1890028,72.9462069 19.1889997,72.9462035 19.1889898,72.9461939 19.1889807,72.9461838 19.1889732,72.946173 19.1889681,72.9461638 19.1889645,72.9461529 19.1889621,72.946142 19.1889617,72.9461307 19.1889629,72.9461186 19.1889764,72.9460653 19.1887687,72.9462903 19.1886941,72.9463744 19.1886642,72.9464016 19.1886537,72.9464091 19.1886411,72.9464157 19.188623,72.946423 19.1885727,72.9464388 19.1882758,72.9465396 19.1882762,72.9465281 19.1882359,72.9461006 19.1881213,72.9453511 19.1879442,72.9439698 19.1878696,72.9427387 19.1877467,72.9418037 19.18775,72.9416946 19.1877549,72.941537 19.1878319,72.9408689 19.188162,72.9402994 19.1886228,72.9395041 19.1887259,72.9393111 19.1897646,72.9373651 19.1908523,72.9359128 19.1915078,72.9350013 19.1916179,72.9348483 19.1918677,72.934681 19.1923845,72.934522 19.1925241,72.934495 19.1955045,72.9347185 19.1967012,72.9346299 19.1980863,72.9344656 19.1984745,72.9344331 19.1990952,72.9344858 19.1998258,72.9346075 19.2022468,72.9346771 19.203115,72.9348744 19.2032763,72.934911 19.2024203,72.9413005</coordinates></LinearRing></outerBoundaryIs></Polygon></Placemark><Placemark><name></name><ExtendedData><Data name="tessellate"><value>-1</value></Data><Data name="extrude"><value>0</value></Data><Data name="visibility"><value>-1</value></Data><Data name="objectid"><value>14.0</value></Data><Data name="id2"><value>25147126</value></Data><Data name="townname"><value>Thane</value></Data><Data name="towncensuscode2011"><value>802787</value></Data><Data name="state"><value>Maharashtra</value></Data><Data name="lgd_code"><value>251471.0</value></Data><Data name="lgd_name"><value>Ward No.12</value></Data><Data name="sourcewardcode"><value>12</value></Data><Data name="st_area(shape)"><value>950530.306639815</value></Data><Data name="st_length(shape)"><value>5685.28643298393</value></Data></ExtendedData><Polygon><outerBoundaryIs><LinearRing><coordinates>19.2143162,72.9586546 19.2142789,72.9585627 19.214131,72.9586425 19.2139463,72.9586112 19.2138975,72.958713 19.2138295,72.9587036 19.21376,72.9587255 19.2136649,72.9587679 19.2131607,72.9591799 19.2129753,72.9588343 19.2128457,72.958672 19.2130245,72.9584797 19.2128372,72.9582944 19.2128277,72.9579057 19.2128334,72.9577073 19.212822,72.9576402 19.2127303,72.9575019 19.2127208,72.9573707 19.2125959,72.9573356 19.2122128,72.9572214 19.2123519,72.956964 19.2123065,72.9569419 19.2122696,72.9568778 19.2123717,72.9567877 19.212437,72.9566975 19.2125581,72.9563719 19.2126167,72.9563358 19.2127312,72.9563118 19.2123235,72.955859 19.2121428,72.955875 19.212121,72.9555044 19.2120898,72.9553781 19.2117918,72.9553811 19.2114759,72.9554883 19.2114115,72.9553401 19.2113652,72.9551217 19.2114191,72.9550756 19.2116613,72.9550435 19.2117682,72.9550576 19.211824,72.9546318 19.2118883,72.9541159 19.2119593,72.9540678 19.2120567,72.9537502 19.2121097,72.9535609 19.2119574,72.9534066 19.2120416,72.9532794 19.2119139,72.9532253 19.2119186,72.9531842 19.2121173,72.9532152 19.2121598,72.9531872 19.2122488,72.9531141 19.2123292,72.9530079 19.2123613,72.9528486 19.2120671,72.9527654 19.2119404,72.9527043 19.2118949,72.9527083 19.2116405,72.9526362 19.2115601,72.9525931 19.2115033,72.9525611 19.2115714,72.9522595 19.2110861,72.9521403 19.2110123,72.9522575 19.2109546,72.9522345 19.2110123,72.9520752 19.2107815,72.951983 19.21065,72.9519931 19.2106793,72.951935 19.2104955,72.951872 19.2104928,72.9516718 19.2104626,72.9516431 19.2104587,72.951451 19.2104459,72.9514129 19.2103835,72.951275 19.210258,72.9511884 19.2101821,72.9510054 19.2103413,72.9510563 19.2103774,72.9509906 19.2104816,72.9509882 19.2105022,72.9509569 19.2105658,72.9505327 19.2106131,72.9500741 19.2106249,72.9496984 19.2108053,72.9497046 19.2107994,72.9497422 19.2110891,72.9498033 19.2112147,72.949797 19.2113832,72.9498064 19.2117128,72.9498487 19.2118887,72.9498784 19.2119139,72.9499269 19.2119759,72.9498533 19.2120232,72.9496592 19.2120853,72.9493571 19.212177,72.9493102 19.2121651,72.9491881 19.2121031,72.9489079 19.2120395,72.9486653 19.2120439,72.9485181 19.212075,72.9483225 19.2120011,72.9483115 19.2119878,72.948036 19.2119819,72.9477731 19.2118843,72.9476964 19.2117867,72.9476541 19.2118193,72.9473395 19.2121297,72.9473942 19.2121385,72.9473207 19.2121341,72.9472628 19.2121164,72.9471814 19.2121149,72.9470107 19.2121385,72.9467619 19.2120853,72.9466805 19.2121001,72.9465959 19.212075,72.9465709 19.2131738,72.9440504 19.2144247,72.9410149 19.2147811,72.941116 19.2161143,72.9420973 19.2154429,72.9445706 19.2165208,72.9465432 19.2182606,72.9487161 19.2191923,72.9492015 19.2184758,72.949948 19.2180072,72.9505837 19.2178252,72.9509118 19.2171861,72.9517239 19.2170196,72.9518633 19.2167253,72.9519864 19.2162179,72.9526877 19.2156835,72.9548574 19.2156099,72.9553906 19.2162218,72.9557064 19.2161172,72.9559607 19.2159739,72.9561657 19.2154937,72.9565964 19.2154007,72.9566989 19.2153426,72.9567974 19.2150406,72.9575438 19.214905,72.9581262 19.2148314,72.958319 19.2146571,72.9584953 19.2143162,72.9586546</coordinates></LinearRing></outerBoundaryIs></Polygon></Placemark><Placemark><name></name><ExtendedData><Data name="tessellate"><value>-1</value></Data><Data name="extrude"><value>0</value></Data><Data name="visibility"><value>-1</value></Data><Data name="objectid"><value>16.0</value></Data><Data name="id2"><value>25147128</value></Data><Data name="townname"><value>Thane</value></Data><Data name="towncensuscode2011"><value>802787</value></Data><Data name="state"><value>Maharashtra</value></Data><Data name="lgd_code"><value>251471.0</value></Data><Data name="lgd_name"><value>Ward No.18</value></Data><Data name="sourcewardcode"><value>18</value></Data><Data name="st_area(shape)"><value>1167154.52025712</value></Data><Data name="st_length(shape)"><value>6308.6858646769</value></Data></ExtendedData><Polygon><outerBoundaryIs><LinearRing><coordinates>19.2043133,72.978441 19.2045201,72.9784851 19.2045843,72.9787046 19.2045964,72.978743 19.2046177,72.9787892 19.2046531,72.9788326 19.204628,72.9790215 19.204562,72.9792272 19.2044811,72.9795747 19.2043872,72.9799556 19.2043482,72.9801111 19.2043119,72.9805432 19.204338,72.9805245 19.2044095,72.9805481 19.2045387,72.9806091 19.2051039,72.9805924 19.2052888,72.9805855 19.2053418,72.9805885 19.2053855,72.9805599 19.2054032,72.980557 19.2054208,72.9805629 19.2054236,72.9805826 19.2054097,72.9806013 19.2053836,72.9806278 19.2053604,72.9806711 19.2053511,72.9807135 19.2053613,72.9808217 19.2054013,72.9810954 19.2054413,72.9813109 19.2054561,72.9815166 19.2054682,72.9816593 19.2054747,72.9818286 19.2054673,72.9819034 19.205445,72.9820147 19.2054032,72.9821682 19.2053892,72.982245 19.205392,72.9823168 19.205405,72.9824005 19.2054106,72.9824714 19.2054227,72.9825412 19.204957,72.9826032 19.2047098,72.9828995 19.2048074,72.9830186 19.2049217,72.9831141 19.2049988,72.9831623 19.2051643,72.9831889 19.2050862,72.9834979 19.2049886,72.9838759 19.2049672,72.9839792 19.2049654,72.9840284 19.2049644,72.9840698 19.2049784,72.9841101 19.2050955,72.9844556 19.2051884,72.9844448 19.2053037,72.9844773 19.2053437,72.984622 19.2056662,72.9846918 19.2057452,72.9847115 19.2058363,72.9847381 19.2058233,72.9850265 19.2059144,72.9850304 19.2059692,72.985058 19.2059878,72.9851328 19.2060036,72.9852716 19.2064163,72.9852411 19.2064321,72.9853729 19.2064897,72.9857499 19.2064851,72.9858287 19.2065669,72.9858779 19.2072528,72.9857824 19.2073997,72.9857706 19.2074155,72.9857539 19.2074201,72.9857332 19.2074257,72.9856968 19.2074359,72.985684 19.2074489,72.9856781 19.2074638,72.985682 19.2074731,72.9856948 19.207475,72.9857105 19.2074889,72.9858296 19.2078811,72.9857794 19.2079629,72.9858749 19.2079871,72.9859517 19.2078709,72.9862243 19.2079118,72.9864468 19.2079713,72.9864379 19.2080271,72.9866771 19.2082985,72.9867785 19.2085447,72.9864272 19.2087539,72.9862094 19.2088816,72.986123 19.2090624,72.9860667 19.2095269,72.9859728 19.209612,72.9859541 19.2097644,72.9859541 19.2098814,72.9859691 19.2100693,72.9860217 19.2101388,72.9860285 19.2101955,72.9860186 19.2102243,72.9860009 19.2102643,72.9859576 19.2102829,72.9859261 19.2103247,72.9857883 19.2104133,72.9852407 19.2104381,72.9850379 19.2104416,72.984914 19.2104429,72.9847693 19.2104197,72.9845217 19.2104125,72.9844033 19.2104095,72.9842526 19.2104139,72.984065 19.2108881,72.9841334 19.2108729,72.984225 19.2106304,72.9857571 19.2101807,72.9884571 19.2091852,72.9948306 19.2091361,72.995145 19.2083511,72.994925 19.2072709,72.9946014 19.2059305,72.9936971 19.2046577,72.9925025 19.2044813,72.9922725 19.2041416,72.9918492 19.2040171,72.9917019 19.2036333,72.9913761 19.2027425,72.9905477 19.2022297,72.9900574 19.2015734,72.98935 19.2013008,72.9890211 19.2004511,72.9879847 19.2002167,72.9877334 19.1998357,72.9873642 19.199446,72.9871345 19.198682,72.9866601 19.1990563,72.9862331 19.1990911,72.9862153 19.1994636,72.9858387 19.1995836,72.9857436 19.1996251,72.9857211 19.1997317,72.9856973 19.1999774,72.9855702 19.200378,72.9854894 19.2009542,72.9853922 19.2011663,72.9853866 19.2011487,72.9847813 19.2011498,72.9845022 19.2011622,72.9844071 19.2011969,72.984305 19.2012441,72.9842313 19.2013248,72.984122 19.2015032,72.983983 19.2018185,72.9838333 19.2018678,72.9837894 19.201897,72.98373 19.2019284,72.9835423 19.2019744,72.9831942 19.202099,72.9827249 19.202145,72.9821274 19.2021595,72.9817852 19.2021461,72.9815999 19.2021337,72.9811271 19.2021214,72.9805747 19.2021203,72.9804131 19.2021034,72.980223 19.2019699,72.9798037 19.2018275,72.9792762 19.2020036,72.9791764 19.2021573,72.9790956 19.2022773,72.9790481 19.2026386,72.9789317 19.2028091,72.9789079 19.2030223,72.9788972 19.2032725,72.9788604 19.2034351,72.9788212 19.2036258,72.9787665 19.2037818,72.9787083 19.2040926,72.978567 19.2042406,72.9784945 19.2043133,72.978441</coordinates></LinearRing></outerBoundaryIs></Polygon></Placemark><Placemark><name></name><ExtendedData><Data name="tessellate"><value>-1</value></Data><Data name="extrude"><value>0</value></Data><Data name="visibility"><value>-1</value></Data><Data name="objectid"><value>27.0</value></Data><Data name="id2"><value>25147149</value></Data><Data name="townname"><value>Thane</value></Data><Data name="towncensuscode2011"><value>802787</value></Data><Data name="state"><value>Maharashtra</value></Data><Data name="lgd_code"><value>251471.0</value></Data><Data name="lgd_name"><value>Ward No.28</value></Data><Data name="sourcewardcode"><value>28</value></Data><Data name="st_area(shape)"><value>1313810.14833195</value></Data><Data name="st_length(shape)"><value>6192.76059301897</value></Data></ExtendedData><Polygon><outerBoundaryIs><LinearRing><coordinates>19.181962,72.9658912 19.1820267,72.9660855 19.1822103,72.9660558 19.1822664,72.9661255 19.1823617,72.9661982 19.1826238,72.9664 19.1827919,72.9665039 19.1829124,72.9665647 19.1834226,72.9668392 19.1836986,72.966995 19.184021,72.9671657 19.1841247,72.9672057 19.1842186,72.967228 19.1843223,72.9672414 19.1844512,72.9672488 19.1847707,72.9672414 19.1851883,72.9672636 19.1859353,72.9672844 19.1860614,72.9672963 19.1864286,72.9673393 19.1868294,72.9674105 19.1869933,72.9674417 19.1874319,72.9675337 19.1882209,72.9675722 19.188881,72.9676331 19.1895732,72.9677028 19.1902109,72.9677755 19.1903748,72.9677963 19.191154,72.9678571 19.1913754,72.967872 19.1913894,72.9676865 19.1913123,72.9674179 19.1912507,72.9672814 19.1914146,72.9671716 19.1915968,72.9663125 19.1925637,72.9666033 19.1927711,72.9666671 19.1928832,72.9667725 19.1930892,72.9668244 19.1931004,72.9667888 19.1935937,72.9668912 19.1935502,72.9672428 19.1934676,72.9674773 19.1933737,72.9676702 19.1932097,72.9679313 19.193029,72.968188 19.1920088,72.969016 19.1922933,72.9694715 19.1923689,72.9696125 19.1925105,72.969798 19.1927613,72.9700769 19.1928454,72.9701615 19.1932125,72.9702624 19.1936497,72.9703633 19.1942173,72.9705072 19.1949207,72.970712 19.1952991,72.9708529 19.1959981,72.9711604 19.1956062,72.9718234 19.1955208,72.9719834 19.1954288,72.9721109 19.1951704,72.9724262 19.1948727,72.9726442 19.1949537,72.9727439 19.1950062,72.9728157 19.1952011,72.9730754 19.1953018,72.973182 19.1954222,72.9732794 19.1954835,72.9733281 19.1950872,72.9740561 19.1950653,72.9741998 19.1950434,72.9743042 19.1947763,72.9750507 19.1947281,72.9752084 19.1946537,72.9755492 19.1946274,72.9757045 19.1946252,72.9758065 19.1946274,72.9759085 19.1946362,72.9759966 19.1946712,72.9761427 19.1947325,72.976356 19.1947697,72.9765137 19.1947829,72.9767455 19.1947794,72.9770324 19.1946458,72.9775794 19.1946005,72.9779157 19.1946332,72.9779584 19.19454,72.9779824 19.1943812,72.9779504 19.1935142,72.9776915 19.1931588,72.9776168 19.1926875,72.9775367 19.1919919,72.9774247 19.1918406,72.9773633 19.1910795,72.9770457 19.1910442,72.9770003 19.190467,72.9769897 19.1903208,72.9769816 19.1901747,72.9769897 19.1896781,72.977059 19.1894538,72.9771044 19.1886574,72.9771391 19.1883902,72.9771898 19.1879416,72.9772112 19.1879163,72.977857 19.1877122,72.9778703 19.1875055,72.977921 19.1873896,72.9779878 19.1870947,72.9781772 19.1870569,72.9781746 19.1865074,72.9784094 19.1863839,72.9781692 19.186031,72.9773953 19.1859302,72.9771444 19.1852598,72.9771124 19.1850859,72.9768242 19.1851136,72.9767495 19.1848333,72.9766577 19.1848571,72.9766127 19.1849057,72.976492 19.1850599,72.9760334 19.185155,72.9757336 19.1852247,72.975671 19.1859874,72.975425 19.1852796,72.9730259 19.1848202,72.9716009 19.1846348,72.9711401 19.184119,72.9700394 19.1837483,72.9693055 19.18316,72.9683328 19.1828296,72.9678976 19.1822896,72.9671893 19.1813078,72.9661433 19.181962,72.9658912</coordinates></LinearRing></outerBoundaryIs></Polygon></Placemark><Placemark><name></name><ExtendedData><Data name="tessellate"><value>-1</value></Data><Data name="extrude"><value>0</value></Data><Data name="visibility"><value>-1</value></Data><Data name="objectid"><value>18.0</value></Data><Data name="id2"><value>25147131</value></Data><Data name="townname"><value>Thane</value></Data><Data name="towncensuscode2011"><value>802787</value></Data><Data name="state"><value>Maharashtra</value></Data><Data name="lgd_code"><value>251471.0</value></Data><Data name="lgd_name"><value>Ward No.25</value></Data><Data name="sourcewardcode"><value>25</value></Data><Data name="st_area(shape)"><value>355281.110771185</value></Data><Data name="st_length(shape)"><value>2948.91175321618</value></Data></ExtendedData><Polygon><outerBoundaryIs><LinearRing><coordinates>19.1946971,72.9493052 19.1920551,72.9493665 19.1917811,72.9493665 19.1916212,72.949426 19.1914867,72.9494314 19.1913897,72.9494242 19.1913268,72.949426 19.1912672,72.9494584 19.1911821,72.9495251 19.1911039,72.9495485 19.1910511,72.9495539 19.191012,72.9495413 19.1909575,72.9494872 19.1908503,72.9494512 19.1908129,72.949444 19.1907856,72.949453 19.1907601,72.9494981 19.1906254,72.9498335 19.1908018,72.9498658 19.191135,72.9499812 19.190841,72.950296 19.1905154,72.9505992 19.1904685,72.9506419 19.1901056,72.9502205 19.189634,72.9496918 19.1895892,72.9496262 19.1894996,72.9496172 19.1893225,72.949511 19.1890557,72.9493393 19.1888765,72.9492308 19.1886332,72.9491156 19.1884028,72.9490185 19.1882555,72.9489258 19.1881296,72.9488242 19.1880528,72.9487293 19.1879589,72.9486163 19.1878736,72.9484604 19.1877839,72.9482661 19.1876644,72.9483339 19.1875833,72.9483519 19.1875527,72.9483595 19.1875885,72.9483141 19.1876187,72.9480183 19.1876357,72.9479608 19.1877539,72.947804 19.1879777,72.9475071 19.1880188,72.9474524 19.1882649,72.946871 19.1882758,72.9465396 19.1885727,72.9464388 19.188623,72.946423 19.1886411,72.9464157 19.1886537,72.9464091 19.1886642,72.9464016 19.1886941,72.9463744 19.1887687,72.9462903 19.1889764,72.9460653 19.1889629,72.9461186 19.1889617,72.9461307 19.1889621,72.946142 19.1889645,72.9461529 19.1889681,72.9461638 19.1889732,72.946173 19.1889807,72.9461838 19.1889898,72.9461939 19.1889997,72.9462035 19.1890028,72.9462069 19.1890239,72.9462252 19.1890313,72.9462299 19.1890507,72.9462396 19.189389,72.9463815 19.1901258,72.9466738 19.1909109,72.9469444 19.1909985,72.9466854 19.1910277,72.9464109 19.1910261,72.9461299 19.1910448,72.9457909 19.1910635,72.945442 19.1910705,72.94515 19.1910331,72.9447615 19.1911523,72.9446131 19.191192,72.9445883 19.1912317,72.9445834 19.1917692,72.944717 19.1918791,72.9447294 19.1929162,72.9447188 19.192915,72.9448564 19.1939308,72.9450164 19.195188,72.9451896 19.1950501,72.9462808 19.1947795,72.9486098 19.1946971,72.9493052</coordinates></LinearRing></outerBoundaryIs></Polygon></Placemark><Placemark><name></name><ExtendedData><Data name="tessellate"><value>-1</value></Data><Data name="extrude"><value>0</value></Data><Data name="visibility"><value>-1</value></Data><Data name="objectid"><value>28.0</value></Data><Data name="id2"><value>25147151</value></Data><Data name="townname"><value>Thane</value></Data><Data name="towncensuscode2011"><value>802787</value></Data><Data name="state"><value>Maharashtra</value></Data><Data name="lgd_code"><value>251471.0</value></Data><Data name="lgd_name"><value>Ward No.21</value></Data><Data name="sourcewardcode"><value>21</value></Data><Data name="st_area(shape)"><value>1007114.42240201</value></Data><Data name="st_length(shape)"><value>5661.14502299604</value></Data></ExtendedData><Polygon><outerBoundaryIs><LinearRing><coordinates>19.1959981,72.9711604 19.1952991,72.9708529 19.1949207,72.970712 19.1942173,72.9705072 19.1936497,72.9703633 19.1932125,72.9702624 19.1928454,72.9701615 19.1927613,72.9700769 19.1925105,72.969798 19.1923689,72.9696125 19.1922933,72.9694715 19.1920088,72.969016 19.193029,72.968188 19.1932097,72.9679313 19.1933737,72.9676702 19.1934676,72.9674773 19.1935502,72.9672428 19.1935937,72.9668912 19.1931004,72.9667888 19.1930892,72.9668244 19.1928832,72.9667725 19.1927711,72.9666671 19.1925637,72.9666033 19.1915968,72.9663125 19.1914146,72.9671716 19.1912507,72.9672814 19.1913123,72.9674179 19.1913894,72.9676865 19.1913754,72.967872 19.191154,72.9678571 19.1903748,72.9677963 19.1902109,72.9677755 19.1895732,72.9677028 19.188881,72.9676331 19.1882209,72.9675722 19.1874319,72.9675337 19.1869933,72.9674417 19.1868294,72.9674105 19.1864286,72.9673393 19.1860614,72.9672963 19.1859353,72.9672844 19.1851883,72.9672636 19.1847707,72.9672414 19.1844512,72.9672488 19.1843223,72.9672414 19.1842186,72.967228 19.1841247,72.9672057 19.184021,72.9671657 19.1836986,72.966995 19.1834226,72.9668392 19.1829124,72.9665647 19.1827919,72.9665039 19.1826238,72.9664 19.1823617,72.9661982 19.1822664,72.9661255 19.1822103,72.9660558 19.1820267,72.9660855 19.181962,72.9658912 19.1823943,72.9657245 19.1844436,72.9650211 19.1850738,72.9648109 19.1860018,72.9644635 19.1873226,72.9639928 19.1882485,72.9636583 19.1883535,72.963629 19.1884723,72.9635968 19.1886187,72.9635676 19.1896463,72.9634213 19.1910966,72.9631815 19.1917153,72.9630996 19.1954822,72.9625025 19.1958928,72.9624536 19.1960587,72.9624536 19.1963731,72.9624536 19.1968846,72.9624938 19.1972751,72.9625597 19.1976621,72.9626621 19.1980664,72.9628122 19.1986158,72.963072 19.1988162,72.9631817 19.1991342,72.963372 19.1994521,72.9636025 19.1995671,72.9636975 19.1995232,72.9638874 19.1994597,72.9640404 19.1993415,72.9642444 19.1988926,72.9651278 19.1984131,72.9661688 19.1980278,72.967066 19.1977891,72.967692 19.1977716,72.9677569 19.1977606,72.9678125 19.1977606,72.9679679 19.1977475,72.9680421 19.1976577,72.9685034 19.1976293,72.968617 19.1975986,72.9686843 19.1975724,72.9687492 19.197511,72.9688373 19.1973753,72.9690599 19.1972198,72.9693404 19.1971476,72.9695189 19.1970863,72.9696951 19.1970644,72.9697809 19.1970534,72.9698574 19.1970425,72.9699548 19.1970381,72.970022 19.1970425,72.9704115 19.1970512,72.97059 19.1970425,72.9707106 19.1970294,72.9708103 19.1970031,72.9709146 19.1969505,72.9710839 19.1968279,72.9714386 19.1959981,72.9711604</coordinates></LinearRing></outerBoundaryIs></Polygon></Placemark><Placemark><name></name><ExtendedData><Data name="tessellate"><value>-1</value></Data><Data name="extrude"><value>0</value></Data><Data name="visibility"><value>-1</value></Data><Data name="objectid"><value>43.0</value></Data><Data name="id2"><value>25147184</value></Data><Data name="townname"><value>Thane</value></Data><Data name="towncensuscode2011"><value>802787</value></Data><Data name="state"><value>Maharashtra</value></Data><Data name="lgd_code"><value>251471.0</value></Data><Data name="lgd_name"><value>Ward No.40</value></Data><Data name="sourcewardcode"><value>40</value></Data><Data name="st_area(shape)"><value>579052.930195935</value></Data><Data name="st_length(shape)"><value>3382.02098885718</value></Data></ExtendedData><Polygon><outerBoundaryIs><LinearRing><coordinates>19.1733312,73.0232002 19.1732684,73.0228902 19.1732001,73.0227307 19.1730636,73.0225412 19.1729246,73.0222122 19.172675,73.021574 19.1726397,73.021402 19.1726115,73.0212474 19.1726115,73.0211876 19.1726327,73.0209856 19.1726232,73.0209283 19.1725832,73.0208685 19.172489,73.0206815 19.1724325,73.0205269 19.1723901,73.0204098 19.1723124,73.0202527 19.172197,73.0200807 19.1721123,73.0200084 19.1720181,73.0199536 19.1719168,73.019784 19.1718438,73.0196395 19.1717143,73.0192406 19.1715966,73.0188442 19.1714742,73.0185625 19.171307,73.0181512 19.1710597,73.0171665 19.1708734,73.0164112 19.1708216,73.0162188 19.1708841,73.0162037 19.1708793,73.0161841 19.1720858,73.0157667 19.1724503,73.0156411 19.1726548,73.0156646 19.1737852,73.015779 19.1745239,73.0158607 19.1746927,73.0159036 19.1754547,73.0159501 19.1787483,73.0161853 19.1786433,73.0169458 19.1785377,73.0177587 19.1784599,73.0183505 19.1783954,73.0186808 19.1783632,73.0188486 19.1783183,73.0190155 19.1783175,73.0190469 19.1783183,73.0190622 19.1783242,73.0190837 19.1783191,73.0190936 19.1783073,73.0191008 19.1782395,73.0190981 19.1782327,73.0193063 19.1781547,73.019388 19.1781878,73.0194723 19.1781191,73.0196123 19.1781064,73.0196141 19.1780818,73.0196258 19.1780649,73.0196455 19.1780581,73.0196698 19.1780784,73.0197505 19.1780767,73.0197999 19.1780538,73.0198484 19.1779903,73.0199229 19.1780623,73.0200117 19.1780852,73.0200413 19.1781132,73.0201014 19.1781276,73.0201706 19.1781394,73.0202029 19.1781912,73.0202397 19.1783437,73.020368 19.1783844,73.0204317 19.1784327,73.0204649 19.1786167,73.0205556 19.1786752,73.0205968 19.1786497,73.0206525 19.1786226,73.0207449 19.1785794,73.0209406 19.17852,73.0209065 19.1782929,73.0207279 19.1781055,73.0206058 19.1780479,73.0205574 19.1780242,73.0205277 19.1779894,73.0206202 19.1779631,73.0206148 19.1779436,73.0206534 19.1779199,73.0207368 19.1779131,73.0207862 19.1779004,73.0208517 19.1778911,73.0208804 19.1778724,73.0208822 19.1778419,73.0208643 19.1778207,73.0208454 19.177747,73.0206525 19.1775444,73.0207216 19.1776588,73.0210124 19.1776893,73.0211192 19.1776995,73.0211604 19.1774113,73.0212493 19.1774995,73.0214925 19.1776817,73.0219592 19.17783,73.0223665 19.1779339,73.0226949 19.1777665,73.0227093 19.176919,73.0227882 19.1761043,73.0228898 19.1754601,73.0229594 19.1750584,73.0229915 19.1743372,73.0230476 19.174058,73.023073 19.1738307,73.0231024 19.1736096,73.0231399 19.1734454,73.0231747 19.1733312,73.0232002</coordinates></LinearRing></outerBoundaryIs></Polygon></Placemark><Placemark><name></name><ExtendedData><Data name="tessellate"><value>-1</value></Data><Data name="extrude"><value>0</value></Data><Data name="visibility"><value>-1</value></Data><Data name="objectid"><value>41.0</value></Data><Data name="id2"><value>25147176</value></Data><Data name="townname"><value>Thane</value></Data><Data name="towncensuscode2011"><value>802787</value></Data><Data name="state"><value>Maharashtra</value></Data><Data name="lgd_code"><value>251471.0</value></Data><Data name="lgd_name"><value>Ward No.37</value></Data><Data name="sourcewardcode"><value>37</value></Data><Data name="st_area(shape)"><value>1895567.88517041</value></Data><Data name="st_length(shape)"><value>8582.33123211751</value></Data></ExtendedData><Polygon><outerBoundaryIs><LinearRing><coordinates>19.1891782,73.0227068 19.1888296,73.0224707 19.1886542,73.0223514 19.1884262,73.0221701 19.1879286,73.0218012 19.1876786,73.0216433 19.1875659,73.0215957 19.1877303,73.0212852 19.1877964,73.0210707 19.1879498,73.0204775 19.1880244,73.0202091 19.1877752,73.0200691 19.1877642,73.0200332 19.1877583,73.0199579 19.1877693,73.0198762 19.1877811,73.0198259 19.1878481,73.0197111 19.1878591,73.0196339 19.1879185,73.0195352 19.1879512,73.0192964 19.1871429,73.0191287 19.1883298,73.0149669 19.1892558,73.0153165 19.1920245,73.0165207 19.1944433,73.0190289 19.1953996,73.0182032 19.1979886,73.0197535 19.1981246,73.0190555 19.1985065,73.0193325 19.1992693,73.0186979 19.1993914,73.0191448 19.1996014,73.0189066 19.2000149,73.0187206 19.2005377,73.0187523 19.2006791,73.0188998 19.2007798,73.0188953 19.200782,73.0186207 19.2008741,73.0185073 19.2010112,73.0185345 19.2011826,73.0185141 19.2014376,73.0183734 19.2015854,73.0184528 19.2018125,73.0187637 19.2019497,73.0187387 19.2020718,73.0186139 19.2021618,73.0184438 19.202361,73.0181579 19.2025496,73.018015 19.2027317,73.0178289 19.202976,73.0179492 19.2030874,73.0179378 19.2034945,73.0178221 19.2036209,73.0178698 19.2037666,73.0181715 19.203788,73.0183644 19.2037666,73.0186003 19.2038073,73.0188181 19.2038694,73.0189928 19.2040087,73.0190813 19.2043665,73.0186956 19.2045377,73.0179976 19.2048359,73.0157044 19.2061374,73.0155749 19.2091931,73.0151124 19.2100482,73.016634 19.2102409,73.0165338 19.2103356,73.0164596 19.210679,73.0161775 19.2123772,73.0187622 19.2055447,73.0241304 19.2031599,73.0256159 19.2021552,73.0278956 19.2021036,73.0280126 19.1994541,73.0230387 19.1992222,73.0231281 19.1988354,73.0232493 19.1986578,73.023289 19.1985039,73.0233078 19.1982987,73.0232995 19.1980086,73.0232535 19.1977225,73.0231532 19.1975705,73.0230738 19.1973574,73.0229484 19.1972074,73.0229024 19.1970555,73.0228836 19.1967456,73.0228836 19.1964731,73.0228953 19.1958333,73.0229431 19.1948848,73.022959 19.1926264,73.0228235 19.1898184,73.0227358 19.1891782,73.0227068</coordinates></LinearRing></outerBoundaryIs></Polygon></Placemark><Placemark><name></name><ExtendedData><Data name="tessellate"><value>-1</value></Data><Data name="extrude"><value>0</value></Data><Data name="visibility"><value>-1</value></Data><Data name="objectid"><value>19.0</value></Data><Data name="id2"><value>25147133</value></Data><Data name="townname"><value>Thane</value></Data><Data name="towncensuscode2011"><value>802787</value></Data><Data name="state"><value>Maharashtra</value></Data><Data name="lgd_code"><value>251471.0</value></Data><Data name="lgd_name"><value>Ward No.27</value></Data><Data name="sourcewardcode"><value>27</value></Data><Data name="st_area(shape)"><value>1244723.69794882</value></Data><Data name="st_length(shape)"><value>6042.57491611297</value></Data></ExtendedData><Polygon><outerBoundaryIs><LinearRing><coordinates>19.184721,72.9550694 19.1850859,72.9554478 19.1853732,72.9557627 19.1854431,72.9558717 19.1854816,72.9559408 19.1855382,72.9560755 19.1856511,72.9564866 19.1856689,72.9566005 19.1856855,72.9567217 19.1857051,72.9568443 19.1857302,72.9571406 19.1857652,72.9578404 19.1859003,72.9585007 19.1865208,72.9583341 19.1867966,72.958218 19.1881067,72.9586448 19.1881862,72.9583191 19.1891091,72.9586842 19.1891268,72.9589069 19.1894983,72.9590094 19.1896837,72.9588392 19.189772,72.9588239 19.1897973,72.9587533 19.1900819,72.9588622 19.1903325,72.9589642 19.190436,72.9589527 19.1905512,72.958702 19.1907257,72.9587717 19.1909719,72.9588523 19.1910078,72.9587478 19.1910538,72.9587609 19.1911829,72.9587646 19.1912568,72.9588088 19.1915082,72.9588643 19.1914253,72.9590925 19.1913341,72.9592884 19.1907485,72.959967 19.1906988,72.9601074 19.1908645,72.9609293 19.190848,72.9609937 19.1909999,72.9611282 19.1910772,72.9616371 19.1914391,72.9615962 19.1915441,72.962421 19.1917153,72.9630996 19.1910966,72.9631815 19.1896463,72.9634213 19.1886187,72.9635676 19.1884723,72.9635968 19.1883535,72.963629 19.1882485,72.9636583 19.1873226,72.9639928 19.1860018,72.9644635 19.1850738,72.9648109 19.1844436,72.9650211 19.1823943,72.9657245 19.1812433,72.9661682 19.180789,72.9663554 19.1805768,72.9664527 19.1796468,72.9669675 19.1786779,72.9674654 19.1782342,72.9676845 19.1778151,72.9678604 19.1773837,72.968012 19.1762786,72.9682328 19.1763145,72.9681012 19.17632,72.9679403 19.176494,72.9678175 19.1760134,72.9676449 19.1763228,72.9674021 19.1764692,72.9674343 19.1767261,72.9675747 19.1769361,72.9676917 19.1771819,72.9676157 19.177461,72.9673934 19.1775659,72.9671477 19.1776764,72.9670044 19.1776405,72.9668903 19.1774913,72.9664545 19.1775273,72.9662673 19.1773864,72.9660421 19.1773421,72.9659424 19.1774058,72.9657426 19.1774037,72.9651906 19.1773846,72.9648792 19.1773836,72.9648626 19.1773646,72.9648203 19.1771006,72.9645073 19.176897,72.9643096 19.1768609,72.9642746 19.1767364,72.9641923 19.1766728,72.9641502 19.1766219,72.9640943 19.1765518,72.9639768 19.1765372,72.9639247 19.1765507,72.9637007 19.1765851,72.9636096 19.1767434,72.9633824 19.1769422,72.9631447 19.1770612,72.9630767 19.177358,72.962907 19.1774415,72.9628432 19.1777811,72.9625835 19.1778662,72.9625435 19.1780633,72.9624974 19.1783839,72.9624225 19.1785651,72.9623204 19.1788936,72.9621351 19.1789605,72.9620813 19.1790819,72.9618215 19.1791012,72.9614356 19.1790504,72.9612268 19.1789929,72.9609907 19.1789968,72.9609454 19.1789851,72.9608841 19.1790062,72.9608343 19.1790221,72.9606472 19.1790434,72.9605801 19.1791541,72.960423 19.1791797,72.9603867 19.1794099,72.9601388 19.1794768,72.9600897 19.1798592,72.9599885 19.1801245,72.9599183 19.1801824,72.9598695 19.1803672,72.9596178 19.1803764,72.9594174 19.1803829,72.9592749 19.1804911,72.9588011 19.1806094,72.9586129 19.1806937,72.95853 19.1809708,72.9583715 19.1813947,72.9583097 19.1817543,72.9579734 19.1821295,72.9575175 19.18247,72.9566818 19.1826796,72.9563059 19.1827544,72.9562043 19.1830664,72.9559783 19.183257,72.9559482 19.1834857,72.955912 19.1835183,72.9559046 19.1837919,72.9558432 19.1838859,72.9557983 19.1841759,72.9553777 19.1844385,72.9549387 19.1845261,72.9546517 19.184721,72.9550694</coordinates></LinearRing></outerBoundaryIs></Polygon></Placemark><Placemark><name></name><ExtendedData><Data name="tessellate"><value>-1</value></Data><Data name="extrude"><value>0</value></Data><Data name="visibility"><value>-1</value></Data><Data name="objectid"><value>20.0</value></Data><Data name="id2"><value>25147135</value></Data><Data name="townname"><value>Thane</value></Data><Data name="towncensuscode2011"><value>802787</value></Data><Data name="state"><value>Maharashtra</value></Data><Data name="lgd_code"><value>251471.0</value></Data><Data name="lgd_name"><value>Ward No.22</value></Data><Data name="sourcewardcode"><value>22</value></Data><Data name="st_area(shape)"><value>1024078.49783788</value></Data><Data name="st_length(shape)"><value>5209.36061966131</value></Data></ExtendedData><Polygon><outerBoundaryIs><LinearRing><coordinates>19.1854006,72.9558055 19.1858294,72.9556458 19.1863886,72.9554355 19.1868558,72.9553381 19.1871321,72.9553018 19.1871939,72.9546731 19.18723,72.9540014 19.18723,72.953585 19.187236,72.9534989 19.1872662,72.9533122 19.1873747,72.9529564 19.1876489,72.9522081 19.1876776,72.9521507 19.1877258,72.9521188 19.1877876,72.9520996 19.1884204,72.95198 19.1884732,72.9519624 19.1885636,72.9519225 19.188648,72.9519034 19.188657,72.9519385 19.1887821,72.9520007 19.1887926,72.9519752 19.1889086,72.9520518 19.1889614,72.9519305 19.1891753,72.952047 19.1892748,72.9518412 19.1896033,72.9519417 19.1895792,72.952039 19.1899725,72.9521411 19.1899483,72.9523023 19.1901216,72.9523613 19.1901699,72.9521874 19.1902663,72.9520693 19.1903009,72.951972 19.1904019,72.9520773 19.1905104,72.9519034 19.1907078,72.952098 19.190646,72.9522656 19.1910167,72.9526628 19.1917565,72.9534223 19.1918756,72.9532723 19.1915697,72.9529851 19.1917053,72.9528272 19.1915923,72.9527091 19.1916932,72.9525161 19.1918545,72.9526341 19.1921712,72.9522606 19.1923228,72.9523935 19.1927535,72.9527539 19.1930407,72.9529735 19.1935724,72.9534352 19.1937559,72.9536351 19.1944897,72.9541052 19.1957766,72.9548823 19.1965437,72.9553418 19.1963043,72.9558512 19.1957036,72.957004 19.1963204,72.957386 19.1967907,72.957652 19.1971395,72.9577923 19.1968154,72.9588414 19.1966894,72.9593644 19.1966583,72.9595383 19.1966328,72.9597721 19.196603,72.9602727 19.1965875,72.9604181 19.1965632,72.9605765 19.196425,72.9610375 19.1962902,72.9615644 19.1960587,72.9624536 19.1958928,72.9624536 19.1954822,72.9625025 19.1917153,72.9630996 19.1915441,72.962421 19.1914391,72.9615962 19.1910772,72.9616371 19.1909999,72.9611282 19.190848,72.9609937 19.1908645,72.9609293 19.1906988,72.9601074 19.1907485,72.959967 19.1913341,72.9592884 19.1914253,72.9590925 19.1915082,72.9588643 19.1912568,72.9588088 19.1911829,72.9587646 19.1910538,72.9587609 19.1910078,72.9587478 19.1909719,72.9588523 19.1907257,72.9587717 19.1905512,72.958702 19.190436,72.9589527 19.1903325,72.9589642 19.1900819,72.9588622 19.1897973,72.9587533 19.189772,72.9588239 19.1896837,72.9588392 19.1894983,72.9590094 19.1891268,72.9589069 19.1891091,72.9586842 19.1881862,72.9583191 19.1881067,72.9586448 19.1867966,72.958218 19.1865208,72.9583341 19.1859003,72.9585007 19.1857652,72.9578404 19.1857302,72.9571406 19.1857051,72.9568443 19.1856855,72.9567217 19.1856689,72.9566005 19.1856511,72.9564866 19.1855382,72.9560755 19.1854816,72.9559408 19.1854431,72.9558717 19.1854006,72.9558055</coordinates></LinearRing></outerBoundaryIs></Polygon></Placemark><Placemark><name></name><ExtendedData><Data name="tessellate"><value>-1</value></Data><Data name="extrude"><value>0</value></Data><Data name="visibility"><value>-1</value></Data><Data name="objectid"><value>21.0</value></Data><Data name="id2"><value>25147137</value></Data><Data name="townname"><value>Thane</value></Data><Data name="towncensuscode2011"><value>802787</value></Data><Data name="state"><value>Maharashtra</value></Data><Data name="lgd_code"><value>251471.0</value></Data><Data name="lgd_name"><value>Ward No.10</value></Data><Data name="sourcewardcode"><value>10</value></Data><Data name="st_area(shape)"><value>1396647.67510602</value></Data><Data name="st_length(shape)"><value>6858.91998594756</value></Data></ExtendedData><Polygon><outerBoundaryIs><LinearRing><coordinates>19.2044826,72.968818 19.204557,72.9686322 19.2047025,72.9683575 19.2054691,72.9672042 19.2057837,72.9667005 19.2061074,72.9663271 19.2067144,72.9656823 19.2076319,72.9647063 19.2083714,72.9638676 19.2087965,72.9633033 19.2092532,72.9626954 19.2095437,72.9623557 19.2096368,72.9623241 19.2096363,72.9622695 19.2097933,72.9621078 19.2101786,72.9617809 19.211367,72.9608481 19.2128126,72.9597101 19.213747,72.9589711 19.2140917,72.9593813 19.2141885,72.959574 19.2146223,72.9611818 19.2154085,72.9612638 19.2160243,72.9632981 19.2161714,72.9637616 19.2163341,72.964467 19.2165432,72.9655785 19.2169267,72.9675431 19.2169949,72.9679917 19.2170329,72.9681614 19.2167871,72.968237 19.2167998,72.9682823 19.2166348,72.968326 19.216281,72.9675432 19.2159891,72.9669854 19.2156148,72.9664831 19.2152626,72.9660934 19.2150024,72.9658683 19.2143933,72.9654332 19.2136461,72.9650552 19.213405,72.964951 19.2133145,72.9655188 19.2132431,72.9661219 19.2131495,72.9665671 19.213029,72.9673617 19.2130004,72.9675902 19.2129862,72.968321 19.2130147,72.968867 19.2130068,72.9689661 19.2129846,72.9690887 19.2130147,72.9692147 19.2131369,72.9694583 19.2131559,72.9695406 19.2131511,72.9696263 19.2131004,72.9697137 19.2128339,72.9699673 19.212542,72.9701941 19.2124008,72.9703336 19.2123278,72.9704394 19.2122691,72.9705687 19.2118836,72.9721229 19.2117151,72.9728868 19.2125777,72.9731073 19.2145358,72.9736086 19.2163031,72.9740732 19.2162285,72.97422 19.2161806,72.9743126 19.2160988,72.974447 19.2159606,72.9746202 19.2150807,72.9756386 19.2149284,72.9758477 19.2141472,72.9770214 19.2138454,72.9776366 19.2130699,72.9773917 19.2127625,72.9773081 19.2118938,72.9772723 19.2118794,72.9770947 19.2118442,72.9769268 19.2117863,72.9767217 19.2116926,72.9764799 19.2116022,72.9762884 19.211496,72.9761343 19.2113348,72.9759053 19.2111147,72.9756472 19.2092001,72.9736988 19.2058528,72.9702469 19.2051961,72.9695678 19.2044826,72.968818</coordinates></LinearRing></outerBoundaryIs></Polygon></Placemark><Placemark><name></name><ExtendedData><Data name="tessellate"><value>-1</value></Data><Data name="extrude"><value>0</value></Data><Data name="visibility"><value>-1</value></Data><Data name="objectid"><value>22.0</value></Data><Data name="id2"><value>25147139</value></Data><Data name="townname"><value>Thane</value></Data><Data name="towncensuscode2011"><value>802787</value></Data><Data name="state"><value>Maharashtra</value></Data><Data name="lgd_code"><value>251471.0</value></Data><Data name="lgd_name"><value>Ward No.15</value></Data><Data name="sourcewardcode"><value>15</value></Data><Data name="st_area(shape)"><value>652413.97739305</value></Data><Data name="st_length(shape)"><value>3820.98146466468</value></Data></ExtendedData><Polygon><outerBoundaryIs><LinearRing><coordinates>19.2043947,72.9608326 19.2023379,72.9599294 19.2014422,72.9595376 19.2013856,72.9596817 19.2008867,72.9594558 19.2007136,72.9593598 19.2005033,72.959291 19.2003935,72.95924 19.1999728,72.9590319 19.1990764,72.9586114 19.1982468,72.95827 19.1971395,72.9577923 19.1967907,72.957652 19.1963204,72.957386 19.1957036,72.957004 19.1963043,72.9558512 19.1965437,72.9553418 19.1965848,72.9553665 19.197433,72.9559493 19.1977706,72.955527 19.1982492,72.955054 19.1988527,72.954581 19.1991718,72.9543699 19.199536,72.9541756 19.1999694,72.9539983 19.2004533,72.9538406 19.2008733,72.9537421 19.2011977,72.9537111 19.2018331,72.953697 19.2022399,72.9537195 19.202644,72.9537758 19.2032582,72.9539335 19.203641,72.9540686 19.2040558,72.9542601 19.204186,72.9538378 19.204428,72.953849 19.2057334,72.9541728 19.2067675,72.9544431 19.2082298,72.9548457 19.2078324,72.9553918 19.207102,72.9562981 19.2069096,72.9565638 19.2068919,72.9566262 19.2069078,72.9567942 19.2066738,72.9568063 19.2065139,72.9568027 19.2059704,72.9566999 19.2058608,72.9572271 19.2057934,72.9575137 19.2057637,72.9576104 19.2056895,72.957822 19.2056575,72.957874 19.2056392,72.9579248 19.2056004,72.9579744 19.2054759,72.9580578 19.2052042,72.9583129 19.2050957,72.9583734 19.2050215,72.9583964 19.2049084,72.9585125 19.2049507,72.9585536 19.2049575,72.9585838 19.2049587,72.9586261 19.204921,72.9587023 19.2049724,72.958747 19.2048605,72.9588728 19.2048365,72.9588692 19.2046492,72.9591485 19.2045625,72.9595161 19.2045487,72.959666 19.204591,72.9598413 19.2047452,72.9600287 19.2048217,72.9602041 19.2048308,72.9602416 19.2048285,72.9602766 19.2048068,72.9603177 19.2045579,72.9604906 19.2044231,72.9607131 19.204395,72.96083 19.2043947,72.9608326</coordinates></LinearRing></outerBoundaryIs></Polygon></Placemark><Placemark><name></name><ExtendedData><Data name="tessellate"><value>-1</value></Data><Data name="extrude"><value>0</value></Data><Data name="visibility"><value>-1</value></Data><Data name="objectid"><value>23.0</value></Data><Data name="id2"><value>25147141</value></Data><Data name="townname"><value>Thane</value></Data><Data name="towncensuscode2011"><value>802787</value></Data><Data name="state"><value>Maharashtra</value></Data><Data name="lgd_code"><value>251471.0</value></Data><Data name="lgd_name"><value>Ward No.16</value></Data><Data name="sourcewardcode"><value>16</value></Data><Data name="st_area(shape)"><value>618544.77026913</value></Data><Data name="st_length(shape)"><value>4017.52953370924</value></Data></ExtendedData><Polygon><outerBoundaryIs><LinearRing><coordinates>19.1971395,72.9577923 19.1982468,72.95827 19.1990764,72.9586114 19.1999728,72.9590319 19.2003935,72.95924 19.2005033,72.959291 19.2007136,72.9593598 19.2008867,72.9594558 19.2013856,72.9596817 19.2014422,72.9595376 19.2023379,72.9599294 19.2043947,72.9608326 19.2043842,72.9609263 19.2043878,72.9612192 19.2044449,72.9614251 19.2044538,72.9614893 19.2044556,72.9615649 19.2044396,72.9616594 19.2044181,72.9617085 19.2043789,72.9617255 19.204147,72.9617293 19.2040899,72.9617387 19.2040453,72.9617557 19.203956,72.9618143 19.2038561,72.9619031 19.2036866,72.9620864 19.2033441,72.9622583 19.2034493,72.9625474 19.2035617,72.9625946 19.2041059,72.9637886 19.2036706,72.9639398 19.2037437,72.9641457 19.2039025,72.9645576 19.2039418,72.9645821 19.2041701,72.9645047 19.2045876,72.9644575 19.2046108,72.9645311 19.2050266,72.9647106 19.2052353,72.9648429 19.2054137,72.9649373 19.2055154,72.9649487 19.2055404,72.9650639 19.2057349,72.9655551 19.2059846,72.9660388 19.2060168,72.9660879 19.2060185,72.9661465 19.2061074,72.9663271 19.2057837,72.9667005 19.2054691,72.9672042 19.2047025,72.9683575 19.204557,72.9686322 19.2044826,72.968818 19.2044723,72.9688072 19.2034985,72.9677775 19.2016774,72.9658565 19.2006926,72.96481 19.2000982,72.9641953 19.1997665,72.9638623 19.1994521,72.9636025 19.1991342,72.963372 19.1988162,72.9631817 19.1986158,72.963072 19.1980664,72.9628122 19.1976621,72.9626621 19.1972751,72.9625597 19.1968846,72.9624938 19.1963731,72.9624536 19.1960587,72.9624536 19.1962902,72.9615644 19.196425,72.9610375 19.1965632,72.9605765 19.1965875,72.9604181 19.196603,72.9602727 19.1966328,72.9597721 19.1966583,72.9595383 19.1966894,72.9593644 19.1968154,72.9588414 19.1971395,72.9577923</coordinates></LinearRing></outerBoundaryIs></Polygon></Placemark><Placemark><name></name><ExtendedData><Data name="tessellate"><value>-1</value></Data><Data name="extrude"><value>0</value></Data><Data name="visibility"><value>-1</value></Data><Data name="objectid"><value>24.0</value></Data><Data name="id2"><value>25147143</value></Data><Data name="townname"><value>Thane</value></Data><Data name="towncensuscode2011"><value>802787</value></Data><Data name="state"><value>Maharashtra</value></Data><Data name="lgd_code"><value>251471.0</value></Data><Data name="lgd_name"><value>Ward No.30</value></Data><Data name="sourcewardcode"><value>30</value></Data><Data name="st_area(shape)"><value>2669450.09870149</value></Data><Data name="st_length(shape)"><value>9527.60387465656</value></Data></ExtendedData><Polygon><outerBoundaryIs><LinearRing><coordinates>19.1807042,72.984729 19.1789109,72.9851806 19.1768585,72.9846606 19.1673716,72.9821706 19.1676355,72.9809804 19.168005,72.9793376 19.1684246,72.9789968 19.1689867,72.978695 19.1720969,72.9770267 19.1732099,72.9762435 19.1763616,72.9739884 19.176889,72.9736222 19.1771117,72.9736302 19.1772554,72.9736817 19.1774707,72.9728335 19.1784606,72.9731733 19.178589,72.9728533 19.178692,72.972594 19.178822,72.9718734 19.1783458,72.9717143 19.1775621,72.9714514 19.1773021,72.9713763 19.1766659,72.9711572 19.1757238,72.9709444 19.1754547,72.9707338 19.1754098,72.9705788 19.1755496,72.9699083 19.1758298,72.9686923 19.1761216,72.9686522 19.1761465,72.968619 19.1761789,72.9685504 19.1762786,72.9682328 19.1773837,72.968012 19.1778151,72.9678604 19.1782342,72.9676845 19.1786779,72.9674654 19.1796468,72.9669675 19.1805768,72.9664527 19.180789,72.9663554 19.1812433,72.9661682 19.1813078,72.9661433 19.1822896,72.9671893 19.1828296,72.9678976 19.18316,72.9683328 19.1837483,72.9693055 19.184119,72.9700394 19.1846348,72.9711401 19.1848202,72.9716009 19.1852796,72.9730259 19.1859874,72.975425 19.1852247,72.975671 19.185155,72.9757336 19.1850599,72.9760334 19.1849057,72.976492 19.1848571,72.9766127 19.1848085,72.9767045 19.1847684,72.9767716 19.1847325,72.9768208 19.1846437,72.9769103 19.1845043,72.9770199 19.1842275,72.9772503 19.1838473,72.9776126 19.183655,72.9778676 19.1830402,72.9789346 19.1826663,72.9797399 19.1826557,72.9799166 19.1826557,72.9800531 19.182041,72.9818318 19.1819572,72.9818933 19.1818409,72.9822727 19.181853,72.9823629 19.1819409,72.9825633 19.1819504,72.9826764 19.1826297,72.9828932 19.1826245,72.9826256 19.1840142,72.9812364 19.1841219,72.9816457 19.1842994,72.9814646 19.1842719,72.9811961 19.1844325,72.9809993 19.1846247,72.9809053 19.1846902,72.980997 19.1851634,72.981129 19.1852754,72.9811849 19.1855416,72.9811492 19.1857402,72.9810955 19.1858479,72.9809859 19.1858648,72.9809098 19.186167,72.9809322 19.1864162,72.9808942 19.1865303,72.9809344 19.1866041,72.9809449 19.1865777,72.9811232 19.1867824,72.9811791 19.1877166,72.9811057 19.1880632,72.9824094 19.1888088,72.9851323 19.1884838,72.9852797 19.1878649,72.9853944 19.1874678,72.9853726 19.1868591,72.9852688 19.1860081,72.9847992 19.1857038,72.9845916 19.1850436,72.9841384 19.1829988,72.9843664 19.1817013,72.9845029 19.1807042,72.984729</coordinates></LinearRing></outerBoundaryIs></Polygon></Placemark><Placemark><name></name><ExtendedData><Data name="tessellate"><value>-1</value></Data><Data name="extrude"><value>0</value></Data><Data name="visibility"><value>-1</value></Data><Data name="objectid"><value>25.0</value></Data><Data name="id2"><value>25147145</value></Data><Data name="townname"><value>Thane</value></Data><Data name="towncensuscode2011"><value>802787</value></Data><Data name="state"><value>Maharashtra</value></Data><Data name="lgd_code"><value>251471.0</value></Data><Data name="lgd_name"><value>Ward No.31</value></Data><Data name="sourcewardcode"><value>31</value></Data><Data name="st_area(shape)"><value>1454037.37874487</value></Data><Data name="st_length(shape)"><value>8487.56187350515</value></Data></ExtendedData><Polygon><outerBoundaryIs><LinearRing><coordinates>19.1904031,73.0046101 19.1903009,73.0047592 19.1903959,73.0048076 19.1902262,73.0051937 19.1901348,73.0051618 19.1900133,73.0053058 19.1898929,73.0054817 19.1898099,73.0055428 19.1896101,73.0057416 19.1893213,73.0060334 19.189195,73.0062219 19.1891721,73.0062793 19.1891637,73.0063354 19.1891673,73.0064131 19.1891914,73.0065214 19.1892299,73.0066526 19.1892756,73.0067584 19.1892876,73.006803 19.1892961,73.0068616 19.1892792,73.0069202 19.1891396,73.0072005 19.1890768,73.0073642 19.1891752,73.0074321 19.1891645,73.0076609 19.1891773,73.0077402 19.1892608,73.0079282 19.1892715,73.0079848 19.1892693,73.0080256 19.1892522,73.0080664 19.189218,73.0081003 19.1891623,73.0081321 19.1888821,73.0081139 19.1887987,73.0081117 19.1887495,73.0081456 19.1887238,73.0082227 19.1887195,73.0082838 19.1887281,73.0083767 19.1887238,73.0084424 19.1887131,73.0085081 19.1886874,73.0085466 19.1886297,73.0085602 19.1884628,73.0085217 19.188221,73.0084582 19.1879344,73.0083472 19.187791,73.0083087 19.1876113,73.008354 19.1876777,73.0082838 19.1877247,73.0081321 19.1879237,73.0080369 19.1879622,73.0079191 19.1881184,73.0077039 19.1882275,73.0075205 19.1883173,73.0073007 19.1884221,73.0071535 19.1884842,73.0070969 19.1885099,73.00697 19.1885355,73.0067458 19.1885548,73.0064672 19.188435,73.0064581 19.1882125,73.0067843 19.1880135,73.0069134 19.1878616,73.00685 19.1877611,73.0064762 19.1878097,73.0059247 19.1881178,73.0054325 19.1882379,73.0050952 19.1885014,73.0043642 19.1885572,73.004162 19.1890508,73.0029706 19.189324,73.0022862 19.1893152,73.0018289 19.1893005,73.0016361 19.1890655,73.0016392 19.1888392,73.0015738 19.188801,73.0014992 19.1886189,73.0015054 19.1884691,73.0014059 19.1886277,73.0008273 19.1886101,73.0005784 19.1885454,72.9999438 19.1882193,72.9991195 19.1881606,72.9987182 19.1889391,72.9985782 19.1889479,72.9984413 19.1890038,72.9981707 19.1890948,72.9979405 19.1891918,72.997757 19.1891418,72.9977321 19.1892564,72.997533 19.1893446,72.9974863 19.1895355,72.9972903 19.1894356,72.9970353 19.1895385,72.9968891 19.1892094,72.996662 19.1892594,72.9963976 19.1894004,72.9963509 19.1896824,72.9961829 19.1897852,72.9960803 19.18975,72.995903 19.1897673,72.995734 19.1896574,72.9955293 19.1895517,72.9955135 19.1895583,72.99544 19.1894376,72.9949991 19.1893666,72.9949903 19.1891385,72.9949903 19.1891418,72.9949291 19.1891881,72.9948504 19.1891435,72.9947909 19.1890195,72.9947261 19.1888097,72.9946754 19.1888047,72.9946229 19.1888295,72.9945896 19.188927,72.9945879 19.189008,72.9944847 19.189003,72.9943639 19.188775,72.9943779 19.1882941,72.9943622 19.1882775,72.9941434 19.1879371,72.9942082 19.1879437,72.9943342 19.1877124,72.9944357 19.1876826,72.9943569 19.1874579,72.9943937 19.1874413,72.9943027 19.1873504,72.9943132 19.1873091,72.9941382 19.1868381,72.9942922 19.1867423,72.9940647 19.1866894,72.9939142 19.1866547,72.9937602 19.1865522,72.9937497 19.1865555,72.993601 19.186463,72.9935993 19.1864465,72.9934838 19.1860978,72.9934943 19.1860135,72.9934435 19.1859226,72.9933455 19.1858829,72.9932406 19.18584,72.9930323 19.1857772,72.9928066 19.1857028,72.9926579 19.1853921,72.9926229 19.1852847,72.9924899 19.1849971,72.9925354 19.1846749,72.9922467 19.1846106,72.9921521 19.1844996,72.9919084 19.1842716,72.991888 19.1841774,72.991902 19.1839477,72.9918267 19.183794,72.9917287 19.1837081,72.9918355 19.1835346,72.9919912 19.1833726,72.9921172 19.1831056,72.9922991 19.1829644,72.9924187 19.1827385,72.9925469 19.1824722,72.9926665 19.1821534,72.9926793 19.1815805,72.9924785 19.1807816,72.9910218 19.1797729,72.9889627 19.1792994,72.9879893 19.1790143,72.9874034 19.1788247,72.9873821 19.1789109,72.9851806 19.1807042,72.984729 19.1817013,72.9845029 19.1829988,72.9843664 19.1850436,72.9841384 19.1857038,72.9845916 19.1860081,72.9847992 19.1868591,72.9852688 19.1874678,72.9853726 19.1878649,72.9853944 19.1884838,72.9852797 19.1888088,72.9851323 19.189648,72.9882017 19.1895482,72.9882486 19.1897311,72.9889644 19.1900358,72.9904369 19.1901526,72.9912106 19.1902803,72.9922807 19.1903583,72.9922844 19.190493,72.9932719 19.1907755,72.9954433 19.1909428,72.9965749 19.1912601,72.9991101 19.1913746,73.0001802 19.1913923,73.0006686 19.1914069,73.0015707 19.1913834,73.0026004 19.1913394,73.0030452 19.1912407,73.0038851 19.1911974,73.0041387 19.1910205,73.0041043 19.1908412,73.0038074 19.1908051,73.0038367 19.190781,73.0038558 19.1907425,73.0039399 19.1906883,73.0040916 19.1906571,73.0041604 19.1905897,73.0043426 19.1905572,73.0044356 19.1905126,73.0044878 19.1904585,73.0045388 19.1904031,73.0046101</coordinates></LinearRing></outerBoundaryIs></Polygon></Placemark><Placemark><name></name><ExtendedData><Data name="tessellate"><value>-1</value></Data><Data name="extrude"><value>0</value></Data><Data name="visibility"><value>-1</value></Data><Data name="objectid"><value>26.0</value></Data><Data name="id2"><value>25147147</value></Data><Data name="townname"><value>Thane</value></Data><Data name="towncensuscode2011"><value>802787</value></Data><Data name="state"><value>Maharashtra</value></Data><Data name="lgd_code"><value>251471.0</value></Data><Data name="lgd_name"><value>Ward No.29</value></Data><Data name="sourcewardcode"><value>29</value></Data><Data name="st_area(shape)"><value>1107350.18578997</value></Data><Data name="st_length(shape)"><value>6001.59602885181</value></Data></ExtendedData><Polygon><outerBoundaryIs><LinearRing><coordinates>19.1959755,72.9853459 19.1954646,72.9851841 19.1944974,72.9849111 19.1936115,72.9845606 19.1925202,72.9839828 19.1917054,72.9835705 19.1913809,72.983484 19.1912223,72.9835095 19.190804,72.9836189 19.1904267,72.9837716 19.1890458,72.9850105 19.1888088,72.9851323 19.1880632,72.9824094 19.1877166,72.9811057 19.1867824,72.9811791 19.1865777,72.9811232 19.1866041,72.9809449 19.1865303,72.9809344 19.1864162,72.9808942 19.186167,72.9809322 19.1858648,72.9809098 19.1858479,72.9809859 19.1857402,72.9810955 19.1855416,72.9811492 19.1852754,72.9811849 19.1851634,72.981129 19.1846902,72.980997 19.1846247,72.9809053 19.1844325,72.9809993 19.1842719,72.9811961 19.1842994,72.9814646 19.1841219,72.9816457 19.1840142,72.9812364 19.1826245,72.9826256 19.1826297,72.9828932 19.1819504,72.9826764 19.1819409,72.9825633 19.181853,72.9823629 19.1818409,72.9822727 19.1819572,72.9818933 19.182041,72.9818318 19.1826557,72.9800531 19.1826557,72.9799166 19.1826663,72.9797399 19.1830402,72.9789346 19.183655,72.9778676 19.1838473,72.9776126 19.1842275,72.9772503 19.1845043,72.9770199 19.1846437,72.9769103 19.1847325,72.9768208 19.1847684,72.9767716 19.1848085,72.9767045 19.1848333,72.9766577 19.1851136,72.9767495 19.1850859,72.9768242 19.1852598,72.9771124 19.1859302,72.9771444 19.186031,72.9773953 19.1863839,72.9781692 19.1865074,72.9784094 19.1870569,72.9781746 19.1870947,72.9781772 19.1873896,72.9779878 19.1875055,72.977921 19.1877122,72.9778703 19.1879163,72.977857 19.1879416,72.9772112 19.1883902,72.9771898 19.1886574,72.9771391 19.1894538,72.9771044 19.1896781,72.977059 19.1901747,72.9769897 19.1903208,72.9769816 19.190467,72.9769897 19.1910442,72.9770003 19.1910795,72.9770457 19.1918406,72.9773633 19.1919919,72.9774247 19.1926875,72.9775367 19.1931588,72.9776168 19.1935142,72.9776915 19.1943812,72.9779504 19.19454,72.9779824 19.1946332,72.9779584 19.1946005,72.9779157 19.1946458,72.9775794 19.1947794,72.9770324 19.1953591,72.9770644 19.195596,72.9770884 19.1958682,72.9771231 19.1959143,72.9768924 19.195975,72.976898 19.1961006,72.9767301 19.1961911,72.9768141 19.196454,72.9770499 19.1967259,72.9772828 19.196834,72.9772982 19.1971905,72.9773631 19.197205,72.9774365 19.1971727,72.9777832 19.1971566,72.9781487 19.1971453,72.9782102 19.1971179,72.978241 19.1970743,72.9782717 19.1970985,72.9784203 19.1971195,72.9786457 19.1971082,72.9789873 19.1970921,72.9796193 19.1971017,72.9796842 19.197155,72.9798994 19.1971308,72.980007 19.1971098,72.9803401 19.1971372,72.9810711 19.1971711,72.9817611 19.1972017,72.9821778 19.1972276,72.9824392 19.1972647,72.9830762 19.197313,72.9836518 19.1973808,72.9839507 19.196351,72.9835399 19.1961807,72.9845125 19.1961001,72.9849015 19.1959755,72.9853459</coordinates></LinearRing></outerBoundaryIs></Polygon></Placemark><Placemark><name></name><ExtendedData><Data name="tessellate"><value>-1</value></Data><Data name="extrude"><value>0</value></Data><Data name="visibility"><value>-1</value></Data><Data name="objectid"><value>29.0</value></Data><Data name="id2"><value>25147152</value></Data><Data name="townname"><value>Thane</value></Data><Data name="towncensuscode2011"><value>802787</value></Data><Data name="state"><value>Maharashtra</value></Data><Data name="lgd_code"><value>251471.0</value></Data><Data name="lgd_name"><value>Ward No.20</value></Data><Data name="sourcewardcode"><value>20</value></Data><Data name="st_area(shape)"><value>911532.198974705</value></Data><Data name="st_length(shape)"><value>4655.51963054162</value></Data></ExtendedData><Polygon><outerBoundaryIs><LinearRing><coordinates>19.1968279,72.9714386 19.1969505,72.9710839 19.1970031,72.9709146 19.1970294,72.9708103 19.1970425,72.9707106 19.1970512,72.97059 19.1970425,72.9704115 19.1970381,72.970022 19.1970425,72.9699548 19.1970534,72.9698574 19.1970644,72.9697809 19.1970863,72.9696951 19.1971476,72.9695189 19.1972198,72.9693404 19.1973753,72.9690599 19.197511,72.9688373 19.1975724,72.9687492 19.1975986,72.9686843 19.1976293,72.968617 19.1976577,72.9685034 19.1977475,72.9680421 19.1977606,72.9679679 19.1977606,72.9678125 19.1977716,72.9677569 19.1977891,72.967692 19.1980278,72.967066 19.1984131,72.9661688 19.1988926,72.9651278 19.1993415,72.9642444 19.1994597,72.9640404 19.1995232,72.9638874 19.1995671,72.9636975 19.1997665,72.9638623 19.2000982,72.9641953 19.2006926,72.96481 19.2016774,72.9658565 19.2034985,72.9677775 19.2044723,72.9688072 19.2051961,72.9695678 19.2058528,72.9702469 19.2089487,72.9734396 19.2085789,72.9739915 19.2084995,72.9739494 19.2083511,72.9737799 19.2081131,72.9736523 19.2078413,72.9735029 19.2076106,72.9740615 19.2074225,72.9746403 19.2072565,72.9746294 19.207186,72.9746185 19.2068569,72.9745594 19.2067482,72.9745376 19.2060796,72.974368 19.2059915,72.9743571 19.2059356,72.9743633 19.2056051,72.9744162 19.2056242,72.9742388 19.2056168,72.9741719 19.205486,72.974035 19.2052172,72.9739137 19.205129,72.9738296 19.2048528,72.9741377 19.2046632,72.9742451 19.2047543,72.9742591 19.2048733,72.974298 19.204747,72.9747212 19.2046147,72.9749405 19.2045119,72.975023 19.2042827,72.9751739 19.2041945,72.9752611 19.2040946,72.9753046 19.2039506,72.9755769 19.2037758,72.9760499 19.2036816,72.9766628 19.2035782,72.9771925 19.2034729,72.9771288 19.2032373,72.9769098 19.202021,72.9755685 19.2018977,72.9753607 19.2014269,72.9742449 19.2013372,72.9740728 19.2007431,72.9733843 19.2002386,72.9728976 19.199353,72.9722032 19.1991064,72.9719955 19.1987421,72.9718649 19.1979237,72.9717462 19.1973128,72.9716394 19.1968279,72.9714386</coordinates></LinearRing></outerBoundaryIs></Polygon></Placemark><Placemark><name></name><ExtendedData><Data name="tessellate"><value>-1</value></Data><Data name="extrude"><value>0</value></Data><Data name="visibility"><value>-1</value></Data><Data name="objectid"><value>30.0</value></Data><Data name="id2"><value>25147154</value></Data><Data name="townname"><value>Thane</value></Data><Data name="towncensuscode2011"><value>802787</value></Data><Data name="state"><value>Maharashtra</value></Data><Data name="lgd_code"><value>251471.0</value></Data><Data name="lgd_name"><value>Ward No.19</value></Data><Data name="sourcewardcode"><value>19</value></Data><Data name="st_area(shape)"><value>1062990.46470055</value></Data><Data name="st_length(shape)"><value>5553.05468518691</value></Data></ExtendedData><Polygon><outerBoundaryIs><LinearRing><coordinates>19.198682,72.9866601 19.1985816,72.9865977 19.1980329,72.9863266 19.1969778,72.9858021 19.195979,72.985347 19.1959755,72.9853459 19.1961001,72.9849015 19.1961807,72.9845125 19.196351,72.9835399 19.1973808,72.9839507 19.197313,72.9836518 19.1972647,72.9830762 19.1972276,72.9824392 19.1972017,72.9821778 19.1971711,72.9817611 19.1971372,72.9810711 19.1971098,72.9803401 19.1971308,72.980007 19.197155,72.9798994 19.1971017,72.9796842 19.1970921,72.9796193 19.1971082,72.9789873 19.1971195,72.9786457 19.1970985,72.9784203 19.1970743,72.9782717 19.1971179,72.978241 19.1971453,72.9782102 19.1971566,72.9781487 19.1971727,72.9777832 19.197205,72.9774365 19.1971905,72.9773631 19.196834,72.9772982 19.1967259,72.9772828 19.196454,72.9770499 19.1961911,72.9768141 19.1961006,72.9767301 19.195975,72.976898 19.1959143,72.9768924 19.1958682,72.9771231 19.195596,72.9770884 19.1953591,72.9770644 19.1947794,72.9770324 19.1947829,72.9767455 19.1947697,72.9765137 19.1947325,72.976356 19.1946712,72.9761427 19.1946362,72.9759966 19.1946274,72.9759085 19.1946252,72.9758065 19.1946274,72.9757045 19.1946537,72.9755492 19.1947281,72.9752084 19.1947763,72.9750507 19.1950434,72.9743042 19.1950653,72.9741998 19.1950872,72.9740561 19.1954835,72.9733281 19.1954222,72.9732794 19.1953018,72.973182 19.1952011,72.9730754 19.1950062,72.9728157 19.1949537,72.9727439 19.1948727,72.9726442 19.1951704,72.9724262 19.1954288,72.9721109 19.1955208,72.9719834 19.1956062,72.9718234 19.1959981,72.9711604 19.1968279,72.9714386 19.1973128,72.9716394 19.1979237,72.9717462 19.1987421,72.9718649 19.1991064,72.9719955 19.199353,72.9722032 19.2002386,72.9728976 19.2007431,72.9733843 19.2013372,72.9740728 19.2014269,72.9742449 19.2018977,72.9753607 19.202021,72.9755685 19.2032373,72.9769098 19.2034729,72.9771288 19.2035782,72.9771925 19.2033014,72.9777575 19.2032278,72.9779264 19.2031401,72.9781399 19.2031822,72.9781529 19.2032348,72.978164 19.2033873,72.978164 19.2035609,72.9781529 19.2036748,72.9781343 19.2038553,72.9780916 19.2050271,72.9776641 19.2049766,72.9778696 19.2049014,72.9779848 19.20475,72.9781001 19.2044426,72.978346 19.2042406,72.9784945 19.2040926,72.978567 19.2037818,72.9787083 19.2036258,72.9787665 19.2034351,72.9788212 19.2032725,72.9788604 19.2030223,72.9788972 19.2028091,72.9789079 19.2026386,72.9789317 19.2022773,72.9790481 19.2021573,72.9790956 19.2020036,72.9791764 19.2018275,72.9792762 19.2019699,72.9798037 19.2021034,72.980223 19.2021203,72.9804131 19.2021214,72.9805747 19.2021337,72.9811271 19.2021461,72.9815999 19.2021595,72.9817852 19.202145,72.9821274 19.202099,72.9827249 19.2019744,72.9831942 19.2019284,72.9835423 19.201897,72.98373 19.2018678,72.9837894 19.2018185,72.9838333 19.2015032,72.983983 19.2013248,72.984122 19.2012441,72.9842313 19.2011969,72.984305 19.2011622,72.9844071 19.2011498,72.9845022 19.2011487,72.9847813 19.2011663,72.9853866 19.2009542,72.9853922 19.200378,72.9854894 19.1999774,72.9855702 19.1997317,72.9856973 19.1996251,72.9857211 19.1995836,72.9857436 19.1994636,72.9858387 19.1990911,72.9862153 19.1990563,72.9862331 19.198682,72.9866601</coordinates></LinearRing></outerBoundaryIs></Polygon></Placemark><Placemark><name></name><ExtendedData><Data name="tessellate"><value>-1</value></Data><Data name="extrude"><value>0</value></Data><Data name="visibility"><value>-1</value></Data><Data name="objectid"><value>33.0</value></Data><Data name="id2"><value>25147159</value></Data><Data name="townname"><value>Thane</value></Data><Data name="towncensuscode2011"><value>802787</value></Data><Data name="state"><value>Maharashtra</value></Data><Data name="lgd_code"><value>251471.0</value></Data><Data name="lgd_name"><value>Ward No.32</value></Data><Data name="sourcewardcode"><value>32</value></Data><Data name="st_area(shape)"><value>1176872.1021753</value></Data><Data name="st_length(shape)"><value>7467.02184039679</value></Data></ExtendedData><Polygon><outerBoundaryIs><LinearRing><coordinates>19.1947984,73.005177 19.1936653,73.0052028 19.1936611,73.0052431 19.1936209,73.0052398 19.1936547,73.0053193 19.1939382,73.0053193 19.193935,73.0055455 19.19399,73.0055477 19.1939678,73.0058624 19.1940196,73.0058647 19.1940207,73.0059867 19.1938356,73.0059811 19.193752,73.0059699 19.1937045,73.0059587 19.1936706,73.0059498 19.1936537,73.0059699 19.1936526,73.0059912 19.1936611,73.006045 19.1936981,73.0061021 19.1937764,73.0061133 19.194008,73.0061234 19.1939615,73.0063966 19.1938874,73.006783 19.1940841,73.0068356 19.1942089,73.0068513 19.1946129,73.0068602 19.1949979,73.0069397 19.1949821,73.0070204 19.1948149,73.0072287 19.194797,73.0072555 19.1947843,73.0072925 19.1947758,73.0073463 19.1947779,73.0075008 19.1947621,73.0076027 19.1947399,73.0077001 19.1947367,73.0078592 19.194761,73.0082108 19.1947229,73.0082197 19.1947081,73.0082343 19.1947028,73.0082937 19.1946933,73.0083317 19.1946616,73.0083564 19.194614,73.0083642 19.1945643,73.0083474 19.1945146,73.008428 19.1944226,73.0084359 19.1944173,73.0083418 19.1943898,73.0082041 19.1942883,73.0082164 19.1941275,73.0082321 19.194136,73.0082925 19.1940545,73.0083071 19.1939467,73.0082993 19.1939371,73.0082657 19.1938134,73.0082612 19.1936907,73.0082399 19.1936072,73.0082197 19.1936421,73.0077841 19.1934739,73.0077539 19.1932254,73.0077236 19.1931788,73.0077292 19.1931587,73.0077404 19.1931513,73.0078155 19.1928954,73.0077808 19.1928837,73.0078849 19.1928901,73.0080529 19.1929239,73.0083485 19.1928235,73.0083485 19.1928182,73.0084706 19.1923158,73.0084404 19.1922164,73.0084359 19.1921149,73.0084527 19.1921233,73.0082321 19.1920651,73.0082265 19.192062,73.008166 19.1920577,73.0080159 19.1920482,73.0079991 19.1919953,73.0079935 19.1919023,73.0080059 19.1918304,73.0080047 19.1918304,73.0080641 19.1915956,73.0080428 19.1913745,73.0080618 19.1912159,73.008082 19.191071,73.0080954 19.1910371,73.0081145 19.1909589,73.0082545 19.1908446,73.0082769 19.1907685,73.0082925 19.1907738,73.0083474 19.190796,73.0085479 19.1907833,73.0087394 19.1907653,73.0089454 19.190742,73.0091851 19.1907029,73.0093105 19.1899507,73.009006 19.1903767,73.0075076 19.1900698,73.0074375 19.1891396,73.0072005 19.1892792,73.0069202 19.1892961,73.0068616 19.1892876,73.006803 19.1892756,73.0067584 19.1892299,73.0066526 19.1891914,73.0065214 19.1891673,73.0064131 19.1891637,73.0063354 19.1891721,73.0062793 19.189195,73.0062219 19.1893213,73.0060334 19.1896101,73.0057416 19.1898099,73.0055428 19.1898929,73.0054817 19.1900133,73.0053058 19.1901348,73.0051618 19.1902262,73.0051937 19.1903959,73.0048076 19.1903009,73.0047592 19.1904031,73.0046101 19.1904585,73.0045388 19.1905126,73.0044878 19.1905572,73.0044356 19.1905897,73.0043426 19.1906571,73.0041604 19.1906883,73.0040916 19.1907425,73.0039399 19.190781,73.0038558 19.1908051,73.0038367 19.1908412,73.0038074 19.1910205,73.0041043 19.1911974,73.0041387 19.1912407,73.0038851 19.1913394,73.0030452 19.1913834,73.0026004 19.1914069,73.0015707 19.1913923,73.0006686 19.1913746,73.0001802 19.1912601,72.9991101 19.1909428,72.9965749 19.1907755,72.9954433 19.190493,72.9932719 19.1903583,72.9922844 19.1902803,72.9922807 19.1901526,72.9912106 19.1900358,72.9904369 19.1897311,72.9889644 19.1895482,72.9882486 19.189648,72.9882017 19.1897401,72.9881837 19.1898111,72.9884514 19.1903168,72.989741 19.1906374,72.9904234 19.1909977,72.9910988 19.191429,72.9918127 19.1917099,72.9922362 19.1919677,72.9926019 19.192556,72.9932773 19.1924998,72.993335 19.1928485,72.993776 19.1934715,72.9945162 19.1937062,72.9942992 19.1938743,72.9945497 19.1940031,72.9946914 19.1941887,72.9948494 19.1944025,72.9949605 19.1943017,72.9951485 19.1942694,72.9952596 19.1940697,72.9950708 19.1939805,72.9951356 19.1944779,72.9957463 19.1950877,72.9964829 19.1958445,72.9974103 19.1970758,72.998946 19.1990489,73.0013623 19.2002593,73.0028421 19.2009281,73.0036295 19.2004582,73.0039521 19.2001819,73.0040341 19.1999934,73.0044689 19.1999056,73.0045153 19.1998488,73.0046165 19.1998075,73.0046466 19.1993737,73.0046438 19.1990974,73.0046684 19.1983435,73.0046876 19.1980698,73.0045782 19.1975612,73.0044388 19.1974966,73.0044388 19.1974321,73.0044661 19.196895,73.004745 19.1968124,73.0048161 19.1966265,73.0048653 19.1963037,73.0049391 19.195684,73.00495 19.1955885,73.0049692 19.1947984,73.005177</coordinates></LinearRing></outerBoundaryIs></Polygon></Placemark><Placemark><name></name><ExtendedData><Data name="tessellate"><value>-1</value></Data><Data name="extrude"><value>0</value></Data><Data name="visibility"><value>-1</value></Data><Data name="objectid"><value>31.0</value></Data><Data name="id2"><value>25147156</value></Data><Data name="townname"><value>Thane</value></Data><Data name="towncensuscode2011"><value>802787</value></Data><Data name="state"><value>Maharashtra</value></Data><Data name="lgd_code"><value>251471.0</value></Data><Data name="lgd_name"><value>Ward No.17</value></Data><Data name="sourcewardcode"><value>17</value></Data><Data name="st_area(shape)"><value>1003430.13077846</value></Data><Data name="st_length(shape)"><value>5012.98844873082</value></Data></ExtendedData><Polygon><outerBoundaryIs><LinearRing><coordinates>19.2108881,72.9841334 19.2104139,72.984065 19.2104095,72.9842526 19.2104125,72.9844033 19.2104197,72.9845217 19.2104429,72.9847693 19.2104416,72.984914 19.2104381,72.9850379 19.2104133,72.9852407 19.2103247,72.9857883 19.2102829,72.9859261 19.2102643,72.9859576 19.2102243,72.9860009 19.2101955,72.9860186 19.2101388,72.9860285 19.2100693,72.9860217 19.2098814,72.9859691 19.2097644,72.9859541 19.209612,72.9859541 19.2095269,72.9859728 19.2090624,72.9860667 19.2088816,72.986123 19.2087539,72.9862094 19.2085447,72.9864272 19.2082985,72.9867785 19.2080271,72.9866771 19.2079713,72.9864379 19.2079118,72.9864468 19.2078709,72.9862243 19.2079871,72.9859517 19.2079629,72.9858749 19.2078811,72.9857794 19.2074889,72.9858296 19.207475,72.9857105 19.2074731,72.9856948 19.2074638,72.985682 19.2074489,72.9856781 19.2074359,72.985684 19.2074257,72.9856968 19.2074201,72.9857332 19.2074155,72.9857539 19.2073997,72.9857706 19.2072528,72.9857824 19.2065669,72.9858779 19.2064851,72.9858287 19.2064897,72.9857499 19.2064321,72.9853729 19.2064163,72.9852411 19.2060036,72.9852716 19.2059878,72.9851328 19.2059692,72.985058 19.2059144,72.9850304 19.2058233,72.9850265 19.2058363,72.9847381 19.2057452,72.9847115 19.2056662,72.9846918 19.2053437,72.984622 19.2053037,72.9844773 19.2051884,72.9844448 19.2050955,72.9844556 19.2049784,72.9841101 19.2049644,72.9840698 19.2049654,72.9840284 19.2049672,72.9839792 19.2049886,72.9838759 19.2050862,72.9834979 19.2051643,72.9831889 19.2049988,72.9831623 19.2049217,72.9831141 19.2048074,72.9830186 19.2047098,72.9828995 19.204957,72.9826032 19.2054227,72.9825412 19.2054106,72.9824714 19.205405,72.9824005 19.205392,72.9823168 19.2053892,72.982245 19.2054032,72.9821682 19.205445,72.9820147 19.2054673,72.9819034 19.2054747,72.9818286 19.2054682,72.9816593 19.2054561,72.9815166 19.2054413,72.9813109 19.2054013,72.9810954 19.2053613,72.9808217 19.2053511,72.9807135 19.2053604,72.9806711 19.2053836,72.9806278 19.2054097,72.9806013 19.2054236,72.9805826 19.2054208,72.9805629 19.2054032,72.980557 19.2053855,72.9805599 19.2053418,72.9805885 19.2052888,72.9805855 19.2051039,72.9805924 19.2045387,72.9806091 19.2044095,72.9805481 19.204338,72.9805245 19.2043119,72.9805432 19.2043482,72.9801111 19.2043872,72.9799556 19.2044811,72.9795747 19.204562,72.9792272 19.204628,72.9790215 19.2046531,72.9788326 19.2046177,72.9787892 19.2045964,72.978743 19.2045843,72.9787046 19.2045201,72.9784851 19.2043133,72.978441 19.2044426,72.978346 19.20475,72.9781001 19.2049014,72.9779848 19.2049766,72.9778696 19.2050271,72.9776641 19.2038553,72.9780916 19.2036748,72.9781343 19.2035609,72.9781529 19.2033873,72.978164 19.2032348,72.978164 19.2031822,72.9781529 19.2031401,72.9781399 19.2032278,72.9779264 19.2033014,72.9777575 19.2035782,72.9771925 19.2036816,72.9766628 19.2037758,72.9760499 19.2039506,72.9755769 19.2040946,72.9753046 19.2041945,72.9752611 19.2042827,72.9751739 19.2045119,72.975023 19.2046147,72.9749405 19.204747,72.9747212 19.2048733,72.974298 19.2047543,72.9742591 19.2046632,72.9742451 19.2048528,72.9741377 19.205129,72.9738296 19.2052172,72.9739137 19.205486,72.974035 19.2056168,72.9741719 19.2056242,72.9742388 19.2056051,72.9744162 19.2059356,72.9743633 19.2059915,72.9743571 19.2060796,72.974368 19.2067482,72.9745376 19.2068569,72.9745594 19.207186,72.9746185 19.2072565,72.9746294 19.2074225,72.9746403 19.2076106,72.9740615 19.2078413,72.9735029 19.2081131,72.9736523 19.2083511,72.9737799 19.2084995,72.9739494 19.2085789,72.9739915 19.2089487,72.9734396 19.2092001,72.9736988 19.2111147,72.9756472 19.2113348,72.9759053 19.211496,72.9761343 19.2116022,72.9762884 19.2116926,72.9764799 19.2117863,72.9767217 19.2118442,72.9769268 19.2118794,72.9770947 19.2118938,72.9772723 19.2119023,72.9776546 19.2118854,72.9779473 19.2118628,72.9782369 19.2118177,72.9785655 19.2114229,72.9809159 19.2108881,72.9841334</coordinates></LinearRing></outerBoundaryIs></Polygon></Placemark><Placemark><name></name><ExtendedData><Data name="tessellate"><value>-1</value></Data><Data name="extrude"><value>0</value></Data><Data name="visibility"><value>-1</value></Data><Data name="objectid"><value>32.0</value></Data><Data name="id2"><value>25147157</value></Data><Data name="townname"><value>Thane</value></Data><Data name="towncensuscode2011"><value>802787</value></Data><Data name="state"><value>Maharashtra</value></Data><Data name="lgd_code"><value>251471.0</value></Data><Data name="lgd_name"><value>Ward No.33</value></Data><Data name="sourcewardcode"><value>33</value></Data><Data name="st_area(shape)"><value>1171403.29898665</value></Data><Data name="st_length(shape)"><value>6359.96252315425</value></Data></ExtendedData><Polygon><outerBoundaryIs><LinearRing><coordinates>19.1970758,72.998946 19.1958445,72.9974103 19.1950877,72.9964829 19.1944779,72.9957463 19.1939805,72.9951356 19.1940697,72.9950708 19.1942694,72.9952596 19.1943017,72.9951485 19.1944025,72.9949605 19.1941887,72.9948494 19.1940031,72.9946914 19.1938743,72.9945497 19.1937062,72.9942992 19.1934715,72.9945162 19.1928485,72.993776 19.1924998,72.993335 19.192556,72.9932773 19.1919677,72.9926019 19.1917099,72.9922362 19.191429,72.9918127 19.1909977,72.9910988 19.1906374,72.9904234 19.1903168,72.989741 19.1898111,72.9884514 19.1897401,72.9881837 19.189648,72.9882017 19.1888088,72.9851323 19.1890458,72.9850105 19.1904267,72.9837716 19.190804,72.9836189 19.1912223,72.9835095 19.1913809,72.983484 19.1917054,72.9835705 19.1925202,72.9839828 19.1936115,72.9845606 19.1944974,72.9849111 19.1954646,72.9851841 19.195979,72.985347 19.1969778,72.9858021 19.1966827,72.9867001 19.1966212,72.986877 19.1965538,72.9870352 19.1964893,72.9871314 19.1963956,72.9872556 19.1963311,72.9873455 19.1962051,72.9874107 19.1962051,72.9876372 19.1962229,72.9878341 19.1963016,72.9886446 19.1964017,72.989334 19.196509,72.9898642 19.1965734,72.9902051 19.1969584,72.9913665 19.197476,72.9928002 19.197566,72.9930048 19.1975079,72.9930465 19.1974123,72.993106 19.1973222,72.9931457 19.1969884,72.993253 19.1969134,72.9932788 19.1968759,72.9932848 19.1968121,72.9932887 19.1967484,72.9932987 19.1965965,72.9933046 19.1963639,72.9933682 19.196317,72.9934079 19.1963152,72.9934357 19.1964258,72.993666 19.1964108,72.9936918 19.1960996,72.9939081 19.1968117,72.9946993 19.1970021,72.9949196 19.1978633,72.9959391 19.1979089,72.9960497 19.1979317,72.9960725 19.1981525,72.9962238 19.1982569,72.9962911 19.1983986,72.9963026 19.198473,72.9962797 19.1987526,72.9961018 19.1988823,72.9960001 19.1990383,72.9959365 19.1992807,72.9964297 19.1999534,72.9977668 19.2013487,73.0005628 19.2020623,73.0020642 19.2022903,73.0025795 19.2019746,73.0028349 19.2009281,73.0036295 19.2002593,73.0028421 19.1990489,73.0013623 19.1970758,72.998946</coordinates></LinearRing></outerBoundaryIs></Polygon></Placemark><Placemark><name></name><ExtendedData><Data name="tessellate"><value>-1</value></Data><Data name="extrude"><value>0</value></Data><Data name="visibility"><value>-1</value></Data><Data name="objectid"><value>37.0</value></Data><Data name="id2"><value>25147170</value></Data><Data name="townname"><value>Thane</value></Data><Data name="towncensuscode2011"><value>802787</value></Data><Data name="state"><value>Maharashtra</value></Data><Data name="lgd_code"><value>251471.0</value></Data><Data name="sourcewardcode"><value>46</value></Data><Data name="st_area(shape)"><value>15826675.9918694</value></Data><Data name="st_length(shape)"><value>21237.6925944558</value></Data></ExtendedData><Polygon><outerBoundaryIs><LinearRing><coordinates>19.1738151,73.0665403 19.1739076,73.0667933 19.1739712,73.0677621 19.1734758,73.0684118 19.1730167,73.0697014 19.1728349,73.0704906 19.1729168,73.0719149 19.172694,73.0722518 19.1715668,73.0724058 19.1709942,73.0720064 19.1709578,73.071708 19.1707987,73.0714963 19.1707578,73.0714049 19.1707442,73.0711787 19.170926,73.070274 19.1709169,73.0698506 19.1699867,73.0698255 19.169591,73.0700226 19.169104,73.070528 19.1676767,73.0710793 19.1672235,73.0709976 19.1659409,73.0713601 19.1656178,73.0715387 19.1614233,73.0737863 19.1606981,73.0739464 19.1604851,73.0738582 19.1604128,73.0738458 19.1600068,73.0737765 19.159834,73.073966 19.158723,73.0740999 19.1579545,73.0736295 19.1577107,73.0735053 19.1560134,73.0731263 19.155069,73.0735053 19.1543561,73.0739986 19.1534372,73.0744544 19.1528486,73.0744793 19.152669,73.0745666 19.1521834,73.0748501 19.1518508,73.0749747 19.1513711,73.0752396 19.1504263,73.0752957 19.1500907,73.0753299 19.1489311,73.0753922 19.148672,73.075548 19.1484484,73.0754608 19.1480745,73.0754421 19.1477626,73.0754639 19.1471621,73.0754296 19.1460495,73.0756882 19.145193,73.0758939 19.1450488,73.0754951 19.1453137,73.0753642 19.1452695,73.0750402 19.145296,73.0749903 19.1452842,73.0748345 19.1453196,73.0744014 19.1454697,73.0741148 19.1455727,73.0737191 19.1458347,73.0732673 19.1458817,73.0728997 19.1458906,73.0725663 19.1458435,73.0721207 19.1457405,73.071697 19.1458288,73.0709679 19.1457728,73.0708028 19.145767,73.0706034 19.1456993,73.070485 19.1456787,73.0704164 19.145714,73.070351 19.145711,73.0702731 19.1455756,73.0700426 19.1455403,73.0697434 19.145455,73.0688181 19.1452313,73.0686374 19.1448398,73.067712 19.1447515,73.0673848 19.1446131,73.066634 19.1445013,73.0666246 19.1443365,73.0664221 19.1442835,73.066123 19.1441128,73.0659859 19.1436742,73.0649702 19.1434917,73.0645495 19.1434888,73.0640604 19.1426411,73.0649172 19.1422908,73.065235 19.1418787,73.0655154 19.1415108,73.0655622 19.1413047,73.0656805 19.1411634,73.0657397 19.1398977,73.066017 19.1396387,73.0659485 19.1391854,73.0657335 19.138997,73.0657366 19.13905,73.0656213 19.1390824,73.0654344 19.1391324,73.0647895 19.1386733,73.0644343 19.1388852,73.0644592 19.139206,73.0642193 19.1393503,73.0638547 19.1392826,73.063188 19.1390853,73.0626832 19.1391589,73.0624932 19.1390412,73.0622938 19.1390059,73.0620383 19.1390029,73.061842 19.1388616,73.0617859 19.1388675,73.0617018 19.1391295,73.0617703 19.1397329,73.0615927 19.1399213,73.0614463 19.1401744,73.0610973 19.1399448,73.0605303 19.1400302,73.060334 19.1399301,73.0601096 19.1399537,73.0598604 19.140039,73.0598479 19.1402421,73.0600068 19.1406395,73.0600068 19.141028,73.0598542 19.1412517,73.0596828 19.141758,73.0593712 19.1428147,73.0588166 19.1425586,73.0581 19.143268,73.0575516 19.1435977,73.0571964 19.143374,73.0569129 19.1432739,73.056888 19.143321,73.0566418 19.1435947,73.0564175 19.1436065,73.0563521 19.1436124,73.0562835 19.1436418,73.0562493 19.1436595,73.0561683 19.1436271,73.0559128 19.1436477,73.0556355 19.1436742,73.0555327 19.143945,73.0556292 19.1440362,73.0555794 19.1441216,73.0554485 19.144051,73.0552678 19.1439332,73.0552273 19.1438479,73.0549002 19.1434976,73.0544702 19.1432209,73.0545387 19.1430796,73.0545387 19.1430296,73.0544297 19.143009,73.0541462 19.1428736,73.0537567 19.1423879,73.0536196 19.1421966,73.0534015 19.1418375,73.0531865 19.1418287,73.0526008 19.1419131,73.0517296 19.1418709,73.051565 19.1418588,73.0508209 19.141479,73.0505044 19.1412222,73.049911 19.1411342,73.0498676 19.1408979,73.0496277 19.1407991,73.0492857 19.1405784,73.0487828 19.1405104,73.0486509 19.1413989,73.048058 19.1415608,73.0483229 19.1417404,73.0484724 19.1422025,73.048111 19.1425174,73.0478804 19.1423143,73.0473975 19.1430414,73.0468024 19.1440539,73.0446744 19.1449193,73.0432193 19.1456757,73.0420727 19.1458258,73.0418609 19.1459377,73.0417456 19.1460642,73.0416397 19.1461967,73.0415337 19.1468943,73.0411069 19.1470061,73.0410321 19.1471062,73.0409635 19.1472916,73.0407673 19.1474594,73.0405305 19.1475742,73.0404308 19.1476654,73.0403435 19.1490223,73.03858 19.1493284,73.0381999 19.1501084,73.0371281 19.1507824,73.0361996 19.151062,73.0358008 19.1511444,73.0356886 19.1512651,73.0355453 19.1514446,73.0353708 19.1526278,73.0347228 19.1538022,73.0340373 19.1540229,73.0338971 19.1544203,73.0336167 19.1552267,73.0330091 19.1560243,73.0324078 19.1575754,73.0315385 19.1590057,73.0307409 19.1600535,73.0301427 19.1607392,73.0297563 19.1618194,73.0291487 19.1619695,73.0290646 19.1622049,73.0289711 19.1631614,73.0286128 19.1632939,73.0285754 19.1638354,73.0284882 19.1648287,73.0283134 19.1650148,73.028254 19.1651939,73.0281462 19.165387,73.0279863 19.1663174,73.0271574 19.1665843,73.0269232 19.1670723,73.0265626 19.1673041,73.0269195 19.1674164,73.0270161 19.1673497,73.0271797 19.1673286,73.0272763 19.1673427,73.0273953 19.1673743,73.0274548 19.167448,73.0274919 19.1677254,73.0286517 19.1680379,73.0286666 19.1681257,73.0292613 19.1673427,73.0291312 19.1671285,73.0290532 19.1670583,73.0289565 19.1669459,73.0289119 19.1668476,73.0289082 19.1665176,73.0290457 19.1664193,73.0290978 19.1663701,73.0291944 19.166335,73.0293543 19.1661594,73.0293357 19.1661454,73.0296516 19.1661349,73.0297929 19.1660892,73.029923 19.166019,73.0300865 19.1660014,73.0302315 19.1660541,73.0305846 19.1661278,73.0311645 19.1661875,73.0318634 19.1660471,73.031986 19.1660787,73.0322202 19.1660822,73.0324507 19.1663841,73.0324432 19.166658,73.0325808 19.167297,73.0326663 19.1685681,73.0332499 19.1688806,73.0332722 19.1698777,73.0336067 19.1700322,73.0338298 19.1703412,73.0338409 19.1706361,73.0336811 19.170766,73.0336476 19.1707906,73.0338149 19.1717175,73.033655 19.1720194,73.0334915 19.1722582,73.0333986 19.1724864,73.0328967 19.1726901,73.0325548 19.1731675,73.0323317 19.1732694,73.0320381 19.1734765,73.0318299 19.1737714,73.0318113 19.1740593,73.0315139 19.1740769,73.0314173 19.1740664,73.0311571 19.1743437,73.0306069 19.1747721,73.0308857 19.1749933,73.0309415 19.17539,73.0308895 19.1755796,73.0309378 19.1763099,73.0311459 19.1764082,73.0313169 19.1768751,73.0317444 19.1770893,73.0322537 19.1764468,73.0334506 19.1759412,73.0348334 19.175227,73.0357568 19.1738967,73.0367253 19.1737649,73.0371313 19.1737889,73.0377276 19.1740166,73.0384805 19.1747516,73.0398508 19.1757623,73.0409208 19.1759181,73.0411788 19.1758861,73.0414875 19.1758142,73.0416525 19.174468,73.0431581 19.1740805,73.0434119 19.1737609,73.0435303 19.1730499,73.0437375 19.1727662,73.0439236 19.1725066,73.0441774 19.1723028,73.0445031 19.172203,73.0447314 19.172195,73.0454039 19.1723308,73.0457042 19.1726144,73.0460848 19.1738129,73.0470491 19.1745319,73.0474805 19.1750512,73.0479627 19.1754667,73.0495994 19.1756464,73.050035 19.1760139,73.0506356 19.1763894,73.0511558 19.1767689,73.0514688 19.1768888,73.0516506 19.1769287,73.0519213 19.1768209,73.0522893 19.1766651,73.0524288 19.1765532,73.0525642 19.1760459,73.0528349 19.1755066,73.0531986 19.174476,73.0538076 19.1743282,73.0539091 19.1741404,73.054091 19.1739567,73.0542517 19.1734533,73.0546196 19.1723628,73.0555078 19.172175,73.0556093 19.1720432,73.0557235 19.1717276,73.0560703 19.1712682,73.0563706 19.1710365,73.0565609 19.1707888,73.0568612 19.1702455,73.057263 19.1700777,73.0574322 19.1699899,73.0575506 19.1698381,73.0578509 19.1694306,73.0582696 19.1689712,73.0585741 19.1689033,73.0586798 19.1688314,73.0588828 19.1687515,73.059255 19.1687355,73.0595341 19.1687555,73.0597118 19.1695065,73.06145 19.1695944,73.0617207 19.1697741,73.0618857 19.1705252,73.0624312 19.1709726,73.0626596 19.171076,73.0627395 19.171179,73.0628764 19.171269,73.0630427 19.1713443,73.0633025 19.1716159,73.0642536 19.1717207,73.0644805 19.1722737,73.0652999 19.17265,73.0656516 19.172938,73.0658525 19.1738151,73.0665403</coordinates></LinearRing></outerBoundaryIs></Polygon></Placemark><Placemark><name></name><ExtendedData><Data name="tessellate"><value>-1</value></Data><Data name="extrude"><value>0</value></Data><Data name="visibility"><value>-1</value></Data><Data name="objectid"><value>36.0</value></Data><Data name="id2"><value>25147168</value></Data><Data name="townname"><value>Thane</value></Data><Data name="towncensuscode2011"><value>802787</value></Data><Data name="state"><value>Maharashtra</value></Data><Data name="lgd_code"><value>251471.0</value></Data><Data name="lgd_name"><value>Ward No.47</value></Data><Data name="sourcewardcode"><value>47</value></Data><Data name="st_area(shape)"><value>6318409.21552421</value></Data><Data name="st_length(shape)"><value>13233.3480795055</value></Data></ExtendedData><Polygon><outerBoundaryIs><LinearRing><coordinates>19.1405104,73.0486509 19.1405088,73.0486144 19.1399562,73.04776 19.1377893,73.0443675 19.136865,73.0429034 19.1367578,73.0427722 19.136577,73.0426623 19.1336632,73.0412124 19.1293595,73.039011 19.1298317,73.036689 19.1299121,73.036455 19.1300997,73.0360367 19.1307427,73.0345407 19.1316035,73.0328037 19.1321126,73.0319245 19.1325848,73.0311092 19.1359239,73.0309532 19.1368282,73.0308114 19.1377659,73.0307689 19.1406193,73.0291346 19.1476586,73.0282227 19.1492179,73.0255418 19.1505417,73.025359 19.1524141,73.0206054 19.1515468,73.0194887 19.1518281,73.0176843 19.1520424,73.0162734 19.1563365,73.0156668 19.1582354,73.0142556 19.1588054,73.0139629 19.1602869,73.0143272 19.1622927,73.0148802 19.1626711,73.0149511 19.1636467,73.0152198 19.1636782,73.021171 19.1634624,73.0212093 19.1632961,73.0212552 19.1631755,73.021319 19.1630947,73.0213803 19.1630224,73.0214479 19.1629308,73.0215603 19.1628163,73.0217287 19.1625161,73.0222188 19.1626668,73.022354 19.1626813,73.0223796 19.1626752,73.0224459 19.162633,73.0226361 19.1626391,73.0227956 19.1626511,73.0228773 19.162662,73.0229385 19.1626752,73.0229934 19.1626957,73.0230406 19.1627367,73.0230891 19.162791,73.0231274 19.1629115,73.0231836 19.1634033,73.0233916 19.1635697,73.0235958 19.1635914,73.0238166 19.1638494,73.024059 19.1641266,73.0242798 19.1645172,73.0246193 19.1645618,73.0247035 19.1643882,73.0248401 19.1643629,73.0249141 19.1645642,73.0250213 19.1646112,73.0250647 19.1646353,73.0251362 19.1646715,73.0253429 19.1646655,73.025496 19.1646836,73.0255496 19.1647559,73.0255879 19.1648125,73.0256326 19.1648713,73.0257028 19.1649743,73.0257962 19.1650155,73.0258617 19.1650303,73.0260455 19.165045,73.0262605 19.164989,73.0266001 19.1649832,73.0267278 19.1649949,73.0273665 19.1639266,73.0273821 19.1639178,73.0277467 19.1637441,73.0277436 19.1637177,73.0280956 19.163803,73.0281237 19.1638354,73.0284882 19.1632939,73.0285754 19.1631614,73.0286128 19.1622049,73.0289711 19.1619695,73.0290646 19.1618194,73.0291487 19.1607392,73.0297563 19.1600535,73.0301427 19.1590057,73.0307409 19.1575754,73.0315385 19.1560243,73.0324078 19.1552267,73.0330091 19.1544203,73.0336167 19.1540229,73.0338971 19.1538022,73.0340373 19.1526278,73.0347228 19.1514446,73.0353708 19.1512651,73.0355453 19.1511444,73.0356886 19.151062,73.0358008 19.1507824,73.0361996 19.1501084,73.0371281 19.1493284,73.0381999 19.1490223,73.03858 19.1476654,73.0403435 19.1475742,73.0404308 19.1474594,73.0405305 19.1472916,73.0407673 19.1471062,73.0409635 19.1470061,73.0410321 19.1468943,73.0411069 19.1461967,73.0415337 19.1460642,73.0416397 19.1459377,73.0417456 19.1458258,73.0418609 19.1456757,73.0420727 19.1449193,73.0432193 19.1440539,73.0446744 19.1430414,73.0468024 19.1423143,73.0473975 19.1425174,73.0478804 19.1422025,73.048111 19.1417404,73.0484724 19.1415608,73.0483229 19.1413989,73.048058 19.1405104,73.0486509</coordinates></LinearRing></outerBoundaryIs></Polygon></Placemark><Placemark><name></name><ExtendedData><Data name="tessellate"><value>-1</value></Data><Data name="extrude"><value>0</value></Data><Data name="visibility"><value>-1</value></Data><Data name="objectid"><value>40.0</value></Data><Data name="id2"><value>25147175</value></Data><Data name="townname"><value>Thane</value></Data><Data name="towncensuscode2011"><value>802787</value></Data><Data name="state"><value>Maharashtra</value></Data><Data name="lgd_code"><value>251471.0</value></Data><Data name="lgd_name"><value>Ward No.41</value></Data><Data name="sourcewardcode"><value>41</value></Data><Data name="st_area(shape)"><value>1087133.98956762</value></Data><Data name="st_length(shape)"><value>4861.85986128551</value></Data></ExtendedData><Polygon><outerBoundaryIs><LinearRing><coordinates>19.1636467,73.0152198 19.1639898,73.0153107 19.1651352,73.015625 19.1662293,73.0159122 19.1669014,73.0159569 19.1690113,73.0161468 19.1703917,73.0162792 19.1708216,73.0162188 19.1708734,73.0164112 19.1710597,73.0171665 19.171307,73.0181512 19.1714742,73.0185625 19.1715966,73.0188442 19.1717143,73.0192406 19.1718438,73.0196395 19.1719168,73.019784 19.1720181,73.0199536 19.1721123,73.0200084 19.172197,73.0200807 19.1723124,73.0202527 19.1723901,73.0204098 19.1724325,73.0205269 19.172489,73.0206815 19.1725832,73.0208685 19.1726232,73.0209283 19.1726327,73.0209856 19.1726115,73.0211876 19.1726115,73.0212474 19.1726397,73.021402 19.172675,73.021574 19.1729246,73.0222122 19.1730636,73.0225412 19.1732001,73.0227307 19.1732684,73.0228902 19.1733312,73.0232002 19.1730513,73.0232629 19.1726762,73.0233525 19.1724033,73.0234274 19.1720953,73.0235149 19.1716759,73.0236651 19.1712935,73.0238316 19.1711301,73.0239035 19.1701,73.0245107 19.1689621,73.0251833 19.1685242,73.0254478 19.1675127,73.0262411 19.1670723,73.0265626 19.1665843,73.0269232 19.1663174,73.0271574 19.165387,73.0279863 19.1651939,73.0281462 19.1650148,73.028254 19.1648287,73.0283134 19.1638354,73.0284882 19.163803,73.0281237 19.1637177,73.0280956 19.1637441,73.0277436 19.1639178,73.0277467 19.1639266,73.0273821 19.1649949,73.0273665 19.1649832,73.0267278 19.164989,73.0266001 19.165045,73.0262605 19.1650303,73.0260455 19.1650155,73.0258617 19.1649743,73.0257962 19.1648713,73.0257028 19.1648125,73.0256326 19.1647559,73.0255879 19.1646836,73.0255496 19.1646655,73.025496 19.1646715,73.0253429 19.1646353,73.0251362 19.1646112,73.0250647 19.1645642,73.0250213 19.1643629,73.0249141 19.1643882,73.0248401 19.1645618,73.0247035 19.1645172,73.0246193 19.1641266,73.0242798 19.1638494,73.024059 19.1635914,73.0238166 19.1635697,73.0235958 19.1634033,73.0233916 19.1629115,73.0231836 19.162791,73.0231274 19.1627367,73.0230891 19.1626957,73.0230406 19.1626752,73.0229934 19.162662,73.0229385 19.1626511,73.0228773 19.1626391,73.0227956 19.162633,73.0226361 19.1626752,73.0224459 19.1626813,73.0223796 19.1626668,73.022354 19.1625161,73.0222188 19.1628163,73.0217287 19.1629308,73.0215603 19.1630224,73.0214479 19.1630947,73.0213803 19.1631755,73.021319 19.1632961,73.0212552 19.1634624,73.0212093 19.1636782,73.021171 19.1636467,73.0152198</coordinates></LinearRing></outerBoundaryIs></Polygon></Placemark><Placemark><name></name><ExtendedData><Data name="tessellate"><value>-1</value></Data><Data name="extrude"><value>0</value></Data><Data name="visibility"><value>-1</value></Data><Data name="objectid"><value>38.0</value></Data><Data name="id2"><value>25147172</value></Data><Data name="townname"><value>Thane</value></Data><Data name="towncensuscode2011"><value>802787</value></Data><Data name="state"><value>Maharashtra</value></Data><Data name="lgd_code"><value>251471.0</value></Data><Data name="lgd_name"><value>Ward No.44</value></Data><Data name="sourcewardcode"><value>44</value></Data><Data name="st_area(shape)"><value>5877656.08885838</value></Data><Data name="st_length(shape)"><value>11837.5273453453</value></Data></ExtendedData><Polygon><outerBoundaryIs><LinearRing><coordinates>19.1813682,73.0657918 19.1828927,73.0644455 19.1831297,73.0642515 19.1830498,73.0641545 19.1830018,73.0640591 19.1830018,73.0637389 19.1832184,73.0630909 19.1831981,73.0624659 19.1832446,73.0617963 19.1832446,73.0615669 19.1832853,73.061376 19.1834278,73.0608973 19.1836124,73.06034 19.183688,73.0601415 19.1835412,73.0601276 19.183406,73.0601014 19.1832562,73.0599952 19.1831559,73.0598798 19.1830847,73.0598197 19.182916,73.0597659 19.1828433,73.0597043 19.1828084,73.0596165 19.1828142,73.0592979 19.1829291,73.0591363 19.1835557,73.0590454 19.1836633,73.0590808 19.1837229,73.0591378 19.1838084,73.0591386 19.1838297,73.0586839 19.1838048,73.0582404 19.1837125,73.0574775 19.1834783,73.0560381 19.183425,73.0555796 19.1834321,73.0550309 19.1834747,73.0542304 19.1835635,73.0536855 19.1837232,73.0527911 19.1837338,73.0525806 19.1837161,73.0517989 19.1837267,73.0512765 19.1837658,73.0508406 19.183961,73.0491757 19.1840072,73.0488036 19.1840284,73.048037 19.1840284,73.0461316 19.1840456,73.0445255 19.1846056,73.0445379 19.1851293,73.0446772 19.1850635,73.0450343 19.1850223,73.0451823 19.1849894,73.0453391 19.1851485,73.0453681 19.1851046,73.0456207 19.1849867,73.0456062 19.1849044,73.0462246 19.185461,73.0463 19.1862315,73.0462913 19.1862644,73.0460126 19.1866071,73.0460446 19.1865715,73.0464452 19.1869032,73.0464452 19.186991,73.0463523 19.187586,73.0463349 19.1876984,73.0462536 19.1877176,73.046152 19.1879945,73.0461404 19.1882522,73.0464075 19.1884496,73.0465758 19.1884908,73.0468429 19.1888417,73.0467761 19.1891817,73.0469184 19.1893435,73.0469619 19.1897821,73.0469242 19.1900646,73.0468226 19.1905087,73.0465033 19.190591,73.0466803 19.1912161,73.0458878 19.1920112,73.0454697 19.2021136,73.0411512 19.2025987,73.0470071 19.2035759,73.0516636 19.2049999,73.0584489 19.2022506,73.060091 19.1981113,73.0623962 19.1964278,73.0638223 19.1946321,73.0661991 19.1938465,73.0691701 19.1914895,73.0690513 19.1894693,73.0690513 19.1882347,73.0704774 19.1880102,73.0717846 19.1879359,73.0723354 19.1877857,73.0734484 19.1875613,73.0743991 19.1863266,73.0749933 19.1848675,73.0739237 19.1844847,73.0711877 19.1844186,73.070715 19.1843063,73.0686948 19.1836329,73.0669122 19.182286,73.0656049 19.1813682,73.0657918</coordinates></LinearRing></outerBoundaryIs></Polygon></Placemark><Placemark><name></name><ExtendedData><Data name="tessellate"><value>-1</value></Data><Data name="extrude"><value>0</value></Data><Data name="visibility"><value>-1</value></Data><Data name="objectid"><value>44.0</value></Data><Data name="id2"><value>25147185</value></Data><Data name="townname"><value>Thane</value></Data><Data name="towncensuscode2011"><value>802787</value></Data><Data name="state"><value>Maharashtra</value></Data><Data name="lgd_code"><value>251471.0</value></Data><Data name="lgd_name"><value>Ward No.42</value></Data><Data name="sourcewardcode"><value>42</value></Data><Data name="st_area(shape)"><value>985389.74199456</value></Data><Data name="st_length(shape)"><value>4846.29501559216</value></Data></ExtendedData><Polygon><outerBoundaryIs><LinearRing><coordinates>19.1770893,73.0322537 19.1768751,73.0317444 19.1764082,73.0313169 19.1763099,73.0311459 19.1755796,73.0309378 19.17539,73.0308895 19.1749933,73.0309415 19.1747721,73.0308857 19.1743437,73.0306069 19.1740664,73.0311571 19.1740769,73.0314173 19.1740593,73.0315139 19.1737714,73.0318113 19.1734765,73.0318299 19.1732694,73.0320381 19.1731675,73.0323317 19.1726901,73.0325548 19.1724864,73.0328967 19.1722582,73.0333986 19.1720194,73.0334915 19.1717175,73.033655 19.1707906,73.0338149 19.170766,73.0336476 19.1706361,73.0336811 19.1703412,73.0338409 19.1700322,73.0338298 19.1698777,73.0336067 19.1688806,73.0332722 19.1685681,73.0332499 19.167297,73.0326663 19.166658,73.0325808 19.1663841,73.0324432 19.1660822,73.0324507 19.1660787,73.0322202 19.1660471,73.031986 19.1661875,73.0318634 19.1661278,73.0311645 19.1660541,73.0305846 19.1660014,73.0302315 19.166019,73.0300865 19.1660892,73.029923 19.1661349,73.0297929 19.1661454,73.0296516 19.1661594,73.0293357 19.166335,73.0293543 19.1663701,73.0291944 19.1664193,73.0290978 19.1665176,73.0290457 19.1668476,73.0289082 19.1669459,73.0289119 19.1670583,73.0289565 19.1671285,73.0290532 19.1673427,73.0291312 19.1681257,73.0292613 19.1680379,73.0286666 19.1677254,73.0286517 19.167448,73.0274919 19.1673743,73.0274548 19.1673427,73.0273953 19.1673286,73.0272763 19.1673497,73.0271797 19.1674164,73.0270161 19.1673041,73.0269195 19.1670723,73.0265626 19.1675127,73.0262411 19.1685242,73.0254478 19.1689621,73.0251833 19.1701,73.0245107 19.1711301,73.0239035 19.1712935,73.0238316 19.1716759,73.0236651 19.1720953,73.0235149 19.1724033,73.0234274 19.1725091,73.0233984 19.1725632,73.023569 19.1726432,73.0238375 19.1726538,73.0239162 19.1726529,73.0239795 19.1726201,73.0242868 19.1726133,73.0243573 19.1726095,73.0244359 19.1726104,73.0245023 19.1726249,73.0246187 19.1726683,73.0248648 19.172704,73.0250098 19.173056,73.0248913 19.1731602,73.0248076 19.1731766,73.0247953 19.1731968,73.0247882 19.1732142,73.0247912 19.1732422,73.0248076 19.1732711,73.0248719 19.1733714,73.0251374 19.1734216,73.0251251 19.173465,73.0253886 19.1739867,73.0253661 19.1740523,73.0253651 19.1741401,73.0253814 19.174224,73.0254039 19.1743716,73.0254529 19.1744285,73.0254601 19.1744931,73.025457 19.1749136,73.0254335 19.1749792,73.0254131 19.1750071,73.0253825 19.1750852,73.0252671 19.1752965,73.0252609 19.1753071,73.025168 19.1754315,73.0251762 19.1754874,73.02507 19.1756793,73.0251905 19.1758308,73.0252609 19.1760352,73.0253457 19.1762734,73.0254529 19.1763747,73.0261891 19.1763959,73.0262402 19.1764374,73.0262841 19.1764692,73.026329 19.1764847,73.0263801 19.1765049,73.0264332 19.176583,73.0270673 19.1765908,73.0274797 19.1765696,73.0278213 19.1765837,73.0280082 19.1766504,73.0284087 19.1769723,73.030405 19.1770311,73.0307081 19.1770523,73.0308975 19.1770688,73.0311817 19.1770853,73.0314136 19.17713,73.0315656 19.1771959,73.0316928 19.1772713,73.0318025 19.1774055,73.032144 19.1770893,73.0322537</coordinates></LinearRing></outerBoundaryIs></Polygon></Placemark><Placemark><name></name><ExtendedData><Data name="tessellate"><value>-1</value></Data><Data name="extrude"><value>0</value></Data><Data name="visibility"><value>-1</value></Data><Data name="objectid"><value>42.0</value></Data><Data name="id2"><value>25147182</value></Data><Data name="townname"><value>Thane</value></Data><Data name="towncensuscode2011"><value>802787</value></Data><Data name="state"><value>Maharashtra</value></Data><Data name="lgd_code"><value>251471.0</value></Data><Data name="lgd_name"><value>Ward No.39</value></Data><Data name="sourcewardcode"><value>39</value></Data><Data name="st_area(shape)"><value>903508.189236905</value></Data><Data name="st_length(shape)"><value>4836.34933371734</value></Data></ExtendedData><Polygon><outerBoundaryIs><LinearRing><coordinates>19.1884107,73.0226721 19.1859791,73.0225445 19.1846315,73.0224728 19.1829593,73.0224553 19.1812103,73.0224706 19.1800684,73.0225318 19.1788831,73.0226134 19.1779339,73.0226949 19.17783,73.0223665 19.1776817,73.0219592 19.1774995,73.0214925 19.1774113,73.0212493 19.1776995,73.0211604 19.1776893,73.0211192 19.1776588,73.0210124 19.1775444,73.0207216 19.177747,73.0206525 19.1778207,73.0208454 19.1778419,73.0208643 19.1778724,73.0208822 19.1778911,73.0208804 19.1779004,73.0208517 19.1779131,73.0207862 19.1779199,73.0207368 19.1779436,73.0206534 19.1779631,73.0206148 19.1779894,73.0206202 19.1780242,73.0205277 19.1780479,73.0205574 19.1781055,73.0206058 19.1782929,73.0207279 19.17852,73.0209065 19.1785794,73.0209406 19.1786226,73.0207449 19.1786497,73.0206525 19.1786752,73.0205968 19.1786167,73.0205556 19.1784327,73.0204649 19.1783844,73.0204317 19.1783437,73.020368 19.1781912,73.0202397 19.1781394,73.0202029 19.1781276,73.0201706 19.1781132,73.0201014 19.1780852,73.0200413 19.1780623,73.0200117 19.1779903,73.0199229 19.1780538,73.0198484 19.1780767,73.0197999 19.1780784,73.0197505 19.1780581,73.0196698 19.1780649,73.0196455 19.1780818,73.0196258 19.1781064,73.0196141 19.1781191,73.0196123 19.1781878,73.0194723 19.1781547,73.019388 19.1782327,73.0193063 19.1782395,73.0190981 19.1783073,73.0191008 19.1783191,73.0190936 19.1783242,73.0190837 19.1783183,73.0190622 19.1783175,73.0190469 19.1783183,73.0190155 19.1783632,73.0188486 19.1783954,73.0186808 19.1784599,73.0183505 19.1785377,73.0177587 19.1786433,73.0169458 19.1787483,73.0161853 19.1790609,73.0162064 19.1793389,73.0162325 19.1798661,73.0162821 19.1800641,73.0159447 19.1801443,73.0158081 19.1803625,73.0154313 19.180994,73.0155757 19.1824183,73.0159014 19.182537,73.0159417 19.183844,73.0162146 19.184044,73.0162577 19.1842051,73.015913 19.1844543,73.015379 19.1846781,73.0148935 19.1849925,73.0143838 19.1852146,73.0140275 19.1853267,73.0138562 19.1853562,73.0138445 19.1853565,73.0138443 19.1854029,73.0138618 19.1854029,73.0138618 19.1883298,73.0149669 19.1871429,73.0191287 19.1879512,73.0192964 19.1879185,73.0195352 19.1878591,73.0196339 19.1878481,73.0197111 19.1877811,73.0198259 19.1877693,73.0198762 19.1877583,73.0199579 19.1877642,73.0200332 19.1877752,73.0200691 19.1880244,73.0202091 19.1879498,73.0204775 19.1877964,73.0210707 19.1877303,73.0212852 19.1875659,73.0215957 19.1876786,73.0216433 19.1879286,73.0218012 19.1884262,73.0221701 19.1886542,73.0223514 19.1888296,73.0224707 19.1891782,73.0227068 19.1884107,73.0226721</coordinates></LinearRing></outerBoundaryIs></Polygon></Placemark><Placemark><name></name><ExtendedData><Data name="tessellate"><value>-1</value></Data><Data name="extrude"><value>0</value></Data><Data name="visibility"><value>-1</value></Data><Data name="objectid"><value>46.0</value></Data><Data name="id2"><value>25147187</value></Data><Data name="townname"><value>Thane</value></Data><Data name="towncensuscode2011"><value>802787</value></Data><Data name="state"><value>Maharashtra</value></Data><Data name="lgd_code"><value>251471.0</value></Data><Data name="lgd_name"><value>Ward No.14</value></Data><Data name="sourcewardcode"><value>14</value></Data><Data name="st_area(shape)"><value>366820.470691445</value></Data><Data name="st_length(shape)"><value>3284.89858377799</value></Data></ExtendedData><Polygon><outerBoundaryIs><LinearRing><coordinates>19.2104955,72.951872 19.2105029,72.9519038 19.2105337,72.951962 19.2105453,72.952007 19.2105482,72.9520376 19.2105472,72.9520785 19.210446,72.9523235 19.210419,72.952394 19.2103283,72.9527391 19.2103042,72.9528627 19.2101827,72.9532068 19.2101615,72.9533079 19.2101258,72.9535345 19.2101056,72.9536101 19.2100545,72.9537132 19.2099523,72.9538164 19.2099291,72.9538266 19.2098973,72.9538256 19.2098655,72.9538164 19.2098221,72.9537949 19.209797,72.9537888 19.2097691,72.9537868 19.2095695,72.9538133 19.2094817,72.9538266 19.2094412,72.9536714 19.2092291,72.9536285 19.2091953,72.9537663 19.2085425,72.9536264 19.2084239,72.9541962 19.2083237,72.9546751 19.2082298,72.9548457 19.2067675,72.9544431 19.2057334,72.9541728 19.204428,72.953849 19.204186,72.9538378 19.2047509,72.9512258 19.2050315,72.9500266 19.2067004,72.9504544 19.2074587,72.9506454 19.2075504,72.9499801 19.2080559,72.9501054 19.2081845,72.9494683 19.2081948,72.949318 19.2082259,72.9492022 19.2092562,72.9494558 19.2092798,72.9494166 19.2095947,72.9493164 19.2096316,72.9494151 19.2097632,72.9492397 19.2097558,72.9490942 19.2097676,72.9489658 19.2098223,72.9486575 19.2098504,72.9485025 19.2098445,72.9481863 19.2098652,72.9480564 19.2101268,72.9481487 19.2105155,72.9481988 19.2105111,72.9482301 19.2112384,72.9483679 19.2116227,72.9483898 19.2118119,72.9483945 19.2120011,72.9483115 19.212075,72.9483225 19.2120439,72.9485181 19.2120395,72.9486653 19.2121031,72.9489079 19.2121651,72.9491881 19.212177,72.9493102 19.2120853,72.9493571 19.2120232,72.9496592 19.2119759,72.9498533 19.2119139,72.9499269 19.2118887,72.9498784 19.2117128,72.9498487 19.2113832,72.9498064 19.2112147,72.949797 19.2110891,72.9498033 19.2107994,72.9497422 19.2108053,72.9497046 19.2106249,72.9496984 19.2106131,72.9500741 19.2105658,72.9505327 19.2105022,72.9509569 19.2104816,72.9509882 19.2103774,72.9509906 19.2103413,72.9510563 19.2101821,72.9510054 19.210258,72.9511884 19.2103835,72.951275 19.2104459,72.9514129 19.2104587,72.951451 19.2104626,72.9516431 19.2104928,72.9516718 19.2104955,72.951872</coordinates></LinearRing></outerBoundaryIs></Polygon></Placemark><Placemark><name></name><ExtendedData><Data name="tessellate"><value>-1</value></Data><Data name="extrude"><value>0</value></Data><Data name="visibility"><value>-1</value></Data><Data name="objectid"><value>47.0</value></Data><Data name="id2"><value>25147188</value></Data><Data name="townname"><value>Thane</value></Data><Data name="towncensuscode2011"><value>802787</value></Data><Data name="state"><value>Maharashtra</value></Data><Data name="lgd_code"><value>251471.0</value></Data><Data name="lgd_name"><value>Ward No.26</value></Data><Data name="sourcewardcode"><value>26</value></Data><Data name="st_area(shape)"><value>318873.09307811</value></Data><Data name="st_length(shape)"><value>3207.80741569154</value></Data></ExtendedData><Polygon><outerBoundaryIs><LinearRing><coordinates>19.1854006,72.9558055 19.1853732,72.9557627 19.1850859,72.9554478 19.184721,72.9550694 19.1845261,72.9546517 19.1847398,72.9539514 19.1847626,72.9526134 19.1847917,72.9518131 19.1848168,72.9517126 19.185018,72.9511465 19.1853483,72.950706 19.1857691,72.9502682 19.1868704,72.9494869 19.1871671,72.9491708 19.1872776,72.9488208 19.1873466,72.9486527 19.1874738,72.9484595 19.1875527,72.9483595 19.1875833,72.9483519 19.1876644,72.9483339 19.1877839,72.9482661 19.1878736,72.9484604 19.1879589,72.9486163 19.1880528,72.9487293 19.1881296,72.9488242 19.1882555,72.9489258 19.1884028,72.9490185 19.1886332,72.9491156 19.1888765,72.9492308 19.1890557,72.9493393 19.1893225,72.949511 19.1894996,72.9496172 19.1895892,72.9496262 19.189634,72.9496918 19.1901056,72.9502205 19.1904685,72.9506419 19.1909615,72.951152 19.191238,72.9514504 19.1915943,72.9517545 19.1921712,72.9522606 19.1918545,72.9526341 19.1916932,72.9525161 19.1915923,72.9527091 19.1917053,72.9528272 19.1915697,72.9529851 19.1918756,72.9532723 19.1917565,72.9534223 19.1910167,72.9526628 19.190646,72.9522656 19.1907078,72.952098 19.1905104,72.9519034 19.1904019,72.9520773 19.1903009,72.951972 19.1902663,72.9520693 19.1901699,72.9521874 19.1901216,72.9523613 19.1899483,72.9523023 19.1899725,72.9521411 19.1895792,72.952039 19.1896033,72.9519417 19.1892748,72.9518412 19.1891753,72.952047 19.1889614,72.9519305 19.1889086,72.9520518 19.1887926,72.9519752 19.1887821,72.9520007 19.188657,72.9519385 19.188648,72.9519034 19.1885636,72.9519225 19.1884732,72.9519624 19.1884204,72.95198 19.1877876,72.9520996 19.1877258,72.9521188 19.1876776,72.9521507 19.1876489,72.9522081 19.1873747,72.9529564 19.1872662,72.9533122 19.187236,72.9534989 19.18723,72.953585 19.18723,72.9540014 19.1871939,72.9546731 19.1871321,72.9553018 19.1868558,72.9553381 19.1863886,72.9554355 19.1858294,72.9556458 19.1854006,72.9558055</coordinates></LinearRing></outerBoundaryIs></Polygon></Placemark><Placemark><name></name><ExtendedData><Data name="tessellate"><value>-1</value></Data><Data name="extrude"><value>0</value></Data><Data name="visibility"><value>-1</value></Data><Data name="objectid"><value>17.0</value></Data><Data name="id2"><value>25147129</value></Data><Data name="townname"><value>Thane</value></Data><Data name="towncensuscode2011"><value>802787</value></Data><Data name="state"><value>Maharashtra</value></Data><Data name="lgd_code"><value>251471.0</value></Data><Data name="lgd_name"><value>Ward No.43</value></Data><Data name="sourcewardcode"><value>43</value></Data><Data name="st_area(shape)"><value>5327985.17556081</value></Data><Data name="st_length(shape)"><value>11052.0325443532</value></Data></ExtendedData><Polygon><outerBoundaryIs><LinearRing><coordinates>19.1770893,73.0322537 19.1774055,73.032144 19.1776916,73.0318944 19.178122,73.0316022 19.1786224,73.0313101 19.1792036,73.0309479 19.1793802,73.0308349 19.1800277,73.0302428 19.1803552,73.0296858 19.1804802,73.0291405 19.1805134,73.0284277 19.1803515,73.0276759 19.1801013,73.0268696 19.1798033,73.025701 19.1798438,73.0248597 19.1801381,73.0243689 19.1806127,73.0239949 19.1811498,73.0239014 19.1813227,73.0239014 19.1817384,73.0239443 19.1823381,73.0243377 19.1832836,73.0248791 19.1841077,73.0250661 19.1850495,73.0250077 19.1853033,73.0250116 19.1855093,73.0250505 19.1857668,73.0251245 19.1861605,73.0252686 19.1864916,73.0255764 19.1868668,73.0261178 19.1873046,73.0276993 19.187426,73.028116 19.1878123,73.0288328 19.1883015,73.0294521 19.188846,73.0297209 19.1895376,73.029826 19.1901667,73.0297014 19.1906854,73.0294833 19.1913844,73.0281238 19.1919693,73.0272747 19.1927602,73.0265307 19.1934775,73.0260321 19.1936468,73.0259386 19.1945885,73.0255374 19.1955707,73.0253154 19.1970237,73.0252725 19.1991573,73.0258257 19.2005468,73.02509 19.2021036,73.0280126 19.2011959,73.0300724 19.2021136,73.0411512 19.1920112,73.0454697 19.1912161,73.0458878 19.190591,73.0466803 19.1905087,73.0465033 19.1900646,73.0468226 19.1897821,73.0469242 19.1893435,73.0469619 19.1891817,73.0469184 19.1888417,73.0467761 19.1884908,73.0468429 19.1884496,73.0465758 19.1882522,73.0464075 19.1879945,73.0461404 19.1877176,73.046152 19.1876984,73.0462536 19.187586,73.0463349 19.186991,73.0463523 19.1869032,73.0464452 19.1865715,73.0464452 19.1866071,73.0460446 19.1862644,73.0460126 19.1862315,73.0462913 19.185461,73.0463 19.1849044,73.0462246 19.1849867,73.0456062 19.1851046,73.0456207 19.1851485,73.0453681 19.1849894,73.0453391 19.1850223,73.0451823 19.1850635,73.0450343 19.1851293,73.0446772 19.1846056,73.0445379 19.1840456,73.0445255 19.1840914,73.043487 19.1841469,73.0426221 19.1847758,73.0423924 19.1850337,73.0417826 19.1849638,73.041581 19.1848409,73.0409687 19.1844168,73.0409125 19.1844312,73.0406395 19.1846842,73.0406191 19.1845782,73.0399225 19.18433,73.0399378 19.1836384,73.039897 19.1831154,73.0399149 19.1830937,73.0397414 19.1827226,73.0397439 19.1826985,73.0396316 19.1821515,73.0396954 19.1812646,73.0396954 19.1810887,73.0397082 19.180814,73.0397949 19.1804477,73.0399353 19.1801368,73.0401445 19.1800211,73.0401368 19.1798187,73.0399404 19.1796982,73.0398919 19.1796162,73.0398791 19.1793825,73.0399149 19.1792644,73.03992 19.1790812,73.0398689 19.178633,73.0396801 19.178392,73.0395398 19.1779968,73.0392361 19.1773991,73.038685 19.1766978,73.0380624 19.1765845,73.0378175 19.1762327,73.0375725 19.176211,73.0373072 19.1762303,73.0370546 19.1760326,73.0365468 19.1760423,73.0363733 19.1761025,73.0362202 19.1761869,73.0359421 19.1763821,73.0356487 19.1764134,73.0355032 19.176358,73.035442 19.1759948,73.034687 19.1764468,73.0334506 19.1770893,73.0322537</coordinates></LinearRing></outerBoundaryIs></Polygon></Placemark><Placemark><name></name><ExtendedData><Data name="tessellate"><value>-1</value></Data><Data name="extrude"><value>0</value></Data><Data name="visibility"><value>-1</value></Data><Data name="objectid"><value>45.0</value></Data><Data name="id2"><value>25147186</value></Data><Data name="townname"><value>Thane</value></Data><Data name="towncensuscode2011"><value>802787</value></Data><Data name="state"><value>Maharashtra</value></Data><Data name="lgd_code"><value>251471.0</value></Data><Data name="lgd_name"><value>Ward No.38</value></Data><Data name="sourcewardcode"><value>38</value></Data><Data name="st_area(shape)"><value>1411922.66162934</value></Data><Data name="st_length(shape)"><value>8966.37590804253</value></Data></ExtendedData><Polygon><outerBoundaryIs><LinearRing><coordinates>19.1774055,73.032144 19.1772713,73.0318025 19.1771959,73.0316928 19.17713,73.0315656 19.1770853,73.0314136 19.1770688,73.0311817 19.1770523,73.0308975 19.1770311,73.0307081 19.1769723,73.030405 19.1766504,73.0284087 19.1765837,73.0280082 19.1765696,73.0278213 19.1765908,73.0274797 19.176583,73.0270673 19.1765049,73.0264332 19.1764847,73.0263801 19.1764692,73.026329 19.1764374,73.0262841 19.1763959,73.0262402 19.1763747,73.0261891 19.1762734,73.0254529 19.1760352,73.0253457 19.1758308,73.0252609 19.1756793,73.0251905 19.1754874,73.02507 19.1754315,73.0251762 19.1753071,73.025168 19.1752965,73.0252609 19.1750852,73.0252671 19.1750071,73.0253825 19.1749792,73.0254131 19.1749136,73.0254335 19.1744931,73.025457 19.1744285,73.0254601 19.1743716,73.0254529 19.174224,73.0254039 19.1741401,73.0253814 19.1740523,73.0253651 19.1739867,73.0253661 19.173465,73.0253886 19.1734216,73.0251251 19.1733714,73.0251374 19.1732711,73.0248719 19.1732422,73.0248076 19.1732142,73.0247912 19.1731968,73.0247882 19.1731766,73.0247953 19.1731602,73.0248076 19.173056,73.0248913 19.172704,73.0250098 19.1726683,73.0248648 19.1726249,73.0246187 19.1726104,73.0245023 19.1726095,73.0244359 19.1726133,73.0243573 19.1726201,73.0242868 19.1726529,73.0239795 19.1726538,73.0239162 19.1726432,73.0238375 19.1725632,73.023569 19.1725091,73.0233984 19.1726762,73.0233525 19.1730513,73.0232629 19.1734454,73.0231747 19.1736096,73.0231399 19.1738307,73.0231024 19.174058,73.023073 19.1743372,73.0230476 19.1750584,73.0229915 19.1754601,73.0229594 19.1761043,73.0228898 19.176919,73.0227882 19.1777665,73.0227093 19.1788831,73.0226134 19.1800684,73.0225318 19.1812103,73.0224706 19.1829593,73.0224553 19.1846315,73.0224728 19.1859791,73.0225445 19.1884107,73.0226721 19.1898184,73.0227358 19.1926264,73.0228235 19.1948848,73.022959 19.1958333,73.0229431 19.1964731,73.0228953 19.1967456,73.0228836 19.1970555,73.0228836 19.1972074,73.0229024 19.1973574,73.0229484 19.1975705,73.0230738 19.1977225,73.0231532 19.1980086,73.0232535 19.1982987,73.0232995 19.1985039,73.0233078 19.1986578,73.023289 19.1988354,73.0232493 19.1992222,73.0231281 19.1994541,73.0230387 19.2005468,73.02509 19.1991573,73.0258257 19.1970237,73.0252725 19.1955707,73.0253154 19.1945885,73.0255374 19.1936468,73.0259386 19.1934775,73.0260321 19.1927602,73.0265307 19.1919693,73.0272747 19.1913844,73.0281238 19.1906854,73.0294833 19.1901667,73.0297014 19.1895376,73.029826 19.188846,73.0297209 19.1883015,73.0294521 19.1878123,73.0288328 19.187426,73.028116 19.1873046,73.0276993 19.1868668,73.0261178 19.1864916,73.0255764 19.1861605,73.0252686 19.1857668,73.0251245 19.1855093,73.0250505 19.1853033,73.0250116 19.1850495,73.0250077 19.1841077,73.0250661 19.1832836,73.0248791 19.1823381,73.0243377 19.1817384,73.0239443 19.1813227,73.0239014 19.1811498,73.0239014 19.1806127,73.0239949 19.1801381,73.0243689 19.1798438,73.0248597 19.1798033,73.025701 19.1801013,73.0268696 19.1803515,73.0276759 19.1805134,73.0284277 19.1804802,73.0291405 19.1803552,73.0296858 19.1800277,73.0302428 19.1793802,73.0308349 19.1792036,73.0309479 19.1786224,73.0313101 19.178122,73.0316022 19.1776916,73.0318944 19.1774055,73.032144</coordinates></LinearRing></outerBoundaryIs></Polygon></Placemark><Placemark><name></name><ExtendedData><Data name="tessellate"><value>-1</value></Data><Data name="extrude"><value>0</value></Data><Data name="visibility"><value>-1</value></Data><Data name="objectid"><value>39.0</value></Data><Data name="id2"><value>25147174</value></Data><Data name="townname"><value>Thane</value></Data><Data name="towncensuscode2011"><value>802787</value></Data><Data name="state"><value>Maharashtra</value></Data><Data name="lgd_code"><value>251471.0</value></Data><Data name="lgd_name"><value>Ward No.45</value></Data><Data name="sourcewardcode"><value>45</value></Data><Data name="st_area(shape)"><value>3879158.84828443</value></Data><Data name="st_length(shape)"><value>10633.3018861</value></Data></ExtendedData><Polygon><outerBoundaryIs><LinearRing><coordinates>19.1840456,73.0445255 19.1840284,73.0461316 19.1840284,73.048037 19.1840072,73.0488036 19.183961,73.0491757 19.1837658,73.0508406 19.1837267,73.0512765 19.1837161,73.0517989 19.1837338,73.0525806 19.1837232,73.0527911 19.1835635,73.0536855 19.1834747,73.0542304 19.1834321,73.0550309 19.183425,73.0555796 19.1834783,73.0560381 19.1837125,73.0574775 19.1838048,73.0582404 19.1838297,73.0586839 19.1838084,73.0591386 19.1837229,73.0591378 19.1836633,73.0590808 19.1835557,73.0590454 19.1829291,73.0591363 19.1828142,73.0592979 19.1828084,73.0596165 19.1828433,73.0597043 19.182916,73.0597659 19.1830847,73.0598197 19.1831559,73.0598798 19.1832562,73.0599952 19.183406,73.0601014 19.1835412,73.0601276 19.183688,73.0601415 19.1836124,73.06034 19.1834278,73.0608973 19.1832853,73.061376 19.1832446,73.0615669 19.1832446,73.0617963 19.1831981,73.0624659 19.1832184,73.0630909 19.1830018,73.0637389 19.1830018,73.0640591 19.1830498,73.0641545 19.1831297,73.0642515 19.1828927,73.0644455 19.1813682,73.0657918 19.1793677,73.0661991 19.1773473,73.0667933 19.1749901,73.0667933 19.1739076,73.0667933 19.1738151,73.0665403 19.172938,73.0658525 19.17265,73.0656516 19.1722737,73.0652999 19.1717207,73.0644805 19.1716159,73.0642536 19.1713443,73.0633025 19.171269,73.0630427 19.171179,73.0628764 19.171076,73.0627395 19.1709726,73.0626596 19.1705252,73.0624312 19.1697741,73.0618857 19.1695944,73.0617207 19.1695065,73.06145 19.1687555,73.0597118 19.1687355,73.0595341 19.1687515,73.059255 19.1688314,73.0588828 19.1689033,73.0586798 19.1689712,73.0585741 19.1694306,73.0582696 19.1698381,73.0578509 19.1699899,73.0575506 19.1700777,73.0574322 19.1702455,73.057263 19.1707888,73.0568612 19.1710365,73.0565609 19.1712682,73.0563706 19.1717276,73.0560703 19.1720432,73.0557235 19.172175,73.0556093 19.1723628,73.0555078 19.1734533,73.0546196 19.1739567,73.0542517 19.1741404,73.054091 19.1743282,73.0539091 19.174476,73.0538076 19.1755066,73.0531986 19.1760459,73.0528349 19.1765532,73.0525642 19.1766651,73.0524288 19.1768209,73.0522893 19.1769287,73.0519213 19.1768888,73.0516506 19.1767689,73.0514688 19.1763894,73.0511558 19.1760139,73.0506356 19.1756464,73.050035 19.1754667,73.0495994 19.1750512,73.0479627 19.1745319,73.0474805 19.1738129,73.0470491 19.1726144,73.0460848 19.1723308,73.0457042 19.172195,73.0454039 19.172203,73.0447314 19.1723028,73.0445031 19.1725066,73.0441774 19.1727662,73.0439236 19.1730499,73.0437375 19.1737609,73.0435303 19.1740805,73.0434119 19.174468,73.0431581 19.1758142,73.0416525 19.1758861,73.0414875 19.1759181,73.0411788 19.1757623,73.0409208 19.1747516,73.0398508 19.1740166,73.0384805 19.1737889,73.0377276 19.1737649,73.0371313 19.1738967,73.0367253 19.175227,73.0357568 19.1759412,73.0348334 19.1759948,73.034687 19.176358,73.035442 19.1764134,73.0355032 19.1763821,73.0356487 19.1761869,73.0359421 19.1761025,73.0362202 19.1760423,73.0363733 19.1760326,73.0365468 19.1762303,73.0370546 19.176211,73.0373072 19.1762327,73.0375725 19.1765845,73.0378175 19.1766978,73.0380624 19.1773991,73.038685 19.1779968,73.0392361 19.178392,73.0395398 19.178633,73.0396801 19.1790812,73.0398689 19.1792644,73.03992 19.1793825,73.0399149 19.1796162,73.0398791 19.1796982,73.0398919 19.1798187,73.0399404 19.1800211,73.0401368 19.1801368,73.0401445 19.1804477,73.0399353 19.180814,73.0397949 19.1810887,73.0397082 19.1812646,73.0396954 19.1821515,73.0396954 19.1826985,73.0396316 19.1827226,73.0397439 19.1830937,73.0397414 19.1831154,73.0399149 19.1836384,73.039897 19.18433,73.0399378 19.1845782,73.0399225 19.1846842,73.0406191 19.1844312,73.0406395 19.1844168,73.0409125 19.1848409,73.0409687 19.1849638,73.041581 19.1850337,73.0417826 19.1847758,73.0423924 19.1841469,73.0426221 19.1840914,73.043487 19.1840456,73.0445255</coordinates></LinearRing></outerBoundaryIs></Polygon></Placemark><Placemark><name></name><ExtendedData><Data name="tessellate"><value>-1</value></Data><Data name="extrude"><value>0</value></Data><Data name="visibility"><value>-1</value></Data><Data name="objectid"><value>15.0</value></Data><Data name="id2"><value>25147127</value></Data><Data name="townname"><value>Thane</value></Data><Data name="towncensuscode2011"><value>802787</value></Data><Data name="state"><value>Maharashtra</value></Data><Data name="lgd_code"><value>251471.0</value></Data><Data name="lgd_name"><value>Ward No.34</value></Data><Data name="sourcewardcode"><value>34</value></Data><Data name="st_area(shape)"><value>1158688.21926156</value></Data><Data name="st_length(shape)"><value>5662.82228881431</value></Data></ExtendedData><Polygon><outerBoundaryIs><LinearRing><coordinates>19.2072315,72.9972763 19.2063295,72.9963032 19.2063333,72.9971174 19.2063464,72.9986326 19.2061064,72.998579 19.2060932,72.9986663 19.2057444,72.9985531 19.2051987,72.9981719 19.2051143,72.9981321 19.2047362,72.9980298 19.2046763,72.997994 19.2043728,72.99792 19.2040372,72.9982576 19.2038935,72.999695 19.2033103,72.9996712 19.2032315,72.999411 19.203059,72.999407 19.203014,72.9999035 19.2030083,73.0005429 19.2028639,73.000539 19.202697,73.0005429 19.202442,73.0005072 19.2025676,72.9999015 19.2022676,72.9998539 19.2022245,72.9998539 19.2019919,72.9998002 19.2017744,72.9998181 19.2017481,72.9999849 19.201705,73.000112 19.2016806,73.0001319 19.2017144,73.0003245 19.2015512,73.0003801 19.2014818,73.0004734 19.2013487,73.0005628 19.1999534,72.9977668 19.1992807,72.9964297 19.1990383,72.9959365 19.1988823,72.9960001 19.1987526,72.9961018 19.198473,72.9962797 19.1983986,72.9963026 19.1982569,72.9962911 19.1981525,72.9962238 19.1979317,72.9960725 19.1979089,72.9960497 19.1978633,72.9959391 19.1970021,72.9949196 19.1968117,72.9946993 19.1960996,72.9939081 19.1964108,72.9936918 19.1964258,72.993666 19.1963152,72.9934357 19.196317,72.9934079 19.1963639,72.9933682 19.1965965,72.9933046 19.1967484,72.9932987 19.1968121,72.9932887 19.1968759,72.9932848 19.1969134,72.9932788 19.1969884,72.993253 19.1973222,72.9931457 19.1974123,72.993106 19.1975079,72.9930465 19.197566,72.9930048 19.197476,72.9928002 19.1969584,72.9913665 19.1965734,72.9902051 19.196509,72.9898642 19.1964017,72.989334 19.1963016,72.9886446 19.1962229,72.9878341 19.1962051,72.9876372 19.1962051,72.9874107 19.1963311,72.9873455 19.1963956,72.9872556 19.1964893,72.9871314 19.1965538,72.9870352 19.1966212,72.986877 19.1966827,72.9867001 19.1969778,72.9858021 19.1980329,72.9863266 19.1985816,72.9865977 19.199446,72.9871345 19.1998357,72.9873642 19.2002167,72.9877334 19.2004511,72.9879847 19.2013008,72.9890211 19.2015734,72.98935 19.2022297,72.9900574 19.2027425,72.9905477 19.2036333,72.9913761 19.2040171,72.9917019 19.2041416,72.9918492 19.2044813,72.9922725 19.2046577,72.9925025 19.2059305,72.9936971 19.2072709,72.9946014 19.2083511,72.994925 19.2075222,72.9974272 19.2074547,72.9974411 19.2072315,72.9972763</coordinates></LinearRing></outerBoundaryIs></Polygon></Placemark><Placemark><name></name><ExtendedData><Data name="tessellate"><value>-1</value></Data><Data name="extrude"><value>0</value></Data><Data name="visibility"><value>-1</value></Data><Data name="objectid"><value>34.0</value></Data><Data name="id2"><value>25147164</value></Data><Data name="townname"><value>Thane</value></Data><Data name="towncensuscode2011"><value>802787</value></Data><Data name="state"><value>Maharashtra</value></Data><Data name="lgd_code"><value>251471.0</value></Data><Data name="lgd_name"><value>Ward No.35</value></Data><Data name="sourcewardcode"><value>35</value></Data><Data name="st_area(shape)"><value>4030200.60759663</value></Data><Data name="st_length(shape)"><value>8998.48196636598</value></Data></ExtendedData><Polygon><outerBoundaryIs><LinearRing><coordinates>19.2009281,73.0036295 19.2019746,73.0028349 19.2022903,73.0025795 19.2020623,73.0020642 19.2013487,73.0005628 19.2014818,73.0004734 19.2015512,73.0003801 19.2017144,73.0003245 19.2016806,73.0001319 19.201705,73.000112 19.2017481,72.9999849 19.2017744,72.9998181 19.2019919,72.9998002 19.2022245,72.9998539 19.2022676,72.9998539 19.2025676,72.9999015 19.202442,73.0005072 19.202697,73.0005429 19.2028639,73.000539 19.2030083,73.0005429 19.203014,72.9999035 19.203059,72.999407 19.2032315,72.999411 19.2033103,72.9996712 19.2038935,72.999695 19.2040372,72.9982576 19.2043728,72.99792 19.2046763,72.997994 19.2047362,72.9980298 19.2051143,72.9981321 19.2051987,72.9981719 19.2057444,72.9985531 19.2060932,72.9986663 19.2061064,72.998579 19.2063464,72.9986326 19.2063333,72.9971174 19.2063295,72.9963032 19.2072315,72.9972763 19.2074547,72.9974411 19.2075222,72.9974272 19.2083511,72.994925 19.2091361,72.995145 19.2098009,72.9952326 19.2100444,72.995223 19.2136608,72.9949293 19.2148843,72.9952104 19.2158365,72.9956138 19.2167541,72.9966588 19.2176601,72.9991707 19.2181045,73.0003197 19.2184161,73.0009247 19.21917,73.0020526 19.2201844,73.003858 19.2225458,73.0080706 19.2190617,73.0119419 19.214242,73.0172971 19.2123772,73.0187622 19.210679,73.0161775 19.2103356,73.0164596 19.2102409,73.0165338 19.2100482,73.016634 19.2091931,73.0151124 19.2061374,73.0155749 19.2062924,73.0147713 19.206374,73.0140196 19.2063903,73.0132073 19.2063577,73.0125679 19.2062027,73.0117211 19.2060395,73.0112113 19.2058028,73.0104422 19.2054356,73.0096386 19.2048563,73.008619 19.2046115,73.0082993 19.2042932,73.0079191 19.203877,73.0073142 19.203314,73.0065884 19.2017228,73.0046009 19.2009281,73.0036295</coordinates></LinearRing></outerBoundaryIs></Polygon></Placemark><Placemark><name></name><ExtendedData><Data name="tessellate"><value>-1</value></Data><Data name="extrude"><value>0</value></Data><Data name="visibility"><value>-1</value></Data><Data name="objectid"><value>35.0</value></Data><Data name="id2"><value>25147166</value></Data><Data name="townname"><value>Thane</value></Data><Data name="towncensuscode2011"><value>802787</value></Data><Data name="state"><value>Maharashtra</value></Data><Data name="lgd_code"><value>251471.0</value></Data><Data name="lgd_name"><value>Ward No.36</value></Data><Data name="sourcewardcode"><value>36</value></Data><Data name="st_area(shape)"><value>3145264.61687834</value></Data><Data name="st_length(shape)"><value>10224.7547220192</value></Data></ExtendedData><Polygon><outerBoundaryIs><LinearRing><coordinates>19.2061374,73.0155749 19.2048359,73.0157044 19.2045377,73.0179976 19.2043665,73.0186956 19.2040087,73.0190813 19.2038694,73.0189928 19.2038073,73.0188181 19.2037666,73.0186003 19.203788,73.0183644 19.2037666,73.0181715 19.2036209,73.0178698 19.2034945,73.0178221 19.2030874,73.0179378 19.202976,73.0179492 19.2027317,73.0178289 19.2025496,73.018015 19.202361,73.0181579 19.2021618,73.0184438 19.2020718,73.0186139 19.2019497,73.0187387 19.2018125,73.0187637 19.2015854,73.0184528 19.2014376,73.0183734 19.2011826,73.0185141 19.2010112,73.0185345 19.2008741,73.0185073 19.200782,73.0186207 19.2007798,73.0188953 19.2006791,73.0188998 19.2005377,73.0187523 19.2000149,73.0187206 19.1996014,73.0189066 19.1993914,73.0191448 19.1992693,73.0186979 19.1985065,73.0193325 19.1981246,73.0190555 19.1979886,73.0197535 19.1953996,73.0182032 19.1944433,73.0190289 19.1920245,73.0165207 19.1892558,73.0153165 19.1853565,73.0138443 19.1841471,73.0134112 19.1835409,73.01319 19.1834114,73.0130342 19.1822108,73.0115356 19.1806659,73.0096381 19.1817047,73.0086442 19.1871196,73.0070468 19.1878097,73.0059247 19.1877611,73.0064762 19.1878616,73.00685 19.1880135,73.0069134 19.1882125,73.0067843 19.188435,73.0064581 19.1885548,73.0064672 19.1885355,73.0067458 19.1885099,73.00697 19.1884842,73.0070969 19.1884221,73.0071535 19.1883173,73.0073007 19.1882275,73.0075205 19.1881184,73.0077039 19.1879622,73.0079191 19.1879237,73.0080369 19.1877247,73.0081321 19.1876777,73.0082838 19.1876113,73.008354 19.187791,73.0083087 19.1879344,73.0083472 19.188221,73.0084582 19.1884628,73.0085217 19.1886297,73.0085602 19.1886874,73.0085466 19.1887131,73.0085081 19.1887238,73.0084424 19.1887281,73.0083767 19.1887195,73.0082838 19.1887238,73.0082227 19.1887495,73.0081456 19.1887987,73.0081117 19.1888821,73.0081139 19.1891623,73.0081321 19.189218,73.0081003 19.1892522,73.0080664 19.1892693,73.0080256 19.1892715,73.0079848 19.1892608,73.0079282 19.1891773,73.0077402 19.1891645,73.0076609 19.1891752,73.0074321 19.1890768,73.0073642 19.1891396,73.0072005 19.1900698,73.0074375 19.1903767,73.0075076 19.1899507,73.009006 19.1907029,73.0093105 19.190742,73.0091851 19.1907653,73.0089454 19.1907833,73.0087394 19.190796,73.0085479 19.1907738,73.0083474 19.1907685,73.0082925 19.1908446,73.0082769 19.1909589,73.0082545 19.1910371,73.0081145 19.191071,73.0080954 19.1912159,73.008082 19.1913745,73.0080618 19.1915956,73.0080428 19.1918304,73.0080641 19.1918304,73.0080047 19.1919023,73.0080059 19.1919953,73.0079935 19.1920482,73.0079991 19.1920577,73.0080159 19.192062,73.008166 19.1920651,73.0082265 19.1921233,73.0082321 19.1921149,73.0084527 19.1922164,73.0084359 19.1923158,73.0084404 19.1928182,73.0084706 19.1928235,73.0083485 19.1929239,73.0083485 19.1928901,73.0080529 19.1928837,73.0078849 19.1928954,73.0077808 19.1931513,73.0078155 19.1931587,73.0077404 19.1931788,73.0077292 19.1932254,73.0077236 19.1934739,73.0077539 19.1936421,73.0077841 19.1936072,73.0082197 19.1936907,73.0082399 19.1938134,73.0082612 19.1939371,73.0082657 19.1939467,73.0082993 19.1940545,73.0083071 19.194136,73.0082925 19.1941275,73.0082321 19.1942883,73.0082164 19.1943898,73.0082041 19.1944173,73.0083418 19.1944226,73.0084359 19.1945146,73.008428 19.1945643,73.0083474 19.194614,73.0083642 19.1946616,73.0083564 19.1946933,73.0083317 19.1947028,73.0082937 19.1947081,73.0082343 19.1947229,73.0082197 19.194761,73.0082108 19.1947367,73.0078592 19.1947399,73.0077001 19.1947621,73.0076027 19.1947779,73.0075008 19.1947758,73.0073463 19.1947843,73.0072925 19.194797,73.0072555 19.1948149,73.0072287 19.1949821,73.0070204 19.1949979,73.0069397 19.1946129,73.0068602 19.1942089,73.0068513 19.1940841,73.0068356 19.1938874,73.006783 19.1939615,73.0063966 19.194008,73.0061234 19.1937764,73.0061133 19.1936981,73.0061021 19.1936611,73.006045 19.1936526,73.0059912 19.1936537,73.0059699 19.1936706,73.0059498 19.1937045,73.0059587 19.193752,73.0059699 19.1938356,73.0059811 19.1940207,73.0059867 19.1940196,73.0058647 19.1939678,73.0058624 19.19399,73.0055477 19.193935,73.0055455 19.1939382,73.0053193 19.1936547,73.0053193 19.1936209,73.0052398 19.1936611,73.0052431 19.1936653,73.0052028 19.1947984,73.005177 19.1955885,73.0049692 19.195684,73.00495 19.1963037,73.0049391 19.1966265,73.0048653 19.1968124,73.0048161 19.196895,73.004745 19.1974321,73.0044661 19.1974966,73.0044388 19.1975612,73.0044388 19.1980698,73.0045782 19.1983435,73.0046876 19.1990974,73.0046684 19.1993737,73.0046438 19.1998075,73.0046466 19.1998488,73.0046165 19.1999056,73.0045153 19.1999934,73.0044689 19.2001819,73.0040341 19.2004582,73.0039521 19.2009281,73.0036295 19.2017228,73.0046009 19.203314,73.0065884 19.203877,73.0073142 19.2042932,73.0079191 19.2046115,73.0082993 19.2048563,73.008619 19.2054356,73.0096386 19.2058028,73.0104422 19.2060395,73.0112113 19.2062027,73.0117211 19.2063577,73.0125679 19.2063903,73.0132073 19.206374,73.0140196 19.2062924,73.0147713 19.2061374,73.0155749</coordinates></LinearRing></outerBoundaryIs></Polygon></Placemark></Document>
</kml>
