date,rainfall_mm_mumbai_avg,soil_moisture_m3m3_mumbai_avg,land_surface_temp_c_mumbai_avg
1990-01-01,0.0,0.11305999770000001,29.5263978
1990-01-02,0.0,0.11293334960000001,28.9551328
1990-01-03,0.0,0.1128356926,30.045782600000003
1990-01-04,0.0,0.1128250127,30.860650699999997
1990-01-05,0.0,0.1127304085,31.5765929
1990-01-06,0.0,0.1126571655,31.632111
1990-01-07,0.0,0.1125946052,31.569097999999997
1990-01-08,0.0,0.1125366211,32.3133853
1990-01-09,0.0,0.1125061024,32.5025937
1990-01-10,0.0,0.112445069,32.3159246
1990-01-11,0.0,0.11243896549999999,32.3702451
1990-01-12,0.0,0.11239624100000001,32.238604699999996
1990-01-13,0.0,0.11237640389999999,31.8976139
1990-01-14,0.0,0.11237182679999999,31.5534972
1990-01-15,0.0,0.112342834,31.3116761
1990-01-16,0.0,0.1123382571,31.743317
1990-01-17,0.0,0.1122909546,32.6931697
1990-01-18,0.0,0.1123001106,31.752520800000003
1990-01-19,0.0,0.11226959160000001,33.0381164
1990-01-20,0.0,0.1122177124,32.5966123
1990-01-21,0.0,0.11217803779999999,32.3759584
1990-01-22,0.0,0.11215972810000001,33.1127986
1990-01-23,0.0,0.1121307368,34.0919978
1990-01-24,0.0,0.1121093738,33.7805237
1990-01-25,0.0,0.11207122979999999,33.8435606
1990-01-26,0.0,0.1120468147,33.29837
1990-01-27,0.0,0.1120666504,32.205353
1990-01-28,0.0,0.1119659414,31.465289300000002
1990-01-29,0.0,0.11195068369999998,32.6562075
1990-01-30,0.0,0.1119293211,33.1245423
1990-01-31,0.0,0.111938477,31.737872499999998
1990-02-01,0.0,0.11194610629999999,30.9269349
1990-02-02,0.0,0.11194763249999999,31.6390685
1990-02-03,0.0,0.1119323727,32.1810366
1990-02-04,0.0,0.11192169199999999,32.304815500000004
1990-02-05,0.0,0.1119171146,32.2732728
1990-02-06,0.0,0.11185607859999999,34.9672422
1990-02-07,0.0,0.11184844940000001,33.2239807
1990-02-08,0.0,0.1118469235,32.606768699999996
1990-02-09,0.0,0.1118820194,32.0471498
1990-02-10,0.0,0.11179809650000001,33.7871157
1990-02-11,0.0,0.1117767342,35.349078500000005
1990-02-12,0.0,0.1117523194,33.8815249
1990-02-13,0.0,0.11175842350000001,32.6899477
1990-02-14,0.0,0.111701966,32.2077454
1990-02-15,0.0,0.11168670700000001,31.8579651
1990-02-16,0.0,0.1116836546,31.428619700000002
1990-02-17,0.0,0.11167755129999998,30.840460200000003
1990-02-18,0.0,0.1169082645,30.295392
1990-02-19,0.0,0.115693665,29.5249085
1990-02-20,0.0,0.11495819119999999,29.7431214
1990-02-21,0.0,0.11444244429999999,30.4496154
1990-02-22,0.0,0.1140106198,31.0369691
1990-02-23,0.0,0.11370849570000001,30.7570859
1990-02-24,0.0,0.1134582512,31.1727598
1990-02-25,0.0,0.11326293999999999,31.9575744
1990-02-26,0.0,0.1130813611,31.8504455
1990-02-27,0.0,0.11294403230000001,31.6895081
1990-02-28,0.7580454796552658,0.1450653065,27.5424009
1990-03-01,0.8231931179761887,0.13728179859999998,29.539874199999996
1990-03-02,0.0,0.13023223879999998,29.903326600000003
1990-03-03,0.0,0.1256057726,30.359918299999997
1990-03-04,0.0,0.122538758,30.643609400000003
1990-03-05,0.0,0.12153778,30.6363588
1990-03-06,0.0,0.11932373,32.1553776
1990-03-07,0.0,0.11788635169999999,32.1044982
1990-03-08,0.0,0.1167770376,32.2611877
1990-03-09,0.0,0.11588897570000001,32.8450748
1990-03-10,0.0,0.1150833121,33.0588926
1990-03-11,0.0,0.1145889286,32.060821499999996
1990-03-12,0.0,0.1142776482,31.890777500000002
1990-03-13,0.0,0.1140014651,33.1267641
1990-03-14,0.0,0.1137390146,33.1126033
1990-03-15,0.0,0.11352691470000001,33.598639000000006
1990-03-16,0.0,0.1132400519,34.9324279
1990-03-17,0.0,0.1130416866,35.6427795
1990-03-18,0.0,0.112954712,33.9346989
1990-03-19,0.0,0.1128372178,36.1897519
1990-03-20,0.0,0.11269531340000001,36.790973099999995
1990-03-21,0.0,0.1125823977,36.9482972
1990-03-22,0.0,0.1125167843,35.5017151
1990-03-23,0.0,0.1122619628,33.3131896
1990-03-24,0.0,0.11225891080000001,32.1315002
1990-03-25,0.0,0.112185669,32.8884342
1990-03-26,0.0,0.11215820409999999,32.828277400000005
1990-03-27,0.0,0.1121612549,33.3246885
1990-03-28,0.0,0.1126831052,34.2045472
1990-03-29,0.0,0.1125610357,34.6843814
1990-03-30,0.0,0.11222992000000001,34.794928
1990-03-31,0.0,0.1119476322,34.62735
1990-04-01,0.0,0.11179656959999999,34.5989322
1990-04-02,0.0,0.1116989142,35.3241271
1990-04-03,0.0,0.11167755100000001,35.4920472
1990-04-04,0.0,0.1116500852,34.800739
1990-04-05,0.0,0.111604309,34.103546
1990-04-06,0.0,0.11167449920000001,33.714288599999996
1990-04-07,0.0,0.1115875248,34.7847229
1990-04-08,0.0,0.1114547719,36.213727
1990-04-09,0.0,0.11142272900000001,35.0336484
1990-04-10,0.0,0.11134796090000001,35.71377579999999
1990-04-11,0.0,0.1112976067,35.305231
1990-04-12,0.0,0.11127929700000001,35.004181
1990-04-13,0.0,0.11143798949999999,34.9046937
1990-04-14,0.0,0.11143493559999999,35.3418519
1990-04-15,0.0,0.11138610909999999,34.9451234
1990-04-16,0.0,0.1113922117,34.638482599999996
1990-04-17,0.0,0.11132812489999999,35.2946347
1990-04-18,0.0,0.11127624579999999,36.045855599999996
1990-04-19,0.0,0.11124115100000001,34.7355288
1990-04-20,0.0,0.11130828820000001,35.1231014
1990-04-21,0.0,0.11147460940000001,34.3390197
1990-04-22,0.0,0.1117507936,35.054741899999996
1990-04-23,0.0,0.11141509990000001,35.1712219
1990-04-24,0.0,0.1112228395,37.3648011
1990-04-25,0.0,0.1111495982,35.6888003
1990-04-26,0.0,0.11129608099999999,36.069097799999994
1990-04-27,0.0,0.11114807060000001,36.1864805
1990-04-28,0.0,0.11108703580000001,36.074590799999996
1990-04-29,0.0,0.1112808211,34.8624329
1990-04-30,0.0,0.11141510000000002,34.8754451
1990-05-01,0.0,0.11183319080000001,34.8293516
1990-05-02,0.0,0.1119735707,35.4268371
1990-05-03,0.0,0.11214599649999998,35.6876525
1990-05-04,0.0,0.11207733099999999,36.0014224
1990-05-05,0.0,0.1120773313,36.0143863
1990-05-06,0.0,0.1120285038,36.4242252
1990-05-07,0.0,0.11192779500000001,37.436578100000006
1990-05-08,0.5923491567373275,0.11187896719999998,38.725104099999996
1990-05-09,0.4799908697605132,0.1120559689,38.1321835
1990-05-10,0.0,0.11309661900000001,37.5683412
1990-05-11,0.08444124460220337,0.11290740989999999,35.8804506
1990-05-12,0.0,0.1165344246,34.387383799999995
1990-05-13,0.0,0.11841125450000001,34.2964658
1990-05-14,0.0,0.1212203968,34.9993718
1990-05-15,0.0,0.1378463765,33.7197326
1990-05-16,0.11422356218099593,0.138989257,35.1439028
1990-05-17,0.6977524384856224,0.140736391,34.762872
1990-05-18,0.0,0.14628295959999998,34.5520079
1990-05-19,0.4060957804322243,0.159097291,33.961310100000006
1990-05-20,0.0,0.1733520506,32.7271672
1990-05-21,0.8186021447181702,0.20976104700000003,33.033514100000005
1990-05-22,0.29273347556591034,0.23227234000000002,31.5771299
1990-05-23,1.8791561722755432,0.253765869,32.5050476
1990-05-24,0.15229807794094086,0.24680939,32.7452818
1990-05-25,0.0,0.262641908,31.7597961
1990-05-26,0.2739560082554817,0.330413819,30.8576476
1990-05-27,17.195937633514404,0.348303222,29.578485
1990-05-28,2.8197799623012543,0.38224029800000003,26.6813294
1990-05-29,20.966994047164917,0.392129517,27.372515900000003
1990-05-30,13.912063121795654,0.389176941,27.225653
1990-05-31,43.17133033275604,0.40483246,26.162530599999997
1990-06-01,12.565271377563477,0.365679935,31.0088866
1990-06-02,0.0,0.36141815299999996,29.702081399999997
1990-06-03,3.2490513622760773,0.35208740299999997,30.1668945
1990-06-04,19.462852716445923,0.36788024799999997,30.0127199
1990-06-05,37.49238204956055,0.33588409399999997,29.7714171
1990-06-06,0.1230151206254959,0.31202850400000004,30.5652832
1990-06-07,1.2207638770341873,0.32854919800000004,30.693194599999998
1990-06-08,20.537429600954056,0.347068786,29.896582000000002
1990-06-09,6.968443639576436,0.3728363,28.4064637
1990-06-10,2.657856583595276,0.349496462,30.2381955
1990-06-11,3.1879061460494995,0.35824737500000003,29.650286799999996
1990-06-12,7.605398565530776,0.386666874,28.8570375
1990-06-13,9.357104629278183,0.357792662,31.1549927
1990-06-14,0.5665500685572624,0.355941771,31.156817999999998
1990-06-15,10.527195304632187,0.357963563,30.4800657
1990-06-16,166.15951013565063,0.360273742,29.739599500000004
1990-06-17,41.55332770943642,0.366551207,28.562487899999997
1990-06-18,3.2590083852410316,0.36707763299999996,30.4086244
1990-06-19,3.824625164270401,0.368858335,30.2178712
1990-06-20,0.714939758181572,0.35906219500000003,30.5420411
1990-06-21,0.5315201841294765,0.35118866400000004,30.497161900000002
1990-06-22,0.5499901697039604,0.351838683,29.5394042
1990-06-23,2.303885169327259,0.348606874,29.5717711
1990-06-24,1.1675284206867218,0.352769472,27.9072571
1990-06-25,6.495664417743683,0.399613952,25.4283386
1990-06-26,48.37342119216919,0.394999695,26.7497499
1990-06-27,120.45394802093506,0.398472595,26.0126955
1990-06-28,78.23557090759277,0.395222474,27.0337828
1990-06-29,68.36447334289551,0.407034303,26.1330017
1990-06-30,63.22837543487549,0.399728396,27.6043395
1990-07-01,10.581031620502472,0.388548279,28.035663
1990-07-02,6.4284924417734155,0.387593079,27.731701800000003
1990-07-03,11.268209099769592,0.41148223799999994,25.2784607
1990-07-04,4.467058777809143,0.391737366,27.9980774
1990-07-05,3.6549103260040283,0.39919281,26.5974486
1990-07-06,2.0297310650348663,0.38568573,27.469500599999996
1990-07-07,4.297444358468056,0.376783753,28.8819275
1990-07-08,17.82032322883606,0.394750978,26.9974609
1990-07-09,26.96663773059845,0.38951416,26.635211199999997
1990-07-10,21.417509257793427,0.39584503,26.9431092
1990-07-11,4.068510115146637,0.40788421599999997,28.034552100000003
1990-07-12,14.61918318271637,0.406927492,27.102472
1990-07-13,20.497293949127197,0.401428226,26.917443900000002
1990-07-14,17.574328005313873,0.395552064,27.4261536
1990-07-15,15.695684909820557,0.395924376,26.7605895
1990-07-16,50.78715419769287,0.402447511,25.5096193
1990-07-17,70.96342253684998,0.40894623,25.5727477
1990-07-18,8.968923687934875,0.404365542,26.3665101
1990-07-19,29.411043167114258,0.412345885,24.8112243
1990-07-20,38.142770767211914,0.407762147,24.9982968
1990-07-21,21.854288339614868,0.395913695,27.119525099999997
1990-07-22,2.482370436191559,0.38683776999999997,28.1961364
1990-07-23,14.382918953895569,0.39438934400000003,27.640252600000004
1990-07-24,37.73560690879822,0.409318542,24.8163574
1990-07-25,22.256905734539032,0.39818878199999996,27.512805200000003
1990-07-26,3.2566977441310883,0.386804201,27.578899999999997
1990-07-27,4.236613512039185,0.376942444,28.4630985
1990-07-28,3.5803074091672897,0.370314027,28.278118799999998
1990-07-29,6.894413948059082,0.369766235,28.5308899
1990-07-30,3.621047794818878,0.37046814,28.9959411
1990-07-31,4.072800278663635,0.374142456,28.2576906
1990-08-01,2.951039284467697,0.368830869,28.567614600000002
1990-08-02,15.202738046646118,0.40474243200000004,26.22038
1990-08-03,8.545373797416687,0.40085144,26.9769469
1990-08-04,17.38774347305298,0.376734923,28.607507399999996
1990-08-05,19.0405695438385,0.40856628300000003,26.9690309
1990-08-06,14.261289119720459,0.402265928,25.7993837
1990-08-07,6.361404180526733,0.415029908,28.0712829
1990-08-08,11.783090233802795,0.40167846799999996,26.7251037
1990-08-09,45.96484565734863,0.382850647,28.8685913
1990-08-10,40.00570201873779,0.406262207,26.4775088
1990-08-11,52.54089057445526,0.401306151,26.221716400000002
1990-08-12,27.084274291992188,0.41053466800000005,25.161438
1990-08-13,101.60907554626465,0.40596923599999996,25.4862552
1990-08-14,66.65997123718262,0.39000701800000004,27.172796799999997
1990-08-15,143.32965278625488,0.40541381899999995,25.4489014
1990-08-16,99.73956966400146,0.419491578,24.4639895
1990-08-17,90.0845832824707,0.417317199,24.244378700000002
1990-08-18,32.33362913131714,0.406365967,25.006488100000002
1990-08-19,53.971296310424805,0.397564698,26.070349
1990-08-20,25.28120732307434,0.394001769,25.545831200000002
1990-08-21,33.75680875778198,0.40018921,25.999951199999998
1990-08-22,45.362793922424316,0.397988892,25.428643700000002
1990-08-23,48.72127962112427,0.41713867000000004,24.6993714
1990-08-24,38.345351219177246,0.40438842700000005,25.5091921
1990-08-25,44.067551136016846,0.39938354600000003,27.0321532
1990-08-26,23.651753902435303,0.393313596,27.8594606
1990-08-27,15.63102650642395,0.383770756,28.0238893
1990-08-28,15.986851930618286,0.398115539,26.6599733
1990-08-29,6.825522810220719,0.39424896400000004,26.458477799999997
1990-08-30,2.239696305245161,0.407528687,24.789947599999998
1990-08-31,2.4001803509891033,0.40114135700000003,25.7832337
1990-09-01,2.7439999878406525,0.383666993,27.803643799999996
1990-09-02,6.816291868686676,0.386801148,27.441357399999998
1990-09-03,4.9581074714660645,0.396665953,27.1282287
1990-09-04,10.12177288532257,0.418675232,25.831683299999998
1990-09-05,47.02626323699951,0.414816287,25.8490297
1990-09-06,54.139384031295776,0.396174623,26.471209800000004
1990-09-07,10.210030019283295,0.38408966,27.620135299999998
1990-09-08,0.5201509185135365,0.37625122,27.593646200000002
1990-09-09,2.4341070652008057,0.37453613199999997,27.864220999999997
1990-09-10,0.7313072606921196,0.379731751,27.7332337
1990-09-11,1.6388846710324287,0.369334412,27.7672364
1990-09-12,10.128319144248962,0.398947145,27.3973755
1990-09-13,9.097080737352371,0.379907228,28.4930606
1990-09-14,0.0,0.374862668,28.1852051
1990-09-15,2.2422909811139107,0.36169128100000003,28.7405761
1990-09-16,5.190320774912834,0.354470826,28.559423700000004
1990-09-17,1.864561129361391,0.352720641,28.6328917
1990-09-18,0.0328557938337326,0.351097108,28.3292054
1990-09-19,1.5141202807426453,0.350958253,27.922967699999997
1990-09-20,11.33097891509533,0.345787051,28.130175700000002
1990-09-21,5.18654328584671,0.343013001,28.247601299999996
1990-09-22,5.868982341140509,0.341806031,28.5194519
1990-09-23,0.6342683471739292,0.34152527099999996,28.1964355
1990-09-24,22.91708528995514,0.391720579,26.301892099999996
1990-09-25,68.52557671070099,0.392387392,26.2785278
1990-09-26,40.772080302238464,0.395993042,26.6578064
1990-09-27,9.99769937992096,0.382205201,27.872851400000002
1990-09-28,2.0798365622758865,0.39451904200000004,27.7544738
1990-09-29,20.27385401725769,0.382292173,28.1672549
1990-09-30,9.912032127380371,0.373904419,28.247436399999998
1990-10-01,1.2119739651679993,0.361965937,28.7855164
1990-10-02,1.854405041784048,0.365290833,27.9149902
1990-10-03,0.0,0.35480346799999996,28.1871767
1990-10-04,0.9599817395210264,0.338291931,28.290124600000002
1990-10-05,2.3184736371040344,0.340660093,28.044122299999998
1990-10-06,0.0,0.332623293,27.7853577
1990-10-07,0.17133532464504242,0.335176091,28.587518499999998
1990-10-08,1.4354554675519466,0.333824159,28.2963439
1990-10-09,31.00579595565796,0.426216125,25.279126
1990-10-10,39.23140811920166,0.39053192000000003,25.854364099999998
1990-10-11,14.382197141647339,0.38535308700000004,27.739691399999998
1990-10-12,16.151363730430603,0.368309019,28.1049681
1990-10-13,3.5257703065872192,0.354438779,28.6254149
1990-10-14,0.5711177587509155,0.333752443,30.167895699999995
1990-10-15,1.5786488987505436,0.312882994,30.5791381
1990-10-16,0.0,0.294609069,30.2671573
1990-10-17,0.0,0.279425048,29.5707456
1990-10-18,0.0,0.26499633899999997,29.715319899999997
1990-10-19,0.0,0.250985716,29.6455748
1990-10-20,0.0,0.238220217,29.8750428
1990-10-21,0.0,0.226325989,30.2143739
1990-10-22,0.0,0.215023803,30.357892
1990-10-23,0.0,0.204357911,30.185968000000003
1990-10-24,0.0,0.19568634099999999,30.595452799999997
1990-10-25,0.08396824076771735,0.200875856,28.4451844
1990-10-26,3.2148040533065796,0.375068663,28.3826416
1990-10-27,5.449726395308972,0.324246217,28.2816285
1990-10-28,0.0,0.301303101,29.7574097
1990-10-29,0.0,0.27666626,30.259546
1990-10-30,0.0,0.258128358,30.2363587
1990-10-31,0.0,0.24204406299999998,30.1292054
1990-11-01,0.16427896916866302,0.231729126,30.031805300000002
1990-11-02,0.0,0.21873932,29.625848400000002
1990-11-03,0.0,0.204431152,28.7949403
1990-11-04,0.0,0.19290466199999998,28.835272300000003
1990-11-05,0.0,0.18352661,29.006231800000002
1990-11-06,0.0,0.1760818475,29.2818055
1990-11-07,0.0,0.17041931,29.194329900000003
1990-11-08,0.0,0.16492004300000002,29.1051696
1990-11-09,0.0,0.16057434040000002,28.9259949
1990-11-10,0.0,0.15435638299999999,29.308648599999998
1990-11-11,0.0,0.1482284556,29.759088300000002
1990-11-12,0.0,0.14316863959999998,29.628302100000003
1990-11-13,0.0,0.13882599010000002,29.536895700000002
1990-11-14,0.0,0.1354858396,30.3733946
1990-11-15,0.0,0.13420410300000002,29.9218567
1990-11-16,0.0,0.1324798585,30.9371887
1990-11-17,0.0,0.1305694586,31.198272600000003
1990-11-18,0.15229807794094086,0.1313125624,30.9086975
1990-11-19,0.0,0.1318344116,30.812652500000002
1990-11-20,0.0,0.218869019,29.7468568
1990-11-21,0.0,0.198631288,29.947271699999998
1990-11-22,0.0,0.180400085,29.3922548
1990-11-23,0.0,0.16610260000000002,29.821551399999997
1990-11-24,0.0,0.15516815290000002,30.6594785
1990-11-25,0.0,0.147978211,30.445855800000004
1990-11-26,0.0,0.141635131,32.0674622
1990-11-27,0.0,0.1368576055,32.046295199999996
1990-11-28,0.0,0.1326873781,32.075567899999996
1990-11-29,0.0,0.12912597539999998,31.5107239
1990-11-30,0.0,0.126570129,31.6693177
1990-12-01,0.0,0.124061585,30.808990299999998
1990-12-02,0.0,0.1223464974,30.5913389
1990-12-03,0.0,0.12117004499999999,30.969586099999997
1990-12-04,0.0,0.1200485225,31.736480900000004
1990-12-05,0.0,0.1211105335,32.0639709
1990-12-06,0.0,0.1197525044,31.826666499999998
1990-12-07,0.0,0.11862029999999998,32.036676
1990-12-08,0.0,0.11850738499999999,30.8148744
1990-12-09,0.0,0.11815033,30.0504456
1990-12-10,0.0,0.1174392694,29.8134339
1990-12-11,0.0,0.11677703800000001,31.3119204
1990-12-12,0.0,0.11630401539999999,31.397247099999998
1990-12-13,0.0,0.115837097,30.865802100000003
1990-12-14,0.0,0.11544342,30.3713195
1990-12-15,0.0,0.11519317650000001,29.8309631
1990-12-16,0.0,0.1149948116,28.768170299999998
1990-12-17,0.0,0.11494445899999998,29.0286192
1990-12-18,0.0,0.1147811886,30.5318666
1990-12-19,0.0,0.11450653050000001,30.4373596
1990-12-20,0.0,0.11429290649999999,30.21568
1990-12-21,0.0,0.1141265865,30.7455629
1990-12-22,0.0,0.11399841250000001,31.561041499999998
1990-12-23,0.0,0.11387481749999999,31.3124082
1990-12-24,0.0,0.1137786851,31.0112364
1990-12-25,0.0,0.1136657717,30.885064399999997
1990-12-26,0.0,0.113589478,31.559527600000003
1990-12-27,0.0,0.11351623520000001,32.3537412
1990-12-28,0.0,0.11351013139999999,29.858746200000002
1990-12-29,0.0,0.11407623280000001,28.592364500000002
1990-12-30,0.0,0.1280822751,26.7114684
1990-12-31,0.0,0.12480774000000001,25.480548
1991-01-01,0.0,0.12211151049999999,25.0001283
1991-01-02,0.0,0.1202545169,24.6466736
1991-01-03,0.0,0.11867065400000001,27.125348000000002
1991-01-04,0.0,0.11751556540000001,28.184405500000004
1991-01-05,0.0,0.11670989940000001,28.214117499999997
1991-01-06,0.0,0.11622924750000001,27.9815733
1991-01-07,0.0,0.11575927859999999,27.871856700000002
1991-01-08,0.0,0.1153411858,28.375640800000003
1991-01-09,0.0,0.114987182,27.775640900000003
1991-01-10,0.0,0.1147216794,27.6391416
1991-01-11,0.0,0.11453246940000002,27.5675599
1991-01-12,0.0,0.114329528,27.295611400000002
1991-01-13,0.0,0.11411285549999999,28.257842900000004
1991-01-14,0.0,0.11394958429999999,29.369293199999998
1991-01-15,0.0,0.1137802116,30.0249573
1991-01-16,0.0,0.11367340150000001,29.784723000000003
1991-01-17,0.0,0.11357574399999999,30.3627991
1991-01-18,0.0,0.11350860570000001,29.185674999999996
1991-01-19,0.0,0.1133880612,31.1752744
1991-01-20,0.0,0.1132827762,31.3662414
1991-01-21,0.0,0.11323699940000001,30.567047000000002
1991-01-22,0.0,0.1131835926,31.164459
1991-01-23,0.0,0.1131423952,31.531940300000002
1991-01-24,0.0,0.11307983400000002,32.7704653
1991-01-25,0.0,0.11300659049999999,33.8838439
1991-01-26,0.0,0.11293487490000001,34.0945863
1991-01-27,0.0,0.1128860465,34.461627199999995
1991-01-28,0.0,0.11282195960000001,34.6704163
1991-01-29,0.0,0.11278533849999998,33.6567936
1991-01-30,0.0,0.11274108899999999,33.140289100000004
1991-01-31,0.0,0.1127517702,32.1487127
1991-02-01,0.0,0.1127548226,30.494268999999996
1991-02-02,0.0,0.112678527,30.0109436
1991-02-03,0.0,0.1126724237,30.171588200000002
1991-02-04,0.0,0.1126037589,31.323004200000003
1991-02-05,0.0,0.11257934519999999,32.8101383
1991-02-06,0.0,0.11257782010000002,32.5539611
1991-02-07,0.0,0.11254425139999999,32.4743714
1991-02-08,0.0,0.1125366224,33.2185607
1991-02-09,0.0,0.11248168889999999,33.6131405
1991-02-10,0.0,0.11246490499999999,33.3673401
1991-02-11,0.0,0.11246032800000001,31.1426331
1991-02-12,0.0,0.1125045787,30.925518599999997
1991-02-13,0.0,0.11242217930000001,31.2538878
1991-02-14,0.0,0.1123870841,32.5569637
1991-02-15,0.0,0.1123687742,31.544293399999997
1991-02-16,0.0,0.11235961859999999,29.872051900000002
1991-02-17,0.0,0.1123672469,28.7071839
1991-02-18,0.0,0.11234130849999999,29.761407400000003
1991-02-19,0.0,0.11232299859999999,30.5007631
1991-02-20,0.0,0.1123016365,30.4556215
1991-02-21,0.0,0.1122589115,31.7091371
1991-02-22,0.0,0.1122146607,31.881842
1991-02-23,0.0,0.11214904909999998,32.78443
1991-02-24,0.0,0.1120666499,33.2970278
1991-02-25,0.0,0.11207885749999999,32.738434
1991-02-26,0.0,0.1120346069,31.564263599999997
1991-02-27,0.0,0.11198730500000001,31.7764221
1991-02-28,0.0,0.11190948460000001,30.883111800000002
1991-03-01,0.0,0.11185913109999998,31.7082826
1991-03-02,0.0,0.1118179319,33.091461100000004
1991-03-03,0.0,0.1118103028,32.1129698
1991-03-04,0.0,0.111796568,32.133648699999995
1991-03-05,0.0,0.1119674683,32.578522
1991-03-06,0.0,0.11176300019999999,33.3510803
1991-03-07,0.0,0.11167297400000001,33.453326700000005
1991-03-08,0.0,0.1116271986,33.5615294
1991-03-09,0.0,0.1115692143,34.306305
1991-03-10,0.0,0.1115203862,34.2169008
1991-03-11,0.0,0.11145629900000001,34.281255699999996
1991-03-12,0.0,0.1113800055,34.3609921
1991-03-13,0.0,0.11128387449999999,33.9645571
1991-03-14,0.0,0.1112060544,34.7857973
1991-03-15,0.0,0.1111480716,34.9147033
1991-03-16,0.0,0.11112213239999999,35.271294999999995
1991-03-17,0.0,0.11109313940000001,35.1374575
1991-03-18,0.0,0.1110839844,35.3719791
1991-03-19,0.0,0.111039734,34.872857599999996
1991-03-20,0.0,0.111027528,35.2644588
1991-03-21,0.0,0.11100921609999999,33.567852800000004
1991-03-22,0.0,0.11094665399999999,33.1616759
1991-03-23,0.0,0.1109710693,33.1903625
1991-03-24,0.0,0.1108825688,34.7163634
1991-03-25,0.0,0.110815429,36.6591861
1991-03-26,0.0,0.11073608369999999,38.4044004
1991-03-27,0.0,0.1106582636,34.707989899999994
1991-03-28,0.0,0.110765076,36.0653867
1991-03-29,0.0,0.110752869,35.8112364
1991-03-30,0.0,0.11072692799999999,35.8576231
1991-03-31,0.0,0.1106918327,35.3594783
1991-04-01,0.0,0.11079711960000001,35.0437564
1991-04-02,0.0,0.1107513422,35.8008851
1991-04-03,0.0,0.11068267899999999,35.9635804
1991-04-04,0.0,0.11063232469999999,36.3882387
1991-04-05,0.08151014894247055,0.111021423,37.651128899999996
1991-04-06,0.0,0.1121780416,35.8009828
1991-04-07,1.7903574630618095,0.1115722667,35.809722900000004
1991-04-08,0.0,0.1113037117,35.1059633
1991-04-09,0.0,0.11127471959999999,34.9539859
1991-04-10,0.0,0.1111770625,35.1617978
1991-04-11,0.0,0.11100463940000001,35.100348
1991-04-12,0.0,0.1110229483,35.2216618
1991-04-13,0.0,0.11099548420000001,36.371344
1991-04-14,0.0,0.1109085085,36.1604551
1991-04-15,0.0,0.1108428945,36.3008359
1991-04-16,0.0,0.1107528686,37.13208590000001
1991-04-17,0.0,0.1106231687,38.7536683
1991-04-18,0.0,0.11049499599999998,38.8768126
1991-04-19,0.0,0.1104003909,36.3176328
1991-04-20,0.0,0.11011505159999999,35.665288700000005
1991-04-21,0.0,0.1099014285,35.568805100000006
1991-04-22,0.0,0.109776307,35.796295
1991-04-23,0.0,0.10977783199999999,35.6043029
1991-04-24,0.0,0.1097686766,35.6755187
1991-04-25,0.0,0.1097579948,36.654083400000005
1991-04-26,0.0,0.10970306519999999,36.3457581
1991-04-27,0.0,0.1096969615,36.3110415
1991-04-28,0.0,0.1097030645,36.2441459
1991-04-29,0.0,0.1099838263,35.5579165
1991-04-30,0.0,0.1103973388,35.3641664
1991-05-01,0.0,0.110940551,35.0971013
1991-05-02,0.0,0.11189422600000001,35.5243713
1991-05-03,0.0,0.1117721556,35.8642397
1991-05-04,0.0,0.11228637729999999,36.0325503
1991-05-05,0.0,0.11288604719999999,36.026325
1991-05-06,0.0,0.1134490955,35.9347225
1991-05-07,0.0,0.1135940554,35.837359500000005
1991-05-08,0.0,0.1139236446,36.001470499999996
1991-05-09,0.0,0.11502533100000001,35.8633358
1991-05-10,0.0,0.1169723509,36.130597
1991-05-11,0.0,0.11577758689999999,36.2421448
1991-05-12,0.0,0.11493835319999998,37.1303283
1991-05-13,0.0,0.11430206300000001,37.1084048
1991-05-14,0.0,0.1138641364,37.21802340000001
1991-05-15,0.0,0.1135070805,37.8342835
1991-05-16,0.15804168954491615,0.1132080079,37.859234900000004
1991-05-17,0.0,0.1130264291,38.406256
1991-05-18,0.0,0.11327819780000001,37.0616513
1991-05-19,0.0,0.113072204,37.8983455
1991-05-20,0.0,0.1132080079,37.3606752
1991-05-21,0.0,0.11300353960000001,37.0896056
1991-05-22,0.0,0.1128768921,37.0514954
1991-05-23,0.0,0.1135330202,37.336187699999996
1991-05-24,0.0,0.1136032114,36.471539
1991-05-25,0.0,0.11620788600000001,36.1224181
1991-05-26,0.0,0.11722869799999999,36.874689000000004
1991-05-27,0.0,0.1182647721,36.1481014
1991-05-28,0.0,0.1167633055,36.6759339
1991-05-29,0.0,0.11587982239999998,38.847515900000005
1991-05-30,0.0,0.1155761724,37.5999574
1991-05-31,0.0,0.1152404785,37.5153142
1991-06-01,0.0,0.115258788,37.6668515
1991-06-02,0.0,0.1153732304,37.039044000000004
1991-06-03,4.235319152474403,0.11517334080000001,37.2631164
1991-06-04,0.0,0.11758270200000001,36.4495909
1991-06-05,0.10571610927581787,0.121482848,34.8262756
1991-06-06,17.646475791931152,0.1355575565,33.7598204
1991-06-07,50.362263202667236,0.360067751,28.469018499999997
1991-06-08,107.60646438598633,0.41220092700000005,26.509088400000003
1991-06-09,258.604944229126,0.40728149,27.7053226
1991-06-10,280.26794958114624,0.389376832,28.7326294
1991-06-11,5.128661334514618,0.377035523,30.5072326
1991-06-12,0.18438195809721947,0.359362792,30.9461243
1991-06-13,0.0,0.33835144100000003,31.1079345
1991-06-14,0.0,0.328669737,31.1112306
1991-06-15,0.0,0.32475891199999996,31.002398699999997
1991-06-16,0.0,0.322970578,30.756408600000004
1991-06-17,0.5207459442317485,0.335621644,30.206750399999997
1991-06-18,14.795792937278748,0.352009584,29.5354126
1991-06-19,10.932503819465637,0.39662323,29.1437805
1991-06-20,9.270569622516632,0.38932800300000003,29.744879200000003
1991-06-21,4.430309258401394,0.37491149900000004,30.949487299999998
1991-06-22,17.819587409496307,0.362916565,30.9769043
1991-06-23,0.43433865904808044,0.36524048,30.9322326
1991-06-24,3.6834324300289154,0.35907287600000004,30.675335699999998
1991-06-25,1.5316711068153381,0.34702453499999997,30.773004200000003
1991-06-26,0.0,0.346131894,30.0331543
1991-06-27,0.0,0.34136810300000003,30.8930907
1991-06-28,13.043229781091213,0.340417483,30.2767454
1991-06-29,19.30697923898697,0.392059327,27.5474364
1991-06-30,10.488512873649597,0.410795593,26.3173339
1991-07-01,3.4038348905742173,0.398512269,27.934851
1991-07-02,23.32365894317627,0.394448852,29.123334
1991-07-03,33.42986536026001,0.42044830199999994,27.9451234
1991-07-04,35.75763690471649,0.406082153,27.832843000000004
1991-07-05,49.15641379356384,0.398127746,29.234112399999997
1991-07-06,2.5634142458438873,0.381840513,30.021716299999998
1991-07-07,3.1990998685359955,0.388723756,29.314593600000002
1991-07-08,6.221629023551941,0.388711545,29.219921899999996
1991-07-09,2.556466668844223,0.40203399400000006,26.902270499999997
1991-07-10,13.049372255802155,0.411032105,26.5896911
1991-07-11,2.5216420739889145,0.41548919800000006,26.2869325
1991-07-12,65.63469862937927,0.40926971700000003,25.6034607
1991-07-13,129.84455490112305,0.41264801,24.905005
1991-07-14,64.90019798278809,0.41105957000000004,25.0860839
1991-07-15,52.970946311950684,0.402464295,26.548083600000002
1991-07-16,70.01178169250488,0.41347046,26.4157287
1991-07-17,91.39378356933594,0.42107238799999996,25.6867495
1991-07-18,61.04785346984863,0.393713379,26.959429999999998
1991-07-19,46.982762813568115,0.410212704,27.897363300000002
1991-07-20,13.294025659561157,0.39297027500000004,28.997454800000003
1991-07-21,18.56553554534912,0.402168276,27.235455
1991-07-22,18.740839779376984,0.416557314,26.748022400000004
1991-07-23,6.114031493663788,0.401316833,26.688537500000002
1991-07-24,11.12475311756134,0.400050357,26.2123474
1991-07-25,17.056034684181213,0.411027527,25.761517400000002
1991-07-26,40.83479166030884,0.418794251,25.0796327
1991-07-27,99.87819290161133,0.43141784899999996,24.7410705
1991-07-28,138.6074333190918,0.40338440200000003,25.9256899
1991-07-29,16.214515805244446,0.399501039,27.306707799999998
1991-07-30,22.670095324516296,0.393830872,27.0899535
1991-07-31,7.670072674751282,0.405955508,27.2079344
1991-08-01,7.155345678329468,0.40949554499999996,27.929205200000002
1991-08-02,10.51193106174469,0.395738219,28.121954499999998
1991-08-03,11.75064742565155,0.389993288,28.219879300000002
1991-08-04,6.245232105255127,0.397500609,27.373809899999998
1991-08-05,11.198782563209534,0.40689849899999997,26.853997399999997
1991-08-06,15.456866025924683,0.40038147100000004,27.2608949
1991-08-07,24.083423614501953,0.39264679199999997,28.211480799999997
1991-08-08,15.018303990364075,0.389825437,27.5572205
1991-08-09,12.074813604354858,0.39931488000000004,27.3752931
1991-08-10,8.51632046699524,0.393005372,27.795403900000004
1991-08-11,10.111163973808289,0.394326783,27.5848021
1991-08-12,6.157237529754639,0.379061887,28.035363699999998
1991-08-13,9.189460396766663,0.39248504500000003,25.8192077
1991-08-14,20.206475257873535,0.387791442,27.040045
1991-08-15,11.426449418067932,0.39315796000000003,26.2116639
1991-08-16,10.472849369049072,0.398464967,25.444891300000002
1991-08-17,19.94689106941223,0.403045655,25.198297
1991-08-18,8.539603650569916,0.415531924,24.666058200000002
1991-08-19,15.62561845779419,0.39715270999999996,26.5974913
1991-08-20,12.461928844451904,0.405265807,26.7700134
1991-08-21,17.296171218156815,0.396075441,27.3194394
1991-08-22,11.031175255775452,0.401983646,27.0627686
1991-08-23,16.898300647735596,0.40519714,25.959387000000003
1991-08-24,16.071555256843567,0.404074095,25.248223799999998
1991-08-25,8.978894829750061,0.399360657,26.5381105
1991-08-26,5.923677951097488,0.381173706,27.904211299999996
1991-08-27,1.5044940486550331,0.371350096,28.248022400000004
1991-08-28,1.6678669303655624,0.366094966,28.376409799999998
1991-08-29,2.850232295691967,0.363963319,28.284741099999998
1991-08-30,0.3411162681877613,0.36270751900000003,27.820538199999998
1991-08-31,1.6795774586498737,0.363215636,28.0908571
1991-09-01,14.754766702651978,0.359503175,27.4343566
1991-09-02,12.597840785980225,0.360887146,27.887677200000002
1991-09-03,9.620261251926422,0.364933776,27.907806299999997
1991-09-04,4.242971032857895,0.362728882,28.2096314
1991-09-05,2.452738732099533,0.352546692,28.490454399999997
1991-09-06,1.7537619024515152,0.351087953,28.105725200000002
1991-09-07,2.803870141506195,0.356422427,27.725238
1991-09-08,0.05711178109049795,0.357252505,28.119921899999998
1991-09-09,0.0,0.349586487,28.0541012
1991-09-10,0.4881086647510529,0.341940307,28.430084299999997
1991-09-11,0.08151014894247055,0.33495330700000003,28.811602900000004
1991-09-12,0.0,0.315068055,29.117999200000003
1991-09-13,0.0,0.29703826499999997,29.041985999999998
1991-09-14,0.0,0.283996582,29.0491027
1991-09-15,0.0,0.272050475,29.135369700000002
1991-09-16,0.0,0.272602844,28.6390686
1991-09-17,0.0,0.27645721700000003,28.330352799999996
1991-09-18,1.7160290516912937,0.305767821,28.5533997
1991-09-19,3.123284172266722,0.30629425,28.8838073
1991-09-20,0.0,0.301197814,29.2738584
1991-09-21,0.5522846728563308,0.29836731,29.172289999999997
1991-09-22,2.7903608679771423,0.30740966799999997,29.4706969
1991-09-23,0.0,0.307452389,29.880505399999997
1991-09-24,0.0,0.304270933,29.0268555
1991-09-25,0.040755074471235275,0.32811126700000004,28.7338562
1991-09-26,0.0413253903388977,0.30873718,29.5309693
1991-09-27,2.407810151576996,0.301260376,29.116265700000003
1991-09-28,0.0,0.313044734,28.790997299999997
1991-09-29,0.3045961558818817,0.288681032,29.874273499999997
1991-09-30,5.736324682831764,0.275398255,29.7984923
1991-10-01,5.51549580693245,0.262541198,29.736834700000003
1991-10-02,0.0,0.244207764,31.265777500000002
1991-10-03,0.0,0.225543214,31.2384704
1991-10-04,0.0,0.210986328,31.178155500000003
1991-10-05,0.0,0.199351502,31.173809799999997
1991-10-06,0.0,0.18955078,30.695196400000004
1991-10-07,0.0,0.1806518576,31.0806945
1991-10-08,0.0,0.172584534,30.6416321
1991-10-09,0.0,0.16679534899999998,30.814581099999998
1991-10-10,0.0,0.164231873,30.851324599999998
1991-10-11,0.0,0.1593231215,31.0238098
1991-10-12,0.0,0.1540878288,31.1157289
1991-10-13,0.0,0.149830629,31.050909400000002
1991-10-14,0.0,0.146452331,30.319927999999997
1991-10-15,0.0,0.1437362656,30.271637
1991-10-16,0.0,0.139324951,31.741143599999997
1991-10-17,4.811692446470261,0.1347763065,33.538775900000005
1991-10-18,0.0,0.1311050407,32.459235
1991-10-19,0.0,0.1291503906,32.840191499999996
1991-10-20,0.0,0.1265304568,33.6498352
1991-10-21,0.0,0.1247711195,32.5805238
1991-10-22,0.0,0.1232788086,33.3721744
1991-10-23,0.0,0.121609496,33.6091859
1991-10-24,0.0,0.12018737719999999,33.4011779
1991-10-25,0.0,0.11905975399999999,32.4718322
1991-10-26,0.0,0.1184783951,31.540289
1991-10-27,0.0,0.11772766109999999,32.522931
1991-10-28,0.0,0.11699828999999999,33.0963925
1991-10-29,0.0,0.116300964,33.0034728
1991-10-30,0.0,0.1157318104,32.684088100000004
1991-10-31,0.0,0.11526031460000001,32.5206357
1991-11-01,0.0,0.11489105159999999,32.390875
1991-11-02,0.0,0.1146484377,31.780377299999998
1991-11-03,0.0,0.1144653315,31.233014000000004
1991-11-04,0.0,0.11439209040000001,30.961285600000004
1991-11-05,0.0,0.114427185,31.3621887
1991-11-06,0.0,0.11429443400000001,31.266241700000002
1991-11-07,0.0,0.11421050969999999,30.8577696
1991-11-08,0.0,0.1141509997,30.9722231
1991-11-09,0.0,0.11404418919999999,31.363970799999997
1991-11-10,0.0,0.113964844,30.751324599999997
1991-11-11,0.0,0.11382141139999999,30.9181458
1991-11-12,0.0,0.11374511600000001,31.1746644
1991-11-13,0.0,0.1136123655,32.3502752
1991-11-14,0.0,0.11352691699999999,31.706915400000003
1991-11-15,0.0,0.1133880615,32.5377747
1991-11-16,0.0,0.11328430269999998,32.4054749
1991-11-17,0.0,0.11380767839999999,31.385089
1991-11-18,0.2665216028690338,0.126803589,28.761212
1991-11-19,0.0,0.1374786364,31.076788599999997
1991-11-20,0.0,0.13204956110000002,31.425494300000004
1991-11-21,0.0,0.1279556275,31.167974700000002
1991-11-22,0.0,0.12426452700000001,31.2838683
1991-11-23,0.0,0.1255630499,31.8334044
1991-11-24,0.0,0.12462921150000002,32.3941467
1991-11-25,0.0,0.1215011609,31.5175112
1991-11-26,0.0,0.1194915763,31.0357726
1991-11-27,0.0,0.118086242,31.6313783
1991-11-28,0.0,0.1169708246,31.232843100000004
1991-11-29,0.0,0.11622467,31.1070134
1991-11-30,0.0,0.11559448350000001,30.1504455
1991-12-01,0.0,0.1150741582,29.237823400000003
1991-12-02,0.0,0.1147171028,29.791119200000004
1991-12-03,0.0,0.1144317617,30.5821106
1991-12-04,0.0,0.114112854,32.3690247
1991-12-05,0.0,0.1138671881,31.7148009
1991-12-06,0.0,0.113662719,31.2977356
1991-12-07,0.0,0.1135238626,31.293267800000002
1991-12-08,0.0,0.11338501050000001,30.7737121
1991-12-09,0.0,0.1132919312,30.8478333
1991-12-10,0.0,0.11323547299999999,31.579644899999998
1991-12-11,0.0,0.11317291119999999,31.0557189
1991-12-12,0.0,0.1131225599,30.7707823
1991-12-13,0.0,0.113084411,30.845025399999997
1991-12-14,0.0,0.11304321269999999,30.817950500000002
1991-12-15,0.0,0.11296691889999999,30.8692445
1991-12-16,0.0,0.112948607,31.057037400000002
1991-12-17,0.0,0.11291351499999999,30.9968568
1991-12-18,0.0,0.112892152,30.9274717
1991-12-19,0.0,0.1128875721,30.1465392
1991-12-20,0.0,0.11289978,30.0161682
1991-12-21,0.0,0.11286926259999999,28.394732599999998
1991-12-22,0.0,0.112869263,28.2585511
1991-12-23,0.0,0.1128128056,28.545831299999996
1991-12-24,0.0,0.11333618279999999,27.108941599999998
1991-12-25,2.2400187961757183,0.122103881,26.816729900000002
1991-12-26,0.0,0.1196044922,26.0051453
1991-12-27,0.0,0.1179702756,26.8788144
1991-12-28,0.0,0.11682281400000001,28.7782289
1991-12-29,0.0,0.1159683215,28.195343
1991-12-30,0.0,0.1154113775,26.8924376
1991-12-31,0.0,0.1149322509,27.7723452
1992-01-01,0.0,0.1145034788,28.7914123
1992-01-02,0.0,0.1141555774,30.093951300000004
1992-01-03,0.0,0.1138977055,29.8717101
1992-01-04,0.0,0.1136978147,29.771588099999995
1992-01-05,0.0,0.1135360715,29.7377502
1992-01-06,0.0,0.11343078499999999,30.0104553
1992-01-07,0.0,0.113345337,28.9376281
1992-01-08,0.0,0.1132644652,29.741900800000003
1992-01-09,0.0,0.11321716290000002,28.808941800000003
1992-01-10,0.0,0.113162231,28.2450743
1992-01-11,0.0,0.1130630494,28.130523699999998
1992-01-12,0.0,0.112979126,30.2766417
1992-01-13,0.0,0.1129623416,30.675982899999997
1992-01-14,0.0,0.1129226681,30.898956199999997
1992-01-15,0.0,0.1128967287,30.6960757
1992-01-16,0.0,0.11283264239999999,30.6770323
1992-01-17,0.0,0.1127914423,30.928350899999998
1992-01-18,0.0,0.1127456663,32.524078200000005
1992-01-19,0.0,0.112707517,31.757647600000002
1992-01-20,0.0,0.1126892072,31.810016
1992-01-21,0.0,0.11265411489999999,31.3877748
1992-01-22,0.0,0.1126312268,30.866119500000003
1992-01-23,0.0,0.11262207070000001,31.5229551
1992-01-24,0.0,0.11257782000000001,32.1038391
1992-01-25,0.0,0.11257476930000002,32.229840100000004
1992-01-26,0.0,0.112547303,32.6969299
1992-01-27,0.0,0.1125152594,31.290020700000003
1992-01-28,0.0,0.11248016450000001,32.037994399999995
1992-01-29,0.0,0.11248321539999999,30.0703918
1992-01-30,0.0,0.11247711090000001,30.174713200000003
1992-01-31,0.0,0.1124343868,30.4871645
1992-02-01,0.0,0.1124130246,29.7528134
1992-02-02,0.0,0.1123825066,30.305352899999995
1992-02-03,0.0,0.1123596183,30.2971741
1992-02-04,0.0,0.1122131351,31.084405800000003
1992-02-05,0.0,0.11218261599999999,32.0243226
1992-02-06,0.0,0.1121612544,31.627838099999998
1992-02-07,0.0,0.1121398927,30.452423
1992-02-08,0.0,0.113175964,28.898809699999997
1992-02-09,0.0,0.1129501348,29.6308168
1992-02-10,0.0,0.1127975466,31.2952941
1992-02-11,0.0,0.11263122560000001,32.8926574
1992-02-12,0.0,0.112521362,31.8287415
1992-02-13,0.0,0.1123855584,30.226275700000002
1992-02-14,0.0,0.11229705729999999,30.029425100000005
1992-02-15,0.0,0.11227264479999999,29.481744199999998
1992-02-16,0.0,0.11224212630000001,28.982842899999998
1992-02-17,0.0,0.11318512,28.766510099999998
1992-02-18,0.0,0.1129577646,29.292340000000003
1992-02-19,0.0,0.11288757199999999,28.4380921
1992-02-20,0.0,0.11277465810000001,29.2886045
1992-02-21,0.0,0.1126190175,30.344708200000003
1992-02-22,0.0,0.11249237000000001,30.8005432
1992-02-23,0.0,0.1123992917,31.743170099999997
1992-02-24,0.0,0.11229400599999999,34.18530869999999
1992-02-25,0.0,0.1122024529,34.303277800000004
1992-02-26,0.0,0.11213836669999999,32.995855899999995
1992-02-27,0.0,0.112124633,31.5730041
1992-02-28,0.0,0.1120452881,31.421295500000003
1992-02-29,0.0,0.11188507190000001,31.520660399999997
1992-03-01,0.0,0.11183624210000001,32.9435117
1992-03-02,0.0,0.11183776949999999,33.3223697
1992-03-03,0.0,0.11179046649999999,34.139898800000005
1992-03-04,0.0,0.1117477416,33.7558656
1992-03-05,0.0,0.1117401136,32.9065491
1992-03-06,0.0,0.1116271972,32.9024965
1992-03-07,0.0,0.1115005501,31.264849700000003
1992-03-08,0.0,0.11137542739999999,32.3124574
1992-03-09,0.0,0.111276245,32.1609923
1992-03-10,0.0,0.111221313,32.1999327
1992-03-11,0.0,0.1111114504,33.5626036
1992-03-12,0.0,0.1110748282,36.178473
1992-03-13,0.0,0.11104431109999999,36.1676818
1992-03-14,0.0,0.11103057760000001,35.1949768
1992-03-15,0.0,0.11098938030000001,34.881939599999995
1992-03-16,0.0,0.11097869870000002,33.8672914
1992-03-17,0.0,0.1109146127,34.0408756
1992-03-18,0.0,0.1108810438,34.140973
1992-03-19,0.0,0.1108291643,34.528179800000004
1992-03-20,0.0,0.1107040404,34.5662171
1992-03-21,0.0,0.110612487,34.6806704
1992-03-22,0.0,0.110600279,34.9703182
1992-03-23,0.0,0.1105819705,35.75318
1992-03-24,0.0,0.1105468745,35.3260313
1992-03-25,0.0,0.1104782102,35.1713927
1992-03-26,0.0,0.1103286744,36.049469
1992-03-27,0.0,0.1102951048,36.956646899999996
1992-03-28,0.0,0.110279847,35.5352595
1992-03-29,0.0,0.1102310181,35.314605799999995
1992-03-30,0.0,0.11017913859999999,34.051178
1992-03-31,0.0,0.11008148069999998,34.5556215
1992-04-01,0.0,0.10990448059999999,33.9208067
1992-04-02,0.0,0.1097961425,34.480475
1992-04-03,0.0,0.1096588133,33.7005674
1992-04-04,0.0,0.1095397954,33.8938537
1992-04-05,0.0,0.1095977779,34.2276917
1992-04-06,0.0,0.109802247,35.508844499999995
1992-04-07,0.0,0.109599304,35.7822325
1992-04-08,0.0,0.10955200170000001,34.903008799999995
1992-04-09,0.0,0.10994567829999999,34.945684899999996
1992-04-10,0.0,0.1098587034,35.2716126
1992-04-11,0.0,0.10978698710000001,34.1603576
1992-04-12,0.0,0.10972595300000001,34.8131168
1992-04-13,0.0,0.1096557618,36.3109435
1992-04-14,0.0,0.10958252050000002,37.0993713
1992-04-15,0.0,0.1095230092,37.1398502
1992-04-16,0.0,0.10946350149999999,36.608356
1992-04-17,0.0,0.1094268796,35.8577698
1992-04-18,0.0,0.1093948347,34.8679502
1992-04-19,0.0,0.10933227640000001,35.008966
1992-04-20,0.0,0.10918731649999999,35.9191463
1992-04-21,0.0,0.1091583255,35.5823794
1992-04-22,0.0,0.1091262806,35.561334099999996
1992-04-23,0.0,0.10906372049999999,35.0542784
1992-04-24,0.0,0.1089691164,35.7651429
1992-04-25,0.0,0.1089355474,35.776276
1992-04-26,0.0,0.10878143339999999,35.5599184
1992-04-27,0.0,0.10868682839999999,35.776202
1992-04-28,0.0,0.10855255109999999,35.0454409
1992-04-29,0.0,0.1084152215,36.736236299999995
1992-04-30,0.0,0.108387757,37.2868223
1992-05-01,0.0,0.1083831788,36.455988
1992-05-02,0.0,0.1083145146,36.0751035
1992-05-03,0.0,0.10843048120000001,35.3492493
1992-05-04,0.0,0.1085556025,35.6287904
1992-05-05,0.0,0.1085037236,36.5254704
1992-05-06,0.0,0.108406067,38.784234600000005
1992-05-07,0.0,0.1083511355,38.0669257
1992-05-08,0.0,0.108319092,37.1441465
1992-05-09,0.0,0.1082565315,36.5815973
1992-05-10,0.0,0.1083267212,36.2279607
1992-05-11,0.0,0.1085861216,36.7533508
1992-05-12,0.0,0.1084579475,36.8377258
1992-05-13,0.0,0.1083602894,38.2616763
1992-05-14,0.0,0.1083343506,37.730499
1992-05-15,0.0,0.10832366959999999,36.6838928
1992-05-16,0.0,0.1083999631,36.4066225
1992-05-17,0.0,0.1085449216,35.821198
1992-05-18,0.0,0.1088577262,35.3232484
1992-05-19,0.0,0.1093261708,35.151544200000004
1992-05-20,0.0,0.11003570599999998,34.7002012
1992-05-21,0.0,0.11060333250000001,35.8020081
1992-05-22,0.0,0.1115127578,35.9012509
1992-05-23,0.0,0.1122634879,35.8546695
1992-05-24,0.0,0.11467285060000001,34.6141664
1992-05-25,0.0,0.11564636219999999,34.820563
1992-05-26,0.0,0.1156204238,34.4143862
1992-05-27,0.0,0.1173507685,34.4022279
1992-05-28,0.0,0.11826934730000001,34.9845765
1992-05-29,0.0,0.11708679200000001,36.3858949
1992-05-30,0.0,0.1171630861,36.294537500000004
1992-05-31,0.0,0.116224671,36.7154113
1992-06-01,0.0,0.11550750800000001,36.4071104
1992-06-02,0.0,0.1153106698,35.5790102
1992-06-03,0.0,0.11517486619999999,37.1635068
1992-06-04,0.0,0.11455993639999999,37.1782533
1992-06-05,0.0,0.1144760137,37.0295228
1992-06-06,0.0,0.11418609660000001,36.369561700000006
1992-06-07,0.0,0.11389465300000001,36.4454654
1992-06-08,0.0,0.1135955796,36.7577207
1992-06-09,0.0,0.11338043309999998,36.93154869999999
1992-06-10,0.0,0.1134887685,37.1273503
1992-06-11,0.0,0.1145126334,36.6137022
1992-06-12,0.0,0.11455993540000001,36.7765196
1992-06-13,0.0,0.11559295650000001,35.8743715
1992-06-14,0.0,0.11625824040000002,36.093463400000005
1992-06-15,0.0,0.12266387860000001,36.1707577
1992-06-16,1.0633375197649002,0.1753723145,31.681854199999997
1992-06-17,2.4174751341342926,0.262852481,30.5088196
1992-06-18,0.5659361332654953,0.23756408499999998,32.508184899999996
1992-06-19,10.152965508401394,0.257722473,30.958258
1992-06-20,25.81459093093872,0.41194610200000004,26.404058699999997
1992-06-21,15.447110891342163,0.41143951,24.8041807
1992-06-22,44.03279972076416,0.41533660999999994,26.0967651
1992-06-23,44.06401073932648,0.379043579,28.5470094
1992-06-24,9.28404552862048,0.381605531,28.3190674
1992-06-25,1.2520630732178688,0.36545868000000004,30.285546699999998
1992-06-26,1.6961693465709686,0.367443848,28.8588074
1992-06-27,2.169784337282181,0.36244964300000004,29.622015599999997
1992-06-28,2.5245638489723206,0.364265444,29.3518125
1992-06-29,5.331583201885223,0.353587343,29.8587767
1992-06-30,2.2254589647054672,0.354205323,29.6040344
1992-07-01,2.8553407341241837,0.347875973,29.9370669
1992-07-02,0.0,0.33511657499999997,30.3149965
1992-07-03,0.3266081362962723,0.323240659,30.737823600000002
1992-07-04,0.440742701292038,0.32733764499999995,30.7047425
1992-07-05,0.2695155441761017,0.33384094200000003,30.022015699999997
1992-07-06,3.89030984044075,0.33555908199999995,30.462988000000003
1992-07-07,2.1814745403826237,0.34597015600000003,30.2412598
1992-07-08,9.388104379177094,0.335446167,29.9468569
1992-07-09,15.889183729887009,0.337734987,29.7308289
1992-07-10,5.8890790939331055,0.335534669,29.92536
1992-07-11,1.2814951837062836,0.362959288,30.0231384
1992-07-12,13.039775788784027,0.405937194,28.2660217
1992-07-13,2.9127908647060394,0.378375241,30.045263799999997
1992-07-14,12.075927257537842,0.42368164,28.8130919
1992-07-15,6.086842700839043,0.42503662000000003,28.149053900000002
1992-07-16,21.548410892486572,0.404582216,26.461114600000002
1992-07-17,74.47213077545166,0.412278746,26.4189577
1992-07-18,100.18929195404053,0.41331482199999997,25.1819396
1992-07-19,53.13368892669678,0.41570892400000004,25.4317198
1992-07-20,33.56032848358154,0.3996521,27.7677613
1992-07-21,15.480057716369629,0.395997617,27.659594600000002
1992-07-22,19.385359048843384,0.41291198500000004,26.570013799999998
1992-07-23,22.820091724395752,0.400093079,26.6923767
1992-07-24,19.00532817840576,0.413702394,26.147619600000002
1992-07-25,24.891431391239166,0.3887146,27.305291899999997
1992-07-26,5.471897065639496,0.385922243,28.979723999999997
1992-07-27,9.799729704856873,0.382203676,28.674804599999998
1992-07-28,8.34390902519226,0.398451236,26.305719
1992-07-29,9.002889633178711,0.384487917,27.885150099999997
1992-07-30,13.645104885101318,0.383969115,28.0817811
1992-07-31,6.455216407775879,0.376301574,28.295556799999996
1992-08-01,4.4988853931427,0.382882693,27.7485474
1992-08-02,27.011738538742065,0.411489866,25.1898011
1992-08-03,35.162750244140625,0.3986557,25.8472106
1992-08-04,29.322359085083008,0.385958864,26.689416599999998
1992-08-05,36.53656294941902,0.388052367,28.148028599999996
1992-08-06,3.1613798551261425,0.390533448,28.720617600000004
1992-08-07,3.3659702613949776,0.386721802,28.8378536
1992-08-08,12.686760663986206,0.397418212,27.7302733
1992-08-09,9.405599474906921,0.398287967,26.517498699999997
1992-08-10,28.057278990745544,0.40235748400000004,25.8638793
1992-08-11,110.6008768081665,0.418696595,24.555255199999998
1992-08-12,175.24121475219727,0.410476686,24.608374
1992-08-13,108.55595588684082,0.413307187,24.5202998
1992-08-14,81.75107669830322,0.41871337999999997,24.9564208
1992-08-15,69.38594722747803,0.40157928500000006,25.3996642
1992-08-16,61.82785987854004,0.423815918,24.9387758
1992-08-17,67.11669826507568,0.419903565,24.447760199999998
1992-08-18,46.06435203552246,0.40400390799999997,24.5567934
1992-08-19,4.1226043701171875,0.39066009300000004,27.2665956
1992-08-20,6.441629111766815,0.394473266,24.8177674
1992-08-21,6.318105399608612,0.388723756,25.7901793
1992-08-22,3.2463346123695374,0.382786559,26.5438904
1992-08-23,1.402133859694004,0.370550537,27.6055542
1992-08-24,0.3248776458203792,0.361950683,28.109100599999998
1992-08-25,1.9014303870499134,0.359254456,27.897241200000003
1992-08-26,6.829847991466522,0.367245485,27.857147200000004
1992-08-27,19.947877645492554,0.40528106900000005,25.5411743
1992-08-28,27.42305326461792,0.39287262,26.738604900000002
1992-08-29,8.635802030563354,0.376263428,28.4877748
1992-08-30,5.830603264272213,0.376325989,28.020214900000003
1992-08-31,10.241678953170776,0.393591309,27.3129518
1992-09-01,16.360424280166626,0.40293426400000004,25.602081199999997
1992-09-02,80.12896823883057,0.409437563,24.8348571
1992-09-03,93.07984447479248,0.403582766,26.0811889
1992-09-04,11.203645050525665,0.40858307,26.5251649
1992-09-05,29.870569705963135,0.409878541,26.1390868
1992-09-06,13.062782526016235,0.403337094,27.1761779
1992-09-07,7.958976149559021,0.407058714,25.8049438
1992-09-08,18.414725244045258,0.385267639,28.321704099999998
1992-09-09,0.0,0.371878054,28.3973816
1992-09-10,0.0,0.362014769,28.517944399999998
1992-09-11,0.0,0.351293946,28.20849
1992-09-12,0.4042733311653137,0.3404068,28.4692138
1992-09-13,4.107231795787811,0.347694398,27.9590574
1992-09-14,7.608161240816116,0.345236208,28.288135
1992-09-15,3.0033987015485764,0.340480041,28.1296264
1992-09-16,0.0,0.339489745,28.646448
1992-09-17,1.5928193852305412,0.343301393,28.2100464
1992-09-18,3.2071345448493958,0.333885193,28.6094604
1992-09-19,0.2402638792991638,0.316140746,29.290319999999998
1992-09-20,0.0,0.29772796700000004,29.345709199999998
1992-09-21,0.06727389246225357,0.281767274,29.876507600000004
1992-09-22,0.0,0.267802431,30.581341300000002
1992-09-23,0.0,0.253973388,30.451300100000005
1992-09-24,0.0,0.241612244,30.693524200000002
1992-09-25,0.0,0.229014588,30.266558800000002
1992-09-26,0.0,0.216822815,30.652984299999996
1992-09-27,0.0,0.20585784899999998,31.6726137
1992-09-28,14.507442466914654,0.202119448,31.6753723
1992-09-29,32.651227951049805,0.20216064500000003,32.2316343
1992-09-30,34.129979237914085,0.23840637299999998,32.006866200000005
1992-10-01,10.884918481111526,0.236405945,30.1178405
1992-10-02,5.711266081780195,0.222473144,30.7262389
1992-10-03,9.382024273276329,0.213783264,31.416265399999997
1992-10-04,15.373953461647032,0.199049376,31.951971300000004
1992-10-05,0.5074819549918175,0.196849059,31.0487367
1992-10-06,2.658302403986454,0.19238433900000002,31.3894835
1992-10-07,0.09518629312515257,0.1793716444,32.4735166
1992-10-08,0.0,0.16740417400000002,32.4749816
1992-10-09,0.0,0.157168581,31.872027600000003
1992-10-10,1.3619250059127808,0.23119812,27.8827943
1992-10-11,0.09518629312515257,0.273184203,28.2990296
1992-10-12,0.0,0.253898621,28.8606381
1992-10-13,0.0,0.233969116,28.9701356
1992-10-14,0.0,0.23710785099999998,28.946148599999997
1992-10-15,0.0,0.22711334499999997,28.740423399999997
1992-10-16,0.0,0.220440675,28.4533752
1992-10-17,0.0,0.21667633,28.587823500000002
1992-10-18,0.2284471243619919,0.20916748,27.865948600000003
1992-10-19,0.0,0.203504943,29.2990904
1992-10-20,0.0,0.19190216200000002,30.558429
1992-10-21,0.0,0.18071594200000002,30.729253999999997
1992-10-22,0.0,0.172908021,30.6771789
1992-10-23,0.0,0.1640975955,31.0388732
1992-10-24,0.0,0.156375122,30.259210000000003
1992-10-25,0.0,0.1493637086,29.812676900000003
1992-10-26,0.0,0.1439773546,29.9232239
1992-10-27,0.0,0.13880309959999998,30.9824767
1992-10-28,0.0,0.1334365836,32.0393615
1992-10-29,0.0,0.13012542759999998,31.5890686
1992-10-30,0.0,0.1269485471,31.2778382
1992-10-31,0.0,0.1244506844,31.326129299999998
1992-11-01,0.0,0.12242279199999999,31.620392
1992-11-02,0.0,0.12075958310000001,31.623443400000003
1992-11-03,0.0,0.11952972399999999,32.1215636
1992-11-04,0.0,0.11837768500000001,31.9829651
1992-11-05,0.0,0.1174865729,31.8920714
1992-11-06,0.0,0.116729736,32.4228088
1992-11-07,0.0,0.1161758426,31.919366200000002
1992-11-08,0.0,0.1156829823,31.5518617
1992-11-09,0.0,0.11530456600000001,32.1846009
1992-11-10,0.0,0.1149703975,32.6650939
1992-11-11,0.0,0.11471862829999999,32.593024
1992-11-12,0.0,0.1144760127,32.0159245
1992-11-13,0.0,0.1142593392,31.8907776
1992-11-14,0.0,0.1141067504,31.837969699999995
1992-11-15,0.0,0.1139801024,31.9554505
1992-11-16,0.0,0.11383056650000001,32.6474424
1992-11-17,0.0,0.11401824949999999,31.8058167
1992-11-18,0.0,0.1139999375,31.171929799999997
1992-11-19,0.0,0.11501007,30.963751300000002
1992-11-20,0.0,0.1160308834,31.199835200000003
1992-11-21,0.0,0.1161422725,31.533307100000002
1992-11-22,0.0,0.1157409662,31.407989299999997
1992-11-23,0.0,0.11507568409999999,31.146222
1992-11-24,0.0,0.11455383329999999,31.997662100000003
1992-11-25,0.0,0.1142929077,31.6727844
1992-11-26,0.0,0.11409759450000001,31.321636899999998
1992-11-27,0.0,0.1138793945,31.7168274
1992-11-28,0.0,0.1137039183,31.9567688
1992-11-29,0.0,0.1135620104,31.5425354
1992-11-30,0.0,0.1134429935,30.9802553
1992-12-01,0.0,0.1133758555,31.1426087
1992-12-02,0.0,0.1133132931,31.5248351
1992-12-03,0.0,0.11327056819999999,30.4844055
1992-12-04,0.0,0.1132110596,31.4202942
1992-12-05,0.0,0.113171387,31.151202599999998
1992-12-06,0.0,0.1131317137,32.2906313
1992-12-07,0.0,0.11308441170000001,31.723395
1992-12-08,0.0,0.11304931570000001,30.254034400000002
1992-12-09,0.0,0.1130233754,30.732989599999996
1992-12-10,0.0,0.1129745477,30.723028499999998
1992-12-11,0.0,0.1129608154,30.383648799999996
1992-12-12,0.0,0.11293029800000001,30.6410951
1992-12-13,0.0,0.11290435730000001,30.6588929
1992-12-14,0.0,0.1128677369,30.7815491
1992-12-15,0.0,0.112843322,30.9169985
1992-12-16,0.0,0.112808226,31.481061
1992-12-17,0.0,0.112794493,30.8963685
1992-12-18,0.0,0.11278686460000001,30.8639219
1992-12-19,0.0,0.1127716065,31.5027649
1992-12-20,0.0,0.1127593995,32.0972472
1992-12-21,0.0,0.112728881,32.203960900000006
1992-12-22,0.0,0.1127136227,31.6898501
1992-12-23,0.0,0.11269073510000001,32.1166806
1992-12-24,0.0,0.11265868999999999,31.5094541
1992-12-25,0.0,0.1126525875,30.2679263
1992-12-26,0.0,0.1126586915,30.025591900000002
1992-12-27,0.0,0.1126358019,30.425787300000003
1992-12-28,0.0,0.1126174923,30.389874400000004
1992-12-29,0.0,0.11258697440000001,31.276275799999997
1992-12-30,0.0,0.1125656124,31.110943400000004
1992-12-31,0.0,0.1125411978,31.5213437
1993-01-01,0.0,0.1125061023,32.2374573
1993-01-02,0.0,0.1124938955,31.641851600000003
1993-01-03,0.0,0.11247711099999999,31.998955799999997
1993-01-04,0.0,0.1124542248,31.654620899999998
1993-01-05,0.0,0.11241302449999999,32.5920716
1993-01-06,0.0,0.112437439,30.906402500000002
1993-01-07,0.0,0.1124816894,29.2232238
1993-01-08,0.0,0.1125900267,29.5117981
1993-01-09,0.0,0.1125427255,30.502032500000002
1993-01-10,0.0,0.1124664299,31.9982729
1993-01-11,0.0,0.11245880100000001,31.4038634
1993-01-12,0.0,0.112455749,30.9948303
1993-01-13,0.0,0.1124176026,30.805987500000004
1993-01-14,0.0,0.1123825056,31.6232727
1993-01-15,0.0,0.11238098190000001,30.192388900000005
1993-01-16,0.0,0.1122024546,30.150811599999997
1993-01-17,0.0,0.112197876,30.4849425
1993-01-18,0.0,0.112219238,29.4320131
1993-01-19,0.0,0.1122329702,28.9658995
1993-01-20,0.0,0.1122344966,28.150909300000002
1993-01-21,0.0,0.11222991900000001,29.1192687
1993-01-22,0.0,0.1122055056,30.5541564
1993-01-23,0.0,0.1121917727,30.4071839
1993-01-24,0.0,0.1121688842,31.753790200000005
1993-01-25,0.0,0.11212615919999999,32.2019592
1993-01-26,0.0,0.11210632300000001,32.5002504
1993-01-27,0.0,0.112063599,32.4919495
1993-01-28,0.0,0.1120513916,31.4677794
1993-01-29,0.0,0.112297058,30.792218000000002
1993-01-30,0.0,0.1122543342,31.3851134
1993-01-31,0.0,0.11215972830000001,33.3493713
1993-02-01,0.0,0.11208190820000001,34.166070500000004
1993-02-02,0.0,0.11203613319999998,33.3252993
1993-02-03,0.0,0.11199493249999999,34.2045473
1993-02-04,0.0,0.11196441669999999,33.5912169
1993-02-05,0.0,0.1119354253,33.4284245
1993-02-06,0.0,0.11191558900000001,33.458600000000004
1993-02-07,0.0,0.11189117450000001,33.2682188
1993-02-08,0.0,0.1118621822,33.239556900000004
1993-02-09,0.0,0.1118286128,34.5967833
1993-02-10,0.0,0.1117843619,35.0654358
1993-02-11,0.0,0.1118133545,31.7871643
1993-02-12,0.0,0.1117721554,34.2821349
1993-02-13,0.0,0.11172332739999999,34.6120177
1993-02-14,0.0,0.11171264600000001,33.3734924
1993-02-15,0.0,0.111701965,33.2701233
1993-02-16,0.0,0.1120483395,33.0113831
1993-02-17,0.0,0.1122650143,32.3651183
1993-02-18,0.0,0.1121414172,32.0522032
1993-02-19,0.0,0.1121643063,31.6647032
1993-02-20,0.0,0.1120315546,30.3606749
1993-02-21,0.0,0.1119461069,31.0430725
1993-02-22,0.0,0.111846924,32.3927062
1993-02-23,0.0,0.11180114599999999,31.6606021
1993-02-24,0.0,0.111753846,31.7404601
1993-02-25,0.0,0.1116363538,31.837115599999997
1993-02-26,0.0,0.11158447200000002,33.4536685
1993-02-27,0.0,0.111578369,33.1445131
1993-02-28,0.0,0.11154632639999999,31.885040300000004
1993-03-01,0.0,0.11150207549999999,32.359918199999996
1993-03-02,0.0,0.1114624018,31.883795
1993-03-03,0.0,0.1113250729,32.5620179
1993-03-04,0.0,0.1112655637,33.1519593
1993-03-05,0.0,0.1111740104,34.1741269
1993-03-06,0.0,0.1111145022,35.4304257
1993-03-07,0.0,0.1110656739,36.8207581
1993-03-08,0.0,0.111082459,35.6807188
1993-03-09,0.0,0.1113555907,34.4964416
1993-03-10,0.0,0.1147506721,34.033282400000004
1993-03-11,0.0,0.11396636899999998,33.994439899999996
1993-03-12,0.0,0.1131454465,33.6577699
1993-03-13,0.0,0.11269378690000001,32.7965146
1993-03-14,0.0,0.11410980200000001,32.7505923
1993-03-15,0.0,0.11369476469999999,33.2175112
1993-03-16,0.0,0.11316528429999999,33.383941799999995
1993-03-17,0.0,0.1127487171,35.3213442
1993-03-18,0.0,0.11244354279999999,36.093024
1993-03-19,0.0,0.11222076299999999,35.3980038
1993-03-20,0.0,0.112051392,35.1619692
1993-03-21,0.0,0.1119384761,34.1631409
1993-03-22,0.0,0.1118118294,33.837848
1993-03-23,0.0,0.1118926995,33.1764952
1993-03-24,0.0,0.11242675660000001,33.0862124
1993-03-25,0.0,0.119651795,31.5300356
1993-03-26,0.0,0.11704101549999998,31.9871889
1993-03-27,0.0,0.11567688010000002,32.879108
1993-03-28,0.0,0.11480102750000001,33.875299
1993-03-29,0.0,0.1140884405,36.6144591
1993-03-30,0.0,0.11357116689999999,36.3162171
1993-03-31,0.0,0.1132690422,34.7918516
1993-04-01,0.0,0.1130783074,34.1229556
1993-04-02,0.0,0.11286163249999999,35.0677794
1993-04-03,0.0,0.1127151496,34.528326299999996
1993-04-04,0.0,0.1126068125,34.7807679
1993-04-05,0.0,0.1124923715,35.3675353
1993-04-06,0.0,0.11240844729999999,35.4502504
1993-04-07,0.0,0.11230773940000001,34.9630923
1993-04-08,0.0,0.11219177179999999,34.3451723
1993-04-09,0.0,0.1121108999,35.2443425
1993-04-10,0.0,0.11201629630000001,34.404302799999996
1993-04-11,0.0,0.1120254514,33.223053
1993-04-12,0.0,0.11202392509999999,33.8360901
1993-04-13,0.0,0.11208190920000001,34.0609191
1993-04-14,0.0,0.11210937429999998,34.439410599999995
1993-04-15,0.0,0.11202697850000001,35.295489599999996
1993-04-16,0.0,0.11201019300000001,35.719537200000005
1993-04-17,0.0,0.11194915800000001,36.6914856
1993-04-18,0.0,0.1118957508,36.5295476
1993-04-19,0.0,0.1118408201,35.9241269
1993-04-20,0.0,0.11184845079999998,34.8523257
1993-04-21,0.0,0.1118011477,35.7635313
1993-04-22,0.0,0.11173400870000001,36.9056708
1993-04-23,0.0,0.111590575,37.6394589
1993-04-24,0.0,0.11149749820000002,36.3669007
1993-04-25,0.0,0.11137390039999999,36.7716372
1993-04-26,0.0,0.11135253860000001,36.5384827
1993-04-27,0.0,0.1113159169,37.152887199999995
1993-04-28,0.0,0.1112762445,37.4530332
1993-04-29,0.0,0.11115722749999998,37.1091857
1993-04-30,0.0,0.1111373905,37.088824699999996
1993-05-01,0.0,0.1111053466,36.6164124
1993-05-02,0.0,0.11104583729999999,36.5098938
1993-05-03,0.0,0.11114044149999999,36.4196106
1993-05-04,0.0,0.11118164150000001,36.4184623
1993-05-05,0.0,0.11140594429999999,36.143780400000004
1993-05-06,0.0,0.1114761334,36.1501285
1993-05-07,0.0,0.11136627299999999,36.0187318
1993-05-08,0.0,0.1119644162,36.285210899999996
1993-05-09,0.0,0.1118667611,36.0496157
1993-05-10,0.0,0.1116317742,36.643341
1993-05-11,0.0,0.11147155710000001,37.1079655
1993-05-12,0.0,0.1113250724,36.5992735
1993-05-13,0.0,0.111511231,36.3711975
1993-05-14,0.0,0.1114715584,36.1200506
1993-05-15,0.0,0.1117523198,36.5343568
1993-05-16,0.0,0.1126953131,36.2118715
1993-05-17,0.0,0.1135543822,36.6196835
1993-05-18,0.0,0.1144866949,36.539997
1993-05-19,0.0,0.1146560655,36.3561098
1993-05-20,0.0,0.1142532352,36.369390800000005
1993-05-21,0.0,0.1136611958,36.9002747
1993-05-22,0.0,0.1133422847,36.965679900000005
1993-05-23,0.951862931251526,0.1150405877,37.0239075
1993-05-24,0.0,0.11522674520000001,36.4616513
1993-05-25,0.0,0.1148483302,36.4982243
1993-05-26,0.0,0.11468963699999998,36.9429014
1993-05-27,0.0,0.11572876000000001,35.613434
1993-05-28,0.0,0.11700744649999999,35.6672915
1993-05-29,0.0,0.1168777476,35.2991028
1993-05-30,0.0,0.123687743,33.854840100000004
1993-05-31,0.0,0.12890777579999999,35.492364800000004
1993-06-01,0.0,0.12526245249999998,37.169366600000004
1993-06-02,0.0,0.1228225721,36.4421204
1993-06-03,0.0,0.1202545164,36.8297667
1993-06-04,0.0,0.1183944707,37.1193421
1993-06-05,0.0,0.11691742029999999,36.284137
1993-06-06,0.0,0.11672515840000001,37.412042099999994
1993-06-07,0.0,0.11655883780000001,37.2656795
1993-06-08,1.1360428296029568,0.1235260015,35.173004299999995
1993-06-09,2.210646152496338,0.14994354240000002,34.1827699
1993-06-10,5.4235266000032425,0.171391296,34.697979399999994
1993-06-11,8.154790461063385,0.19487304600000002,31.240484700000003
1993-06-12,1.0775180757045746,0.369844057,28.0830871
1993-06-13,15.557564614340665,0.37728424,27.0367188
1993-06-14,41.62063026428223,0.39512176600000004,26.642370699999997
1993-06-15,49.71941900253296,0.42320861499999995,27.2739257
1993-06-16,43.395148277282715,0.42098693899999995,25.605651899999998
1993-06-17,30.132442951202393,0.416218568,25.414776500000002
1993-06-18,63.87327575683594,0.40037231100000004,26.793579
1993-06-19,30.816529035568237,0.389431764,29.7067384
1993-06-20,0.11467343941330907,0.384280397,30.0734984
1993-06-21,0.8447161763906479,0.37261047399999997,30.6983948
1993-06-22,0.562814112752676,0.378962705,30.164239499999997
1993-06-23,0.23629795387387276,0.383563235,29.9495605
1993-06-24,4.773688524961472,0.38397522,29.591168500000002
1993-06-25,60.47125053405762,0.392393492,28.8990113
1993-06-26,27.84220552444458,0.385334778,28.6000853
1993-06-27,1.191025022417307,0.374235534,29.9774902
1993-06-28,0.6644176654517651,0.365713501,30.285522300000004
1993-06-29,1.09058490768075,0.354229736,30.4900938
1993-06-30,0.27844709157943726,0.352183534,30.551135199999997
1993-07-01,1.5407761335372925,0.35996551600000004,29.271948199999997
1993-07-02,3.0381682738661766,0.39082489000000004,27.640722599999997
1993-07-03,12.401646345853806,0.42335052400000006,26.579125799999996
1993-07-04,100.16817665100098,0.40103302,26.1746887
1993-07-05,51.35197734832764,0.40000610600000003,28.6831178
1993-07-06,19.83367419242859,0.391879272,29.523992900000003
1993-07-07,7.233843795955181,0.37136993399999996,29.735565200000003
1993-07-08,6.650695085525513,0.402713011,26.269799799999998
1993-07-09,30.5863094329834,0.417802428,25.2567203
1993-07-10,94.76543807983398,0.4174942,26.350519
1993-07-11,19.202566027641296,0.4039093,27.2057802
1993-07-12,7.2046849727630615,0.395220947,28.7292666
1993-07-13,10.382007122039795,0.389524843,27.2569581
1993-07-14,7.724682569503784,0.392291262,27.0265445
1993-07-15,27.104857444763184,0.41393432700000005,25.621630900000003
1993-07-16,61.389456272125244,0.417707827,24.9109739
1993-07-17,72.72422504425049,0.404707335,27.3447204
1993-07-18,65.85801410675049,0.386492919,29.038183600000004
1993-07-19,8.658285439014435,0.374201965,29.467266799999997
1993-07-20,14.054731845855713,0.371057128,29.7142701
1993-07-21,0.4402724765241146,0.367687987,29.810290600000002
1993-07-22,1.6358770430088043,0.360539246,29.4764706
1993-07-23,5.0203768610954285,0.357438659,29.5788942
1993-07-24,6.049074590206146,0.37135315,29.2146179
1993-07-25,17.944702744483948,0.399794006,28.054016100000002
1993-07-26,24.224958896636963,0.393000794,27.707757700000002
1993-07-27,19.417721271514893,0.385696407,27.972283800000003
1993-07-28,29.10127580165863,0.38543243499999996,28.03374
1993-07-29,66.15233516693115,0.41308898899999996,25.2763001
1993-07-30,91.72885131835938,0.40954284999999996,25.2238708
1993-07-31,92.23327612876892,0.40336914100000004,25.3337585
1993-08-01,42.69978952407837,0.40121460100000006,25.760064899999996
1993-08-02,55.66660690307617,0.385279846,27.3839295
1993-08-03,36.36052012443543,0.382737732,26.662554699999998
1993-08-04,8.376726746559143,0.387689211,26.511792000000003
1993-08-05,8.657329678535461,0.38747863699999996,26.9729005
1993-08-06,4.9689852595329285,0.38126373399999997,27.988982900000003
1993-08-07,13.980255484580994,0.383407593,28.3067076
1993-08-08,2.9782719910144806,0.38186798,28.581237799999997
1993-08-09,11.22471284866333,0.381275941,27.875976400000003
1993-08-10,6.36899733543396,0.371618652,28.113641
1993-08-11,11.115974128246307,0.393759156,26.767980799999997
1993-08-12,22.032936334609985,0.393209841,26.800451599999995
1993-08-13,10.519712507724762,0.39039001500000003,27.3532899
1993-08-14,4.480035275220871,0.39837341200000004,26.071941900000002
1993-08-15,16.305397510528564,0.399201967,26.366754300000004
1993-08-16,33.94945740699768,0.383728026,27.4363833
1993-08-17,8.923543453216553,0.38379516599999997,27.833203200000003
1993-08-18,4.431827366352081,0.38683319000000005,27.7553224
1993-08-19,7.333332061767578,0.40775909400000004,25.4040955
1993-08-20,25.94519281387329,0.401316833,25.4659729
1993-08-21,56.4874849319458,0.386528014,27.7397523
1993-08-22,8.916919022798538,0.387976074,28.208959900000004
1993-08-23,3.417888216674328,0.372842406,28.4642945
1993-08-24,6.236250877380371,0.384484865,26.887725699999997
1993-08-25,5.1237621158361435,0.382762143,26.2616395
1993-08-26,8.797140467911959,0.39086914300000003,26.5925233
1993-08-27,6.706363931298256,0.36649933,29.064556699999997
1993-08-28,4.961039051413536,0.35791473100000004,28.8968749
1993-08-29,1.8145088106393814,0.352069091,28.9919617
1993-08-30,0.4555991142988205,0.358648682,28.8741882
1993-08-31,0.6130489483475685,0.386169429,27.4016662
1993-09-01,26.561516284942627,0.397094726,26.114258
1993-09-02,73.31647682189941,0.399308779,25.4664612
1993-09-03,61.481985092163086,0.390701295,27.4535034
1993-09-04,19.059138298034668,0.39506988600000004,27.0937499
1993-09-05,11.029743671417236,0.387145996,27.6322326
1993-09-06,14.05385971069336,0.382112122,27.644055200000004
1993-09-07,26.945115566253662,0.37940521299999996,27.5687499
1993-09-08,3.3688596934080124,0.368475341,27.8604309
1993-09-09,2.7739445865154266,0.37479400700000004,26.273736300000003
1993-09-10,5.421455428004265,0.37039642700000003,27.483666799999998
1993-09-11,26.976541996002197,0.36824645899999997,27.626782400000003
1993-09-12,14.563495814800262,0.38026885899999996,26.6150817
1993-09-13,36.15465307235718,0.378369139,27.4624818
1993-09-14,24.733030796051025,0.385165406,27.876770299999997
1993-09-15,0.5482706129550934,0.390049742,26.6850527
1993-09-16,21.014133363962177,0.39957580400000003,26.978076199999997
1993-09-17,26.812158852815628,0.397569276,26.229260399999998
1993-09-18,2.0754442662000656,0.382295227,28.711303800000003
1993-09-19,0.34562264755368227,0.363354493,28.5258179
1993-09-20,2.0488014072179794,0.35753784099999997,28.1283753
1993-09-21,7.621079072356223,0.36444701900000004,27.868371500000002
1993-09-22,29.246188163757324,0.387895204,27.153998
1993-09-23,103.55628561973572,0.401763916,26.7435731
1993-09-24,20.51988995075226,0.408857728,24.8625123
1993-09-25,43.596869468688965,0.428286747,24.5927734
1993-09-26,40.97146224975586,0.41529540899999995,24.896563699999998
1993-09-27,47.01085948944092,0.392492674,26.6285706
1993-09-28,60.85656452178955,0.382954404,27.056720000000002
1993-09-29,0.0,0.363192746,28.6040772
1993-09-30,0.0,0.34299469,29.0946837
1993-10-01,0.0,0.358207703,28.5651977
1993-10-02,0.936223864555359,0.384503175,28.261425600000003
1993-10-03,1.4476642906665802,0.366661072,28.279107599999996
1993-10-04,0.8772334009408952,0.370500182,28.196100100000002
1993-10-05,1.0556221008300781,0.364595032,29.28244
1993-10-06,2.3740689754486084,0.344636536,29.405621000000004
1993-10-07,0.8488074392080307,0.32625427399999996,30.255670099999996
1993-10-08,0.0,0.30769806,30.907074
1993-10-09,0.0,0.293043518,31.1542114
1993-10-10,0.0,0.278205871,30.776104600000004
1993-10-11,0.0,0.27488708500000003,29.3291563
1993-10-12,2.786443278193474,0.33505249,29.820324600000003
1993-10-13,3.7365491539239883,0.349711608,29.1927856
1993-10-14,38.818594455718994,0.383377072,28.1369081
1993-10-15,7.762456566095353,0.37081909199999996,29.0832762
1993-10-16,13.83860194683075,0.39325409,28.414813100000003
1993-10-17,10.375074982643127,0.391227724,28.553656
1993-10-18,22.489282250404358,0.401719666,26.100677400000002
1993-10-19,27.34669542312622,0.387043762,27.032061700000003
1993-10-20,13.379321441054344,0.382728575,28.5394225
1993-10-21,1.1810789555311203,0.349870298,29.347161900000003
1993-10-22,0.0,0.36488037100000004,28.5891112
1993-10-23,0.0,0.376779176,28.137426800000004
1993-10-24,3.2230045869946484,0.36551819,27.6085875
1993-10-25,7.814244508743286,0.360139465,28.9526123
1993-10-26,0.0,0.34155121200000005,29.073327799999998
1993-10-27,0.0,0.32283019900000004,29.3267153
1993-10-28,0.0,0.306666565,30.0074524
1993-10-29,0.0,0.29315490899999996,30.4747436
1993-10-30,0.0,0.278341674,29.3048951
1993-10-31,0.0,0.26334686399999996,28.607122800000003
1993-11-01,0.0,0.24920501699999997,28.0961976
1993-11-02,0.0,0.23620452799999997,28.0546448
1993-11-03,0.0,0.224839784,27.9171694
1993-11-04,0.0,0.21469574099999997,27.9910829
1993-11-05,0.0,0.205996707,28.9791322
1993-11-06,0.0,0.196842958,29.5210997
1993-11-07,0.0,0.188157654,29.729888699999997
1993-11-08,0.0,0.17997589,29.6023255
1993-11-09,0.0,0.17243499639999998,29.224566499999998
1993-11-10,0.0,0.1646850584,29.7398013
1993-11-11,0.0,0.159199524,27.764178500000003
1993-11-12,0.0,0.1564453114,29.513531399999998
1993-11-13,0.0,0.1525985721,30.205841099999997
1993-11-14,7.921837329864502,0.1831237785,28.6997619
1993-11-15,0.0,0.186621094,28.859112600000003
1993-11-16,0.0,0.18281402559999999,29.108880900000003
1993-11-17,0.0,0.175895691,29.3455873
1993-11-18,0.0,0.172341919,29.2595029
1993-11-19,0.0,0.1675170894,30.324859600000003
1993-11-20,0.0,0.1600387572,30.9803771
1993-11-21,0.0,0.1541076664,30.6069642
1993-11-22,0.0,0.1483520504,30.5830871
1993-11-23,0.0,0.1435928355,30.942266999999998
1993-11-24,0.0,0.13881683449999999,30.8991028
1993-11-25,0.0,0.134643556,29.0866028
1993-11-26,0.0,0.13148040860000001,29.0339174
1993-11-27,0.0,0.12886810259999998,28.8693176
1993-11-28,0.0,0.1264755249,29.069464099999998
1993-11-29,0.0,0.12459258960000001,29.015606400000003
1993-11-30,0.0,0.1230102536,29.330645800000003
1993-12-01,0.0,0.12166290399999999,29.820196399999997
1993-12-02,0.0,0.12053680550000001,29.952276599999998
1993-12-03,0.0,0.11959533599999998,29.690679799999998
1993-12-04,0.0,0.1188476557,29.4220032
1993-12-05,0.0,0.1186096195,28.148675400000002
1993-12-06,0.25557110272347927,0.22048950300000003,25.1138246
1993-12-07,0.0,0.20350189400000002,28.3812072
1993-12-08,0.0,0.196099853,27.8217222
1993-12-09,0.0,0.200460814,28.553595
1993-12-10,0.0,0.184414673,29.381158399999997
1993-12-11,0.0,0.1714065555,28.9274718
1993-12-12,0.0,0.1607162475,28.6135071
1993-12-13,0.0,0.1517807014,29.2510558
1993-12-14,0.0,0.14437866100000002,29.349151499999998
1993-12-15,0.0,0.1385101325,29.2918274
1993-12-16,0.0,0.133926392,29.2257629
1993-12-17,0.0,0.1302490225,29.3203184
1993-12-18,0.0,0.1271392834,29.432696599999996
1993-12-19,0.0,0.12489929100000001,28.585259999999998
1993-12-20,0.0,0.1231506349,29.160895
1993-12-21,0.0,0.1213500968,29.985797100000003
1993-12-22,0.0,0.1199432364,30.183941700000002
1993-12-23,0.0,0.11881866429999999,30.0777163
1993-12-24,0.0,0.117941284,30.048614500000003
1993-12-25,0.0,0.11721649059999999,30.3895324
1993-12-26,0.0,0.1166213988,30.2684872
1993-12-27,0.0,0.11627502460000001,29.2140686
1993-12-28,0.0,0.11614685009999999,28.652691599999997
1993-12-29,0.0,0.11583404459999999,29.6154359
1993-12-30,0.0,0.11548004190000001,30.2626771
1993-12-31,0.0,0.11522979740000001,30.548321499999997
1994-01-01,0.0,0.1149856558,30.942535299999996
1994-01-02,0.0,0.11479949949999999,30.7887269
1994-01-03,0.0,0.1145751956,31.2034239
1994-01-04,0.0,0.1143310559,31.814922799999998
1994-01-05,0.0,0.1141769405,31.4917788
1994-01-06,0.0,0.11405639699999999,32.088043299999995
1994-01-07,0.0,0.1139099116,32.5294494
1994-01-08,0.0,0.1137573245,32.4774963
1994-01-09,0.0,0.11367492700000001,31.691265499999997
1994-01-10,0.0,0.11872711360000002,30.277179
1994-01-11,0.0,0.12012481689999999,28.664215000000002
1994-01-12,6.951185964047909,0.2075729356,27.1551208
1994-01-13,0.0,0.187886047,27.377203200000004
1994-01-14,0.0,0.17307129,26.7381899
1994-01-15,0.0,0.16084136999999998,25.631939699999997
1994-01-16,0.0,0.150682067,27.9530334
1994-01-17,0.0,0.1428207386,28.96756
1994-01-18,0.0,0.13748474,28.529742399999996
1994-01-19,0.0,0.1330947875,27.8471007
1994-01-20,0.0,0.1288360598,28.266168
1994-01-21,0.0,0.12538604660000002,30.002032500000002
1994-01-22,0.0,0.12322845460000001,30.417242499999997
1994-01-23,0.0,0.121331784,30.525323500000002
1994-01-24,0.0,0.1196487432,32.135357899999995
1994-01-25,0.0,0.1182678232,33.5239805
1994-01-26,0.0,0.1173477182,32.3325254
1994-01-27,0.0,0.116415405,33.5726133
1994-01-28,0.0,0.1156646715,33.3693915
1994-01-29,0.0,0.11515960709999999,31.4494445
1994-01-30,0.0,0.11473541179999999,28.915679899999997
1994-01-31,0.0,0.1144485471,29.644757
1994-02-01,0.0,0.1142288213,30.5563538
1994-02-02,0.0,0.1139480592,32.7141662
1994-02-03,0.0,0.113702393,32.5933169
1994-02-04,0.0,0.1135299679,32.3183656
1994-02-05,0.0,0.1134414678,30.872686799999997
1994-02-06,0.0,0.1133483886,31.884625300000003
1994-02-07,0.0,0.1132675178,30.473883
1994-02-08,0.0,0.1132141105,29.585259999999998
1994-02-09,0.0,0.11313323930000001,30.862066700000003
1994-02-10,0.0,0.11304321129999999,30.980255
1994-02-11,0.0,0.1130279546,29.9809385
1994-02-12,0.0,0.11298065040000001,31.071905700000002
1994-02-13,0.0,0.112953185,30.817974800000002
1994-02-14,0.0,0.11288757149999999,30.7221497
1994-02-15,0.0,0.11286315799999999,30.831451400000002
1994-02-16,0.0,0.11279602,31.877666899999998
1994-02-17,0.0,0.11273193159999999,31.327423099999997
1994-02-18,0.0,0.1127288805,31.369830200000003
1994-02-19,0.0,0.11264343219999999,31.6323303
1994-02-20,0.0,0.1128997795,29.8370177
1994-02-21,0.0,0.11663208039999999,28.1792053
1994-02-22,0.0,0.11564941339999998,29.085015600000002
1994-02-23,0.0,0.11483612000000001,31.708575500000002
1994-02-24,0.0,0.11420288159999999,33.4859437
1994-02-25,0.0,0.11377563419999999,34.104058800000004
1994-02-26,0.0,0.11349182049999999,33.8378966
1994-02-27,0.0,0.1133041373,34.2919004
1994-02-28,0.0,0.11316375729999999,33.965728999999996
1994-03-01,0.0,0.11302032470000001,33.90083610000001
1994-03-02,0.0,0.11293335,33.5869689
1994-03-03,0.0,0.1128616317,34.1023501
1994-03-04,0.0,0.1127975461,34.0748108
1994-03-05,0.0,0.1127288818,34.7559143
1994-03-06,0.0,0.1126739514,34.7808163
1994-03-07,0.0,0.11260833740000001,34.791754600000004
1994-03-08,0.0,0.1125396735,35.447027500000004
1994-03-09,0.0,0.1124588017,36.042633
1994-03-10,0.0,0.1124145516,35.732183899999995
1994-03-11,0.0,0.11237945590000001,34.362750399999996
1994-03-12,0.0,0.112338257,34.5072817
1994-03-13,0.0,0.11226043599999999,35.7250548
1994-03-14,0.0,0.11221313530000002,36.0727114
1994-03-15,0.0,0.11217803929999999,35.6953675
1994-03-16,0.0,0.1121475216,35.3594299
1994-03-17,0.0,0.1121215817,35.1010804
1994-03-18,0.0,0.1122680672,35.2471742
1994-03-19,0.0,0.11221771309999999,34.6792539
1994-03-20,0.0,0.1124206544,34.0514953
1994-03-21,0.0,0.112297059,35.491803
1994-03-22,0.0,0.11216278019999999,35.8598203
1994-03-23,0.0,0.1120239252,36.1763731
1994-03-24,0.0,0.1119506844,35.3372621
1994-03-25,0.0,0.11185913219999999,36.5182676
1994-03-26,0.0,0.11180572600000001,37.1207583
1994-03-27,0.0,0.1117324834,36.0014223
1994-03-28,0.0,0.1116882329,36.4406313
1994-03-29,0.0,0.11163635300000001,37.050494400000005
1994-03-30,0.0,0.11159515359999998,36.484479
1994-03-31,0.0,0.11156005819999999,36.2741756
1994-04-01,0.0,0.11153106630000001,34.319171
1994-04-02,0.0,0.1115936273,34.2752744
1994-04-03,0.0,0.1118530271,34.2584533
1994-04-04,0.0,0.11165466259999998,35.1714171
1994-04-05,0.0,0.11154327509999999,34.561285399999996
1994-04-06,0.0,0.11155548070000001,34.8763734
1994-04-07,0.0,0.1114837648,35.404278899999994
1994-04-08,0.0,0.11139679,35.3801824
1994-04-09,0.0,0.1115905765,35.7418763
1994-04-10,0.0,0.1115447983,35.237554700000004
1994-04-11,0.0,0.1114166253,34.9793761
1994-04-12,0.0,0.11330261230000001,34.1170476
1994-04-13,0.0,0.11251983439999999,35.5591122
1994-04-14,0.0,0.1121490482,36.664874
1994-04-15,0.7082631587982178,0.1120361331,37.344537200000005
1994-04-16,0.0,0.11182708720000001,37.1929259
1994-04-17,0.0,0.1116928106,36.1647521
1994-04-18,0.0,0.1114562975,35.7026919
1994-04-19,0.0,0.1114166257,35.093170099999995
1994-04-20,0.0,0.1113845814,36.1152646
1994-04-21,0.0,0.111320495,36.237457
1994-04-22,0.0,0.1113525383,35.5049377
1994-04-23,0.0,0.1116149904,35.6134828
1994-04-24,0.0,0.111756897,35.3559632
1994-04-25,0.0,0.11186523400000001,35.58982519999999
1994-04-26,0.0,0.1118728645,35.9091855
1994-04-27,0.0,0.11171417349999999,35.9477843
1994-04-28,0.0,0.11161193929999999,35.836773199999996
1994-04-29,0.0,0.1115097054,35.3821597
1994-04-30,0.0,0.1116592411,35.502106
1994-05-01,0.0,0.1117202749,35.6583801
1994-05-02,0.0,0.1131713858,35.9143618
1994-05-03,0.0,0.11271819999999999,35.7082089
1994-05-04,0.0,0.112312317,36.3053286
1994-05-05,0.0,0.11204071010000001,36.375128000000004
1994-05-06,0.0,0.1118621832,36.0717834
1994-05-07,0.0,0.11190338159999999,36.1544737
1994-05-08,0.0,0.1121109008,35.9872861
1994-05-09,0.0,0.1124221812,34.8360901
1994-05-10,0.0,0.11770935,33.7538389
1994-05-11,0.0,0.11966094899999999,34.9510805
1994-05-12,0.0,0.11959228529999999,35.492047
1994-05-13,0.0,0.1179962151,36.16489850000001
1994-05-14,0.0,0.1163055414,37.947174000000004
1994-05-15,2.440484646707773,0.11531524600000001,36.7008608
1994-05-16,0.0,0.1148376472,35.942852099999996
1994-05-17,0.0,0.1146804816,35.7256409
1994-05-18,0.0,0.1144119271,35.6094789
1994-05-19,0.0,0.11416625929999999,36.4902647
1994-05-20,0.0,0.1139892581,36.0835997
1994-05-21,0.0,0.1137924186,36.1560608
1994-05-22,0.0,0.114318848,35.6549375
1994-05-23,0.0,0.1140731817,35.602374
1994-05-24,0.0,0.1142028821,36.0977353
1994-05-25,0.0,0.11606140139999999,36.2111875
1994-05-26,0.0,0.11730956990000001,35.908990599999996
1994-05-27,0.0,0.115908814,36.2272524
1994-05-28,0.0,0.11502075249999999,35.0352601
1994-05-29,4.151550233364105,0.1143798819,36.657696099999995
1994-05-30,0.0,0.1142028809,36.5861389
1994-05-31,0.0,0.11426544050000001,35.8903136
1994-06-01,1.402187451720238,0.11740569999999999,36.204229999999995
1994-06-02,0.0,0.1166961669,36.6372136
1994-06-03,0.0,0.1167541495,34.9235417
1994-06-04,0.0,0.1187225351,35.3827211
1994-06-05,2.911970019340515,0.1195724476,35.2580628
1994-06-06,33.57611083984375,0.26048889399999997,31.036578199999997
1994-06-07,0.7687489986419678,0.230641174,32.2089417
1994-06-08,0.0,0.21213073699999999,33.2471497
1994-06-09,0.0,0.293054198,29.832037500000002
1994-06-10,44.1205153465271,0.350038148,29.920538099999998
1994-06-11,27.227568596601486,0.397282409,26.855499200000004
1994-06-12,6.854858756065369,0.402815246,26.732556199999998
1994-06-13,61.39696645736694,0.418212892,26.157464600000004
1994-06-14,12.569583415985107,0.41280670199999997,26.301641699999998
1994-06-15,34.4867582321167,0.408708192,24.776556499999998
1994-06-16,68.18840217590332,0.42441406300000006,25.4791563
1994-06-17,9.209048956632614,0.407328797,26.4715576
1994-06-18,3.3683827333152294,0.382508851,29.145813099999998
1994-06-19,3.3854316733777523,0.381729124,29.653827
1994-06-20,4.393309950828552,0.370463559,30.0252987
1994-06-21,0.26398637518286705,0.368249518,30.0221192
1994-06-22,8.840531706809998,0.368635559,29.292810100000004
1994-06-23,6.756680190563202,0.386524967,26.0615537
1994-06-24,5.039910547435284,0.38134002699999997,26.946209599999996
1994-06-25,6.357157431542873,0.379791258,28.1666196
1994-06-26,3.9207863807678223,0.381692504,28.001824799999998
1994-06-27,4.599025636911392,0.381481935,27.186908
1994-06-28,134.79594802856445,0.382955931,28.3673645
1994-06-29,28.5678448677063,0.410798648,26.0098323
1994-06-30,12.649495720863342,0.399885559,26.5848816
1994-07-01,31.504114151000977,0.399348449,26.411474399999996
1994-07-02,20.186480045318604,0.40099792599999995,27.329931699999996
1994-07-03,6.703732013702393,0.395066833,28.090063300000004
1994-07-04,65.65553712844849,0.398124696,25.8200806
1994-07-05,56.66432523727417,0.40122985800000005,27.0368107
1994-07-06,29.966068506240845,0.394963072,28.446588199999997
1994-07-07,22.49992609024048,0.390687562,28.0286561
1994-07-08,10.844263315200806,0.399810791,27.922930700000002
1994-07-09,7.984112083911896,0.40129242000000004,25.5640379
1994-07-10,30.27270245552063,0.411920165,26.416461299999998
1994-07-11,19.0698082447052,0.40834808499999997,25.6904359
1994-07-12,142.36155128479004,0.400460816,25.0879576
1994-07-13,151.4015655517578,0.41616363500000003,24.9328551
1994-07-14,138.630464553833,0.41389312599999994,25.3639954
1994-07-15,21.242762446403503,0.404881288,27.183594
1994-07-16,12.305577635765076,0.40624389799999994,26.8836119
1994-07-17,40.99626111984253,0.416194151,27.492566
1994-07-18,10.667873859405518,0.406961059,26.1177918
1994-07-19,60.21856164932251,0.412052917,25.020623800000003
1994-07-20,66.2706127166748,0.408396914,25.606158299999997
1994-07-21,43.21335029602051,0.41769866699999997,24.678424200000002
1994-07-22,43.897098541259766,0.40985412400000004,24.7196352
1994-07-23,35.75965738296509,0.40771331699999996,25.1364988
1994-07-24,9.06858777999878,0.40490112600000006,27.019897500000003
1994-07-25,27.472655296325684,0.398442077,27.247052200000002
1994-07-26,14.62743592262268,0.395896911,27.9929078
1994-07-27,7.039703130722046,0.386793516,28.5330017
1994-07-28,7.930184841156006,0.39067230100000006,28.1743837
1994-07-29,18.385915756225586,0.398545838,27.0688169
1994-07-30,12.904198169708252,0.385643008,28.260931399999997
1994-07-31,27.83805586025119,0.37998047,28.1167053
1994-08-01,9.23071825504303,0.379434206,27.1473999
1994-08-02,8.943826675415039,0.381123353,27.0859436
1994-08-03,5.805294036865234,0.372743227,28.344348200000002
1994-08-04,5.417360097169876,0.378871155,27.2247618
1994-08-05,1.7019353359937668,0.374581911,28.1253967
1994-08-06,0.34560418128967285,0.372500611,27.9870789
1994-08-07,0.4510954059660435,0.367951963,27.8795716
1994-08-08,0.8954956978559494,0.359497071,28.326715200000002
1994-08-09,1.360837996006012,0.36400604000000003,27.9610473
1994-08-10,0.9945543594658375,0.376000972,27.300244299999996
1994-08-11,16.798640727996826,0.394621277,25.983099400000004
1994-08-12,48.79522466659546,0.403636169,26.5680051
1994-08-13,17.653863310813904,0.386410524,28.252221600000002
1994-08-14,14.988288640975952,0.393170168,28.0446412
1994-08-15,3.5315960645675664,0.37798461899999997,28.205535500000003
1994-08-16,2.5610454082489014,0.38153534,26.568298199999997
1994-08-17,10.856748580932617,0.38037872300000003,27.5280275
1994-08-18,9.790555357933044,0.397779846,26.459564399999998
1994-08-19,8.783500790596008,0.390420532,25.8279054
1994-08-20,7.424054741859436,0.38717498699999997,27.2861267
1994-08-21,10.305180668830872,0.38718871899999996,27.609338200000003
1994-08-22,5.370224118232727,0.382856751,27.832366999999998
1994-08-23,37.474843978881836,0.39931793299999996,25.3064393
1994-08-24,86.5777359008789,0.39863891799999995,25.868817
1994-08-25,14.315908551216125,0.394856261,26.4964783
1994-08-26,10.008647322654724,0.40802764700000005,24.9945494
1994-08-27,42.71649980545044,0.419212339,24.2140199
1994-08-28,55.826449394226074,0.40568999699999997,25.6380433
1994-08-29,13.243880093097687,0.401910403,26.2218078
1994-08-30,26.342957973480225,0.41280670099999994,24.604376
1994-08-31,81.18216323852539,0.424899291,24.2538756
1994-09-01,64.52614259719849,0.40528411799999997,25.3012878
1994-09-02,97.68385887145996,0.39994049400000004,26.208477499999997
1994-09-03,19.693279027938843,0.395205691,27.337109299999998
1994-09-04,15.058872938156128,0.408976746,25.354870499999997
1994-09-05,23.050827026367188,0.399671938,26.1341737
1994-09-06,17.1922105550766,0.385217283,26.703192
1994-09-07,7.144403278827667,0.40619964399999997,25.527386200000002
1994-09-08,12.42416000366211,0.39981231500000003,26.9555177
1994-09-09,9.317193388938904,0.383912657,27.5971924
1994-09-10,20.254437685012817,0.391020205,27.193865699999996
1994-09-11,15.284074783325195,0.370799257,28.3873289
1994-09-12,5.549201488494873,0.35709839,28.287658699999998
1994-09-13,0.07614903897047043,0.338923648,28.2453125
1994-09-14,0.040755074471235275,0.343885803,27.913305700000002
1994-09-15,0.040755074471235275,0.343202208,27.627130299999997
1994-09-16,9.067554354667664,0.359077455,27.5305421
1994-09-17,37.15716338157654,0.361082459,26.2722963
1994-09-18,14.17515766620636,0.36763916,26.275915500000004
1994-09-19,9.561169296503067,0.355314638,26.750219500000004
1994-09-20,8.241816461086273,0.348106384,27.167700000000004
1994-09-21,0.0,0.33003235000000003,27.516735599999997
1994-09-22,0.0,0.307888793,28.2984619
1994-09-23,0.0,0.293077088,29.0274841
1994-09-24,0.0,0.293560788,29.5716737
1994-09-25,0.0,0.287521361,28.7070862
1994-09-26,0.0,0.268650819,28.7870912
1994-09-27,0.0,0.25619506799999997,29.407855
1994-09-28,0.0,0.270085146,29.1716492
1994-09-29,10.738132640719414,0.26032867299999995,31.1715515
1994-09-30,0.0,0.238775635,30.3026063
1994-10-01,0.0,0.221704102,31.387322899999997
1994-10-02,0.0,0.21168518,30.669293
1994-10-03,0.0,0.211831666,30.557501100000003
1994-10-04,0.0,0.224252319,29.5884031
1994-10-05,16.52205191552639,0.214300536,30.8002502
1994-10-06,0.0,0.20393982,30.679376400000002
1994-10-07,0.0,0.195510864,30.985321199999998
1994-10-08,0.0,0.184379578,31.5310973
1994-10-09,0.0,0.1743331926,32.124469
1994-10-10,0.0,0.1678359975,31.360321
1994-10-11,0.0,0.1602508534,31.643341
1994-10-12,0.0,0.15517120339999999,31.024493200000002
1994-10-13,0.0,0.1628463735,30.2020568
1994-10-14,11.938029872253537,0.1839386,29.2404723
1994-10-15,3.8145220577716827,0.1761230466,29.7877137
1994-10-16,0.0,0.1650650031,30.6637268
1994-10-17,1.1045693457126617,0.15807037399999999,31.9201476
1994-10-18,0.0,0.157795716,32.0940003
1994-10-19,0.0,0.14792022700000002,32.5389467
1994-10-20,0.0,0.25145568799999996,28.2594908
1994-10-21,11.09879620373249,0.297209168,29.734747399999996
1994-10-22,17.03458398580551,0.260426332,30.1694336
1994-10-23,0.0,0.23379058800000002,30.8986266
1994-10-24,2.6845331601798534,0.208728026,30.637451
1994-10-25,0.0,0.188154602,30.8236876
1994-10-26,0.0,0.172897338,31.027752800000002
1994-10-27,0.0,0.1606597893,31.610821699999995
1994-10-28,0.0,0.1500946044,31.963165299999996
1994-10-29,0.0,0.147860719,31.003155500000002
1994-10-30,0.0,0.1672729492,30.884930500000003
1994-10-31,0.0,0.16885528600000002,31.093658299999998
1994-11-01,0.0,0.155329894,31.3341612
1994-11-02,0.0,0.145228577,31.5921938
1994-11-03,0.0,0.1382797244,31.2739563
1994-11-04,0.0,0.133222962,31.4434142
1994-11-05,0.0,0.1295455925,32.1125064
1994-11-06,0.0,0.1265563986,32.2050112
1994-11-07,6.233265675604343,0.1245346066,32.1865783
1994-11-08,0.0,0.1224960316,32.5378721
1994-11-09,0.0,0.1206741331,32.5724428
1994-11-10,0.13170139677822587,0.1193237296,31.9461731
1994-11-11,0.0,0.1183319089,31.591900599999995
1994-11-12,0.0,0.1175827027,32.4873353
1994-11-13,0.0,0.11691284049999999,32.9634826
1994-11-14,0.0,0.11820373399999999,31.580182
1994-11-15,0.0,0.1173172004,32.0990293
1994-11-16,0.0,0.11838989209999999,32.0402646
1994-11-17,0.0,0.11750030410000001,32.266632099999995
1994-11-18,0.0,0.1166305546,32.729010300000006
1994-11-19,0.0,0.1159622186,32.1902405
1994-11-20,0.0,0.1155273434,31.4394835
1994-11-21,0.0,0.1151184081,31.3591613
1994-11-22,0.0,0.11474609449999999,31.2634828
1994-11-23,0.0,0.11441955610000001,31.0864319
1994-11-24,0.0,0.1141922007,30.543096900000002
1994-11-25,0.0,0.11399536169999999,30.204547100000003
1994-11-26,0.0,0.1138549808,30.5450746
1994-11-27,0.0,0.1137329109,30.5029115
1994-11-28,0.0,0.11365356550000001,30.4664125
1994-11-29,0.0,0.11358032200000001,30.7376037
1994-11-30,0.0,0.1135360723,29.647222799999998
1994-12-01,0.0,0.1134841923,29.2596007
1994-12-02,0.0,0.1134216312,29.904156699999998
1994-12-03,0.0,0.113349915,30.748077000000002
1994-12-04,0.0,0.11325988810000001,31.198614399999997
1994-12-05,0.0,0.11320495589999999,31.626812899999997
1994-12-06,0.0,0.1131469715,30.9867006
1994-12-07,0.0,0.1131042476,30.263629400000003
1994-12-08,0.0,0.1130630488,30.3658997
1994-12-09,0.0,0.1130554208,29.138824399999997
1994-12-10,0.0,0.11304321210000001,28.7046203
1994-12-11,0.0,0.1130279539,28.2102111
1994-12-12,0.0,0.11296844400000002,28.551959399999998
1994-12-13,0.0,0.1129180914,30.3431701
1994-12-14,0.0,0.11286468590000001,29.954107599999997
1994-12-15,0.0,0.1128799444,29.3101135
1994-12-16,0.0,0.112835694,29.976251
1994-12-17,0.0,0.11282501190000001,29.7791322
1994-12-18,0.0,0.1127670291,31.265240499999997
1994-12-19,0.0,0.11274566720000001,31.454742399999997
1994-12-20,0.0,0.112698364,30.9579405
1994-12-21,0.0,0.1126663205,30.917364599999996
1994-12-22,0.0,0.1126205431,30.672442699999998
1994-12-23,0.0,0.1125900254,29.9879944
1994-12-24,0.0,0.1125717155,30.1708558
1994-12-25,0.0,0.1125595084,30.396905600000004
1994-12-26,0.0,0.11255035229999999,30.0401429
1994-12-27,0.0,0.11257934440000002,28.9807192
1994-12-28,0.0,0.11259002659999999,29.5759341
1994-12-29,0.0,0.1125579833,29.5850402
1994-12-30,0.0,0.11250915539999999,30.0262023
1994-12-31,0.0,0.11247711090000001,29.739215
1995-01-01,0.0,0.1124816886,29.502984500000004
1995-01-02,0.0,0.11247405910000001,29.9409485
1995-01-03,0.0,0.1124404908,28.4717102
1995-01-04,0.0,0.11242217880000001,28.7226868
1995-01-05,0.0,0.11241607519999999,29.751739500000003
1995-01-06,0.0,0.11249084449999999,28.651495399999998
1995-01-07,0.3304479941725731,0.1226562498,27.130816600000003
1995-01-08,0.026649249717593176,0.211894226,25.0903503
1995-01-09,0.0,0.19212036100000002,25.2163514
1995-01-10,0.0,0.174992372,26.4437194
1995-01-11,0.0,0.162159729,26.102142200000003
1995-01-12,0.0,0.151565552,27.5557436
1995-01-13,0.0,0.1427948004,28.7821839
1995-01-14,0.0,0.136683654,28.8313783
1995-01-15,0.0,0.132263183,28.7939758
1995-01-16,0.0,0.12846832400000002,27.8084291
1995-01-17,0.0,0.125419616,30.161944599999998
1995-01-18,0.0,0.1227493275,30.3373351
1995-01-19,0.0,0.120591735,29.2445619
1995-01-20,0.0,0.11904296890000002,30.170660499999997
1995-01-21,0.0,0.11777496300000001,29.8032288
1995-01-22,0.0,0.11681365830000001,30.389532600000003
1995-01-23,0.0,0.11598053059999999,29.8201963
1995-01-24,0.0,0.1152908311,30.7713684
1995-01-25,0.0,0.114784241,30.4251283
1995-01-26,0.0,0.1143783572,30.963312000000002
1995-01-27,0.0,0.11407318120000001,32.1672917
1995-01-28,0.0,0.1138229371,32.9107486
1995-01-29,0.0,0.1136062636,32.2298891
1995-01-30,0.0,0.11341857920000001,32.2171449
1995-01-31,0.0,0.11326904419999999,33.4946353
1995-02-01,0.0,0.1131896974,32.1568909
1995-02-02,0.0,0.11311798130000002,32.2110414
1995-02-03,0.0,0.11304321269999999,31.508672999999998
1995-02-04,0.0,0.1129119859,31.4464904
1995-02-05,0.0,0.1128509518,33.304058899999994
1995-02-06,0.0,0.1127944965,34.2673887
1995-02-07,0.0,0.1127349852,34.151471199999996
1995-02-08,0.0,0.1126953131,33.5581118
1995-02-09,0.0,0.11265869070000001,32.9807191
1995-02-10,0.0,0.11261138870000001,33.639264100000005
1995-02-11,0.0,0.1125961301,32.4091857
1995-02-12,0.0,0.1125793456,31.493804899999997
1995-02-13,0.0,0.11251373229999999,30.907232399999998
1995-02-14,0.0,0.1133407605,30.3609193
1995-02-15,0.0,0.11315612859999999,30.300762900000002
1995-02-16,0.0,0.1129913329,31.7571108
1995-02-17,0.0,0.11288299639999999,30.4030335
1995-02-18,0.0,0.1127838141,30.6893618
1995-02-19,0.0,0.11264800900000001,30.895391999999998
1995-02-20,0.0,0.112449646,33.042999200000004
1995-02-21,0.0,0.11240997319999999,32.8853577
1995-02-22,0.0,0.1124099722,31.6238831
1995-02-23,0.0,0.112364196,31.593633999999998
1995-02-24,0.0,0.112313843,32.4301816
1995-02-25,0.0,0.11226196270000002,32.1833555
1995-02-26,0.0,0.1122772211,30.9499328
1995-02-27,0.0,0.11389770480000001,30.7588684
1995-02-28,0.0,0.1156845092,31.3597716
1995-03-01,0.0,0.114894104,31.667877200000003
1995-03-02,0.0,0.1142791742,33.0318911
1995-03-03,0.0,0.11379699859999999,34.2672913
1995-03-04,0.0,0.11341095009999999,33.5124568
1995-03-05,0.0,0.11320648159999999,33.0567932
1995-03-06,0.0,0.11309051610000001,31.316021499999998
1995-03-07,0.0,0.1129898077,32.6318909
1995-03-08,0.0,0.11289062379999999,32.9788883
1995-03-09,0.0,0.1127944949,33.0873105
1995-03-10,0.0,0.1127105714,32.7711974
1995-03-11,0.0,0.11263122519999999,33.3777405
1995-03-12,0.0,0.1125732415,34.079986500000004
1995-03-13,0.0,0.11253814790000001,33.5353091
1995-03-14,0.0,0.11244201760000001,34.7013732
1995-03-15,0.0,0.112393188,34.4358948
1995-03-16,0.0,0.1123809817,33.7882386
1995-03-17,0.0,0.11229400599999999,34.2895568
1995-03-18,0.0,0.1122146615,33.577057100000005
1995-03-19,0.0,0.11212463450000001,34.705377299999995
1995-03-20,0.0,0.11208343409999999,36.9239319
1995-03-21,0.0,0.11200103759999999,38.1372135
1995-03-22,0.0,0.11194000200000001,36.5104061
1995-03-23,0.0,0.11191863880000001,36.3521058
1995-03-24,0.0,0.1118957509,36.6099671
1995-03-25,0.0,0.1119186391,34.065801699999994
1995-03-26,0.0,0.11190185429999999,33.0446349
1995-03-27,0.0,0.11182556159999998,33.0867249
1995-03-28,0.0,0.11183776910000001,33.3579652
1995-03-29,0.0,0.1121108999,33.0426819
1995-03-30,0.0,0.1125274651,33.431402500000004
1995-03-31,0.0,0.1126525875,33.4083313
1995-04-01,0.0,0.1129837034,33.2928529
1995-04-02,0.0,0.1126388545,35.2203675
1995-04-03,0.0,0.112290953,36.6404846
1995-04-04,0.0,0.11214141990000001,37.5470275
1995-04-05,0.0,0.11199951,36.5387754
1995-04-06,0.0,0.1119125369,34.831548899999994
1995-04-07,0.0,0.1118408201,34.1323057
1995-04-08,0.0,0.11180724959999999,34.1346007
1995-04-09,0.0,0.112562562,34.1142639
1995-04-10,0.0,0.11266021820000001,34.8370179
1995-04-11,0.0,0.1124420178,36.1917052
1995-04-12,0.0,0.11227569600000001,36.3042056
1995-04-13,0.0,0.11210937489999999,35.8334536
1995-04-14,0.0,0.1120132455,34.697809
1995-04-15,0.0,0.1119247436,34.987555
1995-04-16,0.0,0.11184234550000001,34.7560855
1995-04-17,0.0,0.111709595,35.0404362
1995-04-18,0.0,0.11164550709999999,35.9413145
1995-04-19,0.0,0.11161193840000001,37.6337462
1995-04-20,0.0,0.1115478522,37.846491
1995-04-21,0.0,0.1114944454,37.5817448
1995-04-22,0.0,0.1114044189,37.3461003
1995-04-23,0.0,0.1113449095,37.140826600000004
1995-04-24,0.0,0.1113006597,38.353375299999996
1995-04-25,0.0,0.11122436620000001,38.4121642
1995-04-26,0.0,0.1111740118,38.438434
1995-04-27,0.0,0.1111328125,39.8914613
1995-04-28,0.0,0.11160278370000001,38.5657529
1995-04-29,0.0,0.1126937863,38.2093323
1995-04-30,0.0,0.1127792356,38.692193700000004
1995-05-01,0.0,0.1123184214,38.4583073
1995-05-02,0.0,0.11199188239999999,37.2861875
1995-05-03,0.0,0.111787415,38.324811
1995-05-04,0.0,0.1116317755,38.9024967
1995-05-05,0.0,0.11151733429999999,38.8326234
1995-05-06,0.0,0.111439514,38.2171941
1995-05-07,0.0,0.11137542739999999,37.7719297
1995-05-08,0.0,0.11135864309999999,36.396173
1995-05-09,0.0,0.111344909,36.685382000000004
1995-05-10,0.0,0.11161041229999999,36.075372800000004
1995-05-11,0.0,0.113870239,34.860821400000006
1995-05-12,0.0,0.11506347759999999,33.830963100000005
1995-05-13,0.0,0.1168243404,34.020293800000005
1995-05-14,0.0,0.11674194289999999,34.5498598
1995-05-15,0.0,0.1234725955,33.047101
1995-05-16,0.0,0.12485198959999999,34.455987900000004
1995-05-17,0.0,0.122906494,34.079400699999994
1995-05-18,0.0,0.1258682234,33.9396059
1995-05-19,0.0,0.1250198377,34.8895328
1995-05-20,0.0,0.12167510919999999,35.985943400000004
1995-05-21,0.0,0.12029571450000001,35.0654357
1995-05-22,0.0,0.1184555053,34.913311900000004
1995-05-23,0.0,0.11697845250000001,35.4485172
1995-05-24,0.0,0.11578369150000001,35.7623111
1995-05-25,0.0,0.1160278326,35.7537412
1995-05-26,0.0561034046113491,0.1152847277,36.5141661
1995-05-27,0.0,0.11463775810000001,36.6135801
1995-05-28,0.0,0.1141052231,37.7993221
1995-05-29,0.0,0.11371459960000001,37.5699037
1995-05-30,0.0,0.1137039181,37.266851700000004
1995-05-31,0.0,0.1135238645,37.2022766
1995-06-01,0.0,0.1134475712,37.4620913
1995-06-02,0.0,0.1132827762,37.262847799999996
1995-06-03,0.0,0.11360778730000001,37.3012025
1995-06-04,0.0,0.1137161265,36.2309635
1995-06-05,0.0,0.113870239,36.1943422
1995-06-06,0.0,0.1145156862,36.0859195
1995-06-07,0.0,0.11452483980000001,36.263482499999995
1995-06-08,0.0,0.1163940434,36.1106019
1995-06-09,0.0,0.1177520773,35.6097961
1995-06-10,0.0,0.125289917,34.648175099999996
1995-06-11,0.0,0.1361099246,34.5018861
1995-06-12,2.1883758902549744,0.1468795764,34.2500303
1995-06-13,0.0,0.1536865244,33.7220035
1995-06-14,0.0,0.291688537,29.8018982
1995-06-15,3.01720810867846,0.328297424,31.007867599999997
1995-06-16,1.7429044377058744,0.319578552,31.2302552
1995-06-17,13.177468061447144,0.33241577099999997,30.1991089
1995-06-18,25.664193153381348,0.33548126100000003,30.4435791
1995-06-19,25.181715965270996,0.34723205300000004,30.1239014
1995-06-20,9.568850427865982,0.348611451,29.5086548
1995-06-21,11.099920943379402,0.339170838,30.2533264
1995-06-22,4.291957296431065,0.33275604200000003,31.261578299999996
1995-06-23,0.5842694789171219,0.320083618,30.932910099999997
1995-06-24,2.144133072346449,0.329179382,31.0782289
1995-06-25,10.70202962309122,0.31615753,31.001019300000003
1995-06-26,2.8812079280614853,0.336019896,29.370556599999997
1995-06-27,2.474786549806595,0.38036041200000004,28.0247682
1995-06-28,5.815957188606262,0.391361998,28.420428400000002
1995-06-29,14.614889681339264,0.37255707,29.0136475
1995-06-30,0.2064121961593628,0.35699004900000003,28.299823099999998
1995-07-01,0.10667717456817627,0.364686587,29.8530151
1995-07-02,1.2937175929546356,0.3483902,30.184845000000003
1995-07-03,2.069319449365139,0.345576478,30.5413574
1995-07-04,0.5534155815839767,0.34876861400000003,29.9920839
1995-07-05,0.3311247378587723,0.335394288,30.35249
1995-07-06,2.8406659215688705,0.327273559,30.521227900000003
1995-07-07,0.3487497270107269,0.385731504,29.283660700000002
1995-07-08,18.263763189315796,0.38445892600000003,27.315918
1995-07-09,5.232114262878895,0.394914245,28.4499269
1995-07-10,17.753843069076538,0.39364624,27.760717399999997
1995-07-11,24.54209065437317,0.40107574599999996,28.0205628
1995-07-12,26.747164011001587,0.412173459,25.3380555
1995-07-13,70.75080966949463,0.415637208,25.551367199999998
1995-07-14,54.90641117095947,0.393601988,27.133911
1995-07-15,47.8225212097168,0.40941009399999995,25.4931339
1995-07-16,76.04054594039917,0.40999756100000007,24.9638125
1995-07-17,34.60768365859985,0.398960879,26.3762269
1995-07-18,38.423786640167236,0.41031188900000004,25.3433225
1995-07-19,63.27294731140137,0.402148439,26.190429899999998
1995-07-20,62.2218017578125,0.415019227,25.7984925
1995-07-21,56.71954917907715,0.408518985,24.7739321
1995-07-22,40.88703012466431,0.41183624099999994,26.4669739
1995-07-23,22.411584973335266,0.396557618,26.852954099999998
1995-07-24,6.367173433303833,0.414332582,25.33125
1995-07-25,8.318265318870544,0.40891113399999995,24.9813049
1995-07-26,11.196561336517334,0.407414245,26.1372007
1995-07-27,25.172625243663788,0.401924134,28.704949799999998
1995-07-28,7.120592951774597,0.39767913899999996,29.279363999999998
1995-07-29,19.103227138519287,0.39669952199999997,27.0807189
1995-07-30,45.03722810745239,0.409515381,27.4675905
1995-07-31,24.703086495399475,0.40071410900000004,26.7560852
1995-08-01,82.1492691040039,0.394606019,28.099487399999997
1995-08-02,17.390758275985718,0.412980652,27.269476400000002
1995-08-03,12.915642499923706,0.390223693,27.978265599999997
1995-08-04,14.903519630432129,0.381150817,28.3676939
1995-08-05,2.1750343441963196,0.376255798,28.946044999999998
1995-08-06,1.7329215109348297,0.370576479,29.1417358
1995-08-07,2.416080415248871,0.366915891,29.115875199999998
1995-08-08,2.747461035847664,0.365547179,28.629773
1995-08-09,3.6613342314958572,0.35984802,28.5603637
1995-08-10,1.778546929359436,0.356304931,28.2329408
1995-08-11,2.1737303137779236,0.343266297,29.378784200000002
1995-08-12,3.019025504589081,0.337780763,29.5559144
1995-08-13,2.312172494828701,0.34956818,28.8184507
1995-08-14,3.8930885791778564,0.35386657699999996,28.8152098
1995-08-15,1.2725187540054321,0.355534363,28.349377500000003
1995-08-16,4.450994372367859,0.347018433,29.192120699999997
1995-08-17,0.7483427971601486,0.34215393,29.210608
1995-08-18,1.4188671857118607,0.336819458,29.313806
1995-08-19,0.4715848043560982,0.340798948,29.549286000000002
1995-08-20,1.7968401908874512,0.341397095,29.630359
1995-08-21,3.597809925675392,0.341056825,29.138372600000004
1995-08-22,6.005924969911575,0.339564515,29.460589600000002
1995-08-23,0.8809768557548524,0.336953735,29.709882
1995-08-24,0.3906220495700836,0.33912353500000003,29.60766
1995-08-25,5.024887636303902,0.34078827,29.3827334
1995-08-26,2.07491871714592,0.368527219,28.0383669
1995-08-27,12.529573202133179,0.394877624,26.558557
1995-08-28,35.06349229812622,0.394721988,27.048803599999996
1995-08-29,28.81147289276123,0.40817108199999996,25.5937499
1995-08-30,32.49742555618286,0.408422852,26.2076843
1995-08-31,35.320913314819336,0.403009033,26.1777405
1995-09-01,53.83349001407623,0.42126311899999996,25.601129300000004
1995-09-02,99.4066162109375,0.413403318,25.619806
1995-09-03,116.01289749145508,0.393421937,26.8484193
1995-09-04,3.4975186064839363,0.38696899500000004,27.010058800000003
1995-09-05,6.649801433086395,0.37646942,27.692029100000003
1995-09-06,12.22468090057373,0.38620758200000005,26.3331666
1995-09-07,11.577407658100128,0.363783263,28.614306699999997
1995-09-08,0.7936961352825165,0.355198671,28.1310608
1995-09-09,2.3214446902275085,0.34450836100000004,28.781298800000002
1995-09-10,0.2695155441761017,0.339738467,29.249829
1995-09-11,0.0,0.340055846,28.836505199999998
1995-09-12,2.1642947643995285,0.388786319,28.1417662
1995-09-13,33.491392612457275,0.40395965800000005,26.4226135
1995-09-14,41.279330253601074,0.394885253,28.2071531
1995-09-15,9.881026029586792,0.37061615,28.8175783
1995-09-16,1.5793422125279903,0.358296206,28.781836
1995-09-17,2.01616401784122,0.350683593,29.0968995
1995-09-18,0.1253507025539875,0.368957522,27.9132568
1995-09-19,1.823965311050415,0.34931641,29.119372699999996
1995-09-20,0.16140702366828918,0.33416747999999996,29.2135559
1995-09-21,0.3045961558818817,0.325178527,28.636370900000003
1995-09-22,0.565006460994482,0.326737976,28.737066700000003
1995-09-23,14.814824759960173,0.329870604,28.0297059
1995-09-24,5.24819028377533,0.32493896499999997,28.558221300000003
1995-09-25,0.26439836621284485,0.319551088,28.670489499999995
1995-09-26,1.6634927839040756,0.340065003,28.7101806
1995-09-27,12.568583726882935,0.353744506,28.9804869
1995-09-28,0.0,0.36586608899999995,28.756829800000002
1995-09-29,0.3169367015361786,0.353834533,28.922265600000003
1995-09-30,0.030273251235485073,0.386764527,28.4409667
1995-10-01,38.28922176361084,0.36105346699999996,30.2195924
1995-10-02,3.032282143831253,0.35984497,30.0280822
1995-10-03,4.997201442718506,0.364221193,29.859515599999998
1995-10-04,9.337295889854431,0.386383056,28.358056799999996
1995-10-05,17.168150424957275,0.368200686,30.1901611
1995-10-06,0.1463113985955715,0.34630432,30.5223815
1995-10-07,3.140140697360039,0.32973174800000005,31.4393619
1995-10-08,0.0,0.310076903,31.1053161
1995-10-09,0.0,0.293336488,31.3384033
1995-10-10,0.0,0.281950377,30.252649
1995-10-11,0.49118348956108093,0.299647521,30.5821592
1995-10-12,11.526143074035645,0.300317384,30.7721068
1995-10-13,0.0,0.309368892,28.451092699999997
1995-10-14,0.0,0.287213137,28.172356999999998
1995-10-15,0.0,0.284747316,28.1257752
1995-10-16,0.0,0.302401731,28.2374024
1995-10-17,0.17299000918865204,0.330262757,28.2467103
1995-10-18,0.03363694623112678,0.369892885,27.8208372
1995-10-19,9.0657419860363,0.348197935,29.185608000000002
1995-10-20,3.613450951874256,0.326583862,29.551800500000002
1995-10-21,0.0,0.30182190000000003,29.8031985
1995-10-22,0.0,0.28046112,29.904107699999997
1995-10-23,0.0,0.26398773200000003,30.5047791
1995-10-24,0.8124907873570919,0.251509094,30.4228456
1995-10-25,0.0,0.237126159,30.2503113
1995-10-26,0.0,0.223768615,30.5197327
1995-10-27,0.0,0.21117401,30.5748962
1995-10-28,0.0,0.200498962,30.4270811
1995-10-29,0.0,0.19071502950000002,30.7119935
1995-10-30,0.0,0.181631471,30.511895700000004
1995-10-31,0.0,0.174014281,30.766924999999997
1995-11-01,2.643983602523804,0.1658996586,30.620489600000003
1995-11-02,0.0,0.158009339,30.1825989
1995-11-03,0.0,0.151028442,30.2990783
1995-11-04,0.0,0.1458023064,29.908404400000002
1995-11-05,0.0,0.141542054,29.9712219
1995-11-06,0.0,0.137940979,30.222271799999998
1995-11-07,0.0,0.1345916735,30.0861877
1995-11-08,0.0,0.131846618,29.8359192
1995-11-09,0.0,0.12965393,29.13089
1995-11-10,0.0,0.1280181886,29.6911438
1995-11-11,0.0,0.12678375339999998,29.832842900000003
1995-11-12,0.0,0.1255233752,30.2922668
1995-11-13,0.0,0.12425231860000001,31.4835024
1995-11-14,0.0,0.12258605949999998,30.1754209
1995-11-15,0.0,0.1213775611,30.174883799999996
1995-11-16,0.0,0.120353699,30.3070617
1995-11-17,0.0,0.1196121214,30.1961241
1995-11-18,0.0,0.11899261539999999,30.054889000000003
1995-11-19,0.0,0.1182067862,30.5917053
1995-11-20,0.0,0.11755370949999999,30.1501037
1995-11-21,0.0,0.11712646339999999,30.6188538
1995-11-22,0.0,0.1174499514,29.6283994
1995-11-23,0.0,0.11763305640000002,30.450055100000004
1995-11-24,0.0,0.11789398200000001,30.4104309
1995-11-25,0.0,0.11723632799999999,30.729986500000003
1995-11-26,0.0,0.11675414980000001,30.646759099999997
1995-11-27,0.0,0.1164947513,29.9386048
1995-11-28,0.0,0.1162994382,29.534454399999998
1995-11-29,0.0,0.1160430909,29.567901799999998
1995-11-30,0.0,0.1157882686,30.469073400000003
1995-12-01,0.0,0.11546325710000001,30.2105528
1995-12-02,0.0,0.11525116040000001,30.005401499999998
1995-12-03,0.0,0.11506500100000001,29.562774400000002
1995-12-04,0.0,0.114874267,29.270855599999997
1995-12-05,0.0,0.11467437750000001,29.717437699999998
1995-12-06,0.0,0.11449279809999999,30.690338299999997
1995-12-07,0.0,0.114318848,31.3755678
1995-12-08,0.0,0.114169312,30.7837951
1995-12-09,0.0,0.1140457158,30.342852699999998
1995-12-10,0.0,0.11395416200000001,30.2445131
1995-12-11,0.0,0.1138565059,30.8205873
1995-12-12,0.0,0.11372528159999999,31.3414122
1995-12-13,0.0,0.1136383062,30.8783752
1995-12-14,0.0,0.113587951,30.462872599999997
1995-12-15,0.0,0.11353912390000001,30.592510700000002
1995-12-16,0.0,0.1134414665,31.128497
1995-12-17,0.0,0.11334686270000001,31.3882631
1995-12-18,0.0,0.11327361969999998,31.5301575
1995-12-19,0.0,0.11321258590000001,31.456280800000002
1995-12-20,0.0,0.1131622315,30.7619936
1995-12-21,0.0,0.11312103200000001,31.093292199999997
1995-12-22,0.0,0.11308746300000001,31.069610599999997
1995-12-23,0.0,0.11307983429999999,30.031329399999997
1995-12-24,0.0,0.11306762699999999,28.346759099999996
1995-12-25,0.0,0.11304931609999999,28.7268126
1995-12-26,0.0,0.11299896230000002,30.392730999999998
1995-12-27,0.0,0.11301879779999999,29.2939029
1995-12-28,0.0,0.1129684451,30.1409239
1995-12-29,0.0,0.1129699695,29.097027500000003
1995-12-30,0.0,0.1130416882,29.388970899999997
1995-12-31,0.0,0.1133682246,28.6875793
1996-01-01,0.0,0.1132766728,29.2642882
1996-01-02,0.0,0.1131851202,29.076763699999997
1996-01-03,0.0,0.11307373009999999,30.1478576
1996-01-04,0.0,0.1130294807,29.9426574
1996-01-05,0.0,0.1129974377,29.646783199999998
1996-01-06,0.0,0.11293792709999999,30.037335300000002
1996-01-07,0.0,0.11290283269999998,29.606573400000002
1996-01-08,0.0,0.11287689159999999,29.548639
1996-01-09,0.0,0.1128845218,29.076568400000003
1996-01-10,0.0,0.1128356932,29.820391899999997
1996-01-11,0.0,0.1127685545,31.1304504
1996-01-12,0.0,0.11268920959999999,30.5904358
1996-01-13,0.0,0.11265869099999999,29.9837707
1996-01-14,0.0,0.11275634770000001,28.700030400000003
1996-01-15,0.0,0.114170837,28.0469789
1996-01-16,0.7131130546331407,0.140208434,27.141436900000002
1996-01-17,0.0,0.1335113525,28.2273499
1996-01-18,0.0,0.12850646999999998,27.9827452
1996-01-19,0.0,0.12521209760000002,28.753814499999997
1996-01-20,0.0,0.1224533096,29.5106508
1996-01-21,0.0,0.1202285766,30.379376200000003
1996-01-22,0.0,0.118597412,30.819244200000004
1996-01-23,0.0,0.1172683715,32.086553800000004
1996-01-24,0.0,0.1161911017,32.836724600000004
1996-01-25,0.0,0.1155029303,31.6218076
1996-01-26,0.0,0.1149963386,31.611114800000003
1996-01-27,0.0,0.1146072397,31.2156071
1996-01-28,0.0,0.1142257703,32.1644352
1996-01-29,0.0,0.1139175412,32.630279200000004
1996-01-30,0.0,0.1136886601,32.9712951
1996-01-31,0.0,0.11354064950000001,31.9088438
1996-02-01,0.0,0.11342926,31.2238586
1996-02-02,0.0,0.1133239752,31.897955200000002
1996-02-03,0.0,0.11322479140000001,32.521344
1996-02-04,0.0,0.1131256106,33.1513243
1996-02-05,0.0,0.11303253180000002,34.5080135
1996-02-06,0.0,0.1129730229,33.3833556
1996-02-07,0.0,0.11289977979999999,32.7033998
1996-02-08,0.0,0.1128967282,31.109893999999997
1996-02-09,0.0,0.1128036493,30.4497864
1996-02-10,0.0,0.1127487194,30.784747399999997
1996-02-11,0.0,0.11270751949999999,31.338140600000003
1996-02-12,0.0,0.11267089879999999,32.6634096
1996-02-13,0.0,0.11264495999999999,32.2563294
1996-02-14,0.0,0.1126480106,31.9467589
1996-02-15,0.0,0.11260070790000001,32.1947324
1996-02-16,0.0,0.11257629360000002,32.4276428
1996-02-17,0.0,0.1125259405,33.1667297
1996-02-18,0.0,0.11245574920000001,36.0137267
1996-02-19,0.0,0.112417604,35.2097231
1996-02-20,0.0,0.1124038692,33.6098695
1996-02-21,0.0,0.1123947148,32.1925599
1996-02-22,0.0,0.11239929209999999,31.825958300000003
1996-02-23,0.0,0.112355041,31.5799622
1996-02-24,0.0,0.1123138431,31.703619299999996
1996-02-25,0.0,0.11235656729999999,31.387871999999998
1996-02-26,0.0,0.11380615280000002,30.5541563
1996-02-27,0.0,0.11342010549999999,31.7835752
1996-02-28,0.0,0.11315765419999999,33.2562808
1996-02-29,0.0,0.1129669193,34.0760311
1996-03-01,0.0,0.1128295899,33.6103088
1996-03-02,0.0,0.11268463150000001,34.1280334
1996-03-03,0.0,0.1125625626,35.2877989
1996-03-04,0.0,0.11245269840000001,36.3663634
1996-03-05,0.0,0.1124053965,34.829400199999995
1996-03-06,0.0,0.1123352061,34.7953678
1996-03-07,0.0,0.1122497568,35.320709199999996
1996-03-08,0.0,0.11219482489999999,35.5670958
1996-03-09,0.0,0.11213531400000001,36.1340881
1996-03-10,0.0,0.1120605465,37.2112368
1996-03-11,0.0,0.11203460650000001,33.955352700000006
1996-03-12,0.0,0.1120147703,35.3779357
1996-03-13,0.0,0.11195068379999999,36.93833600000001
1996-03-14,0.0,0.1119323726,35.9971253
1996-03-15,0.0,0.11189727629999999,34.132721200000006
1996-03-16,0.0,0.1124191269,33.8255919
1996-03-17,0.0,0.11240387,35.1472227
1996-03-18,0.0,0.1125137321,34.2768128
1996-03-19,0.0,0.11233520479999999,35.3697326
1996-03-20,0.0,0.1121948236,35.6064025
1996-03-21,0.0,0.1121154789,35.4930721
1996-03-22,0.0,0.1119964599,36.769732899999994
1996-03-23,0.0,0.11191253510000002,38.2305722
1996-03-24,0.0,0.1118209851,38.3217348
1996-03-25,0.0,0.11175537090000001,36.448785599999994
1996-03-26,0.0,0.11170806930000002,35.2632386
1996-03-27,0.0,0.1117813107,34.8911195
1996-03-28,0.0,0.11172180109999999,35.85069
1996-03-29,0.0,0.111616516,35.4273014
1996-03-30,0.0,0.1115646365,34.660894400000004
1996-03-31,0.0,0.111445617,35.6761776
1996-04-01,0.0,0.11140441910000001,36.9714904
1996-04-02,0.0,0.11135406519999999,36.5703186
1996-04-03,0.0,0.1112686158,36.3638243
1996-04-04,0.0,0.11116027800000002,34.9421448
1996-04-05,0.0,0.1111831665,34.3467342
1996-04-06,0.0,0.1111358639,35.5443907
1996-04-07,0.0,0.1110519394,37.8613829
1996-04-08,0.0,0.1109695436,37.639069
1996-04-09,0.0,0.11092987000000001,36.3765199
1996-04-10,0.0,0.11090087900000001,35.001227
1996-04-11,0.0,0.11072845469999999,34.77984
1996-04-12,0.0,0.1107101438,34.813775699999994
1996-04-13,0.0,0.1111663821,35.341608
1996-04-14,0.0,0.1118988041,36.6139706
1996-04-15,0.0,0.11158294629999999,36.1691954
1996-04-16,0.0,0.11131897040000001,35.1627502
1996-04-17,0.0,0.1114135748,34.8707338
1996-04-18,0.0,0.1115997326,35.2224669
1996-04-19,0.0,0.11143340980000001,35.463995
1996-04-20,0.0,0.1112899785,35.1092589
1996-04-21,0.0,0.11130828959999998,34.9503719
1996-04-22,0.0,0.11147766159999999,35.181915200000006
1996-04-23,0.0,0.11123504739999998,36.2670715
1996-04-24,0.0,0.11115264929999999,35.3178767
1996-04-25,0.0,0.11110687320000001,35.665069800000005
1996-04-26,0.0,0.111250305,35.569806
1996-04-27,0.0,0.11156005890000001,34.9258847
1996-04-28,0.0,0.11154937849999999,35.3136293
1996-04-29,0.0,0.11158905059999999,35.6892152
1996-04-30,0.0,0.1114547727,36.0466129
1996-05-01,0.0,0.1117248525,35.4502747
1996-05-02,0.0,0.1119888308,35.7496894
1996-05-03,0.0,0.11191558900000001,36.465948499999996
1996-05-04,0.0,0.11170196510000001,36.353326200000005
1996-05-05,0.0,0.11157074010000001,36.780694600000004
1996-05-06,0.0,0.11180419779999999,36.010967699999995
1996-05-07,0.0,0.111897277,35.8729308
1996-05-08,0.0,0.1121017465,35.144537
1996-05-09,0.0,0.1134399406,34.4042294
1996-05-10,0.0,0.1131790158,34.9419252
1996-05-11,0.0,0.1131011961,35.0879704
1996-05-12,0.0,0.11294860920000001,35.417096
1996-05-13,0.0,0.1128875724,34.7284728
1996-05-14,0.0,0.11347046000000001,35.0791568
1996-05-15,0.0,0.1137557988,35.1053282
1996-05-16,0.0,0.11365509,36.2808652
1996-05-17,0.0,0.11513519219999999,36.7362365
1996-05-18,0.0,0.1145751956,36.0788388
1996-05-19,0.0,0.114381409,35.9824767
1996-05-20,0.0,0.11467437679999999,36.1946594
1996-05-21,0.0,0.1145706182,35.9462463
1996-05-22,0.0,0.1141189571,35.518609000000005
1996-05-23,0.0,0.1138580323,36.1807916
1996-05-24,0.0,0.1140029907,35.3362852
1996-05-25,0.0,0.11378326459999999,36.5857971
1996-05-26,0.0,0.11372985899999999,37.2381898
1996-05-27,0.0,0.1143157956,35.7422912
1996-05-28,0.0,0.1148178097,35.938385
1996-05-29,0.0,0.1155364998,36.7946108
1996-05-30,0.0,0.1155776976,36.6626527
1996-05-31,0.0,0.1147171033,37.6209045
1996-06-01,0.0,0.1150100704,37.439727700000006
1996-06-02,0.0,0.11474914480000001,37.1175597
1996-06-03,0.0,0.1143142703,36.8981503
1996-06-04,0.0,0.11597442610000001,36.0929261
1996-06-05,0.0,0.11908722050000001,36.3297668
1996-06-06,0.0,0.1291778556,36.2076234
1996-06-07,0.0,0.14751129140000002,35.4904356
1996-06-08,0.07590526342391968,0.1383041386,36.084747
1996-06-09,2.7504156827926636,0.27871551499999997,32.0257876
1996-06-10,2.2382140159606934,0.281513978,30.587048199999998
1996-06-11,3.004778578877449,0.342953493,29.827569599999997
1996-06-12,7.26473555713892,0.356706237,29.6506287
1996-06-13,24.665428161621094,0.343716429,30.7221679
1996-06-14,25.017588138580322,0.380908202,31.187048299999997
1996-06-15,25.93550443649292,0.339453124,32.2142641
1996-06-16,36.83913707733154,0.312225345,31.039434999999997
1996-06-17,2.5628965049982066,0.38568268,27.0901186
1996-06-18,31.869643926620483,0.402964784,25.707818600000003
1996-06-19,36.360554218292236,0.404623415,28.2411866
1996-06-20,11.708648443222046,0.38442077399999997,29.949023699999998
1996-06-21,10.95846951007843,0.382577513,28.339135699999996
1996-06-22,5.342932820320129,0.377850342,28.0690674
1996-06-23,1.0664885677397251,0.377407834,28.6349673
1996-06-24,7.838087111711502,0.37117767500000004,28.5626711
1996-06-25,8.883238911628723,0.357055662,30.2517579
1996-06-26,0.0439070127904415,0.351937865,29.949633800000004
1996-06-27,0.0,0.34389495999999997,30.238629200000002
1996-06-28,0.0,0.346881104,29.476849400000003
1996-06-29,13.350768625736237,0.346382141,28.652484300000005
1996-06-30,7.006008088588715,0.34904632700000005,28.706384300000003
1996-07-01,15.735057383775711,0.397778321,27.3869202
1996-07-02,20.019036054611206,0.40037078700000006,27.5306519
1996-07-03,19.110615372657776,0.399885557,27.936706199999996
1996-07-04,36.7098314166069,0.382490541,28.9037171
1996-07-05,1.0735852643847466,0.366241458,29.9497743
1996-07-06,1.679421339184046,0.362710572,30.071869
1996-07-07,11.89904773235321,0.364195253,29.108709600000005
1996-07-08,16.444650262594223,0.357752994,29.1137575
1996-07-09,35.38302659988403,0.36315917799999997,29.972369300000004
1996-07-10,0.5619720779359341,0.378720092,28.837085100000003
1996-07-11,7.07171756029129,0.411585999,28.3205871
1996-07-12,32.99358832836151,0.41335754199999997,28.156976500000003
1996-07-13,24.6340194940567,0.399404907,26.744415299999996
1996-07-14,15.19306480884552,0.406944273,26.6116517
1996-07-15,58.58380484580994,0.400930788,26.092010400000003
1996-07-16,16.179588317871094,0.390412905,28.3287355
1996-07-17,37.767484188079834,0.40803527900000003,27.6660524
1996-07-18,25.744279384613037,0.42370300099999997,27.1919736
1996-07-19,69.41575241088867,0.426107787,25.1527709
1996-07-20,104.49496841430664,0.41849060099999996,24.9177429
1996-07-21,46.7740421295166,0.405947873,25.3154113
1996-07-22,154.39379692077637,0.418896485,24.643670500000002
1996-07-23,156.3120517730713,0.41032714800000003,24.643695
1996-07-24,53.20888662338257,0.399693298,25.7109924
1996-07-25,8.413369238376617,0.40492248799999997,25.5243469
1996-07-26,10.529317498207092,0.401075745,25.1906432
1996-07-27,23.97899055480957,0.41504669200000005,24.3306518
1996-07-28,17.808014273643494,0.41188811999999997,23.733038200000003
1996-07-29,18.206268668174744,0.413958738,25.798449700000003
1996-07-30,22.218610286712646,0.40058288500000006,26.773711900000002
1996-07-31,35.443580985069275,0.409962465,25.0153991
1996-08-01,17.16200852394104,0.406417847,26.514447
1996-08-02,13.088297069072723,0.401354981,26.814770600000003
1996-08-03,16.88765823841095,0.38820800499999997,27.5853025
1996-08-04,7.4703404903411865,0.386482239,27.5059815
1996-08-05,10.329230666160583,0.381829836,26.5325011
1996-08-06,8.441463828086853,0.39649810900000004,25.5650332
1996-08-07,10.990506529808044,0.396585084,26.162274200000002
1996-08-08,15.119551301002502,0.39962310900000003,25.0561159
1996-08-09,19.556753993034363,0.387863158,26.267974900000002
1996-08-10,6.690265536308289,0.38631134300000003,27.006127900000003
1996-08-11,9.370405673980713,0.382032775,28.141040099999998
1996-08-12,9.19420874118805,0.382559206,28.0191345
1996-08-13,8.225510239601135,0.38616638000000003,28.0406615
1996-08-14,10.496708452701569,0.391052247,27.926947000000002
1996-08-15,24.585800647735596,0.38789825699999997,28.026227
1996-08-16,7.9461140632629395,0.394212343,27.569836400000003
1996-08-17,14.705828547477722,0.386817931,26.826105000000002
1996-08-18,3.3096750676631927,0.375424192,28.374365
1996-08-19,25.418126225471497,0.390696717,27.8923705
1996-08-20,10.572754621505737,0.393594359,26.568047999999997
1996-08-21,10.89857304096222,0.38614501900000003,27.8325622
1996-08-22,13.75849711894989,0.381326295,28.064636200000002
1996-08-23,3.5343995690345764,0.378472901,28.346545300000002
1996-08-24,6.577393054962159,0.38317260200000003,27.9802795
1996-08-25,19.11690044403076,0.36749419899999997,28.8954224
1996-08-26,35.76742732524872,0.393327331,26.778869200000003
1996-08-27,8.61243188381195,0.416574095,24.6794983
1996-08-28,14.363003611564636,0.376150513,27.321514999999998
1996-08-29,39.93582320213318,0.39555358900000004,26.6674438
1996-08-30,61.27117443084717,0.40213165100000003,24.8439514
1996-08-31,26.369218349456787,0.38061218500000005,27.815686
1996-09-01,0.5500804483890533,0.370950319,27.8102782
1996-09-02,1.6359416395425797,0.373368833,27.0599061
1996-09-03,7.853185251355171,0.37421417300000004,27.522430500000002
1996-09-04,9.75520145893097,0.38242339999999997,28.006305100000002
1996-09-05,2.722511261701584,0.35602417,28.3317444
1996-09-06,4.6891549825668335,0.37843628100000004,26.0751098
1996-09-07,1.9998919516801834,0.388119506,26.1281432
1996-09-08,50.01980972290039,0.369335939,28.3549621
1996-09-09,11.011352807283401,0.36984252900000003,28.039789000000003
1996-09-10,32.4454243183136,0.389744568,27.7558717
1996-09-11,5.02902252599597,0.385214233,28.8109374
1996-09-12,11.724828004837036,0.374404906,28.365533199999998
1996-09-13,13.122609946876764,0.38664093099999997,28.2224305
1996-09-14,35.78219336271286,0.384272767,27.3121825
1996-09-15,20.986761689186096,0.383436583,27.7870789
1996-09-16,9.627891182899475,0.379415893,28.227459800000002
1996-09-17,10.306546077132225,0.37029724,28.2212832
1996-09-18,11.685901552438736,0.365837097,28.164453200000004
1996-09-19,10.873668909072876,0.357510376,28.0732913
1996-09-20,1.633312314748764,0.35321808,28.7643921
1996-09-21,1.0620847940444946,0.344371032,27.803918399999997
1996-09-22,1.75819131731987,0.33815307699999997,28.809539899999997
1996-09-23,14.803955554962158,0.357574463,28.385168399999998
1996-09-24,16.599687725305557,0.349887082,29.5199587
1996-09-25,0.0,0.340698242,28.778875799999998
1996-09-26,3.0585543885827065,0.338706968,29.054064900000004
1996-09-27,0.0,0.331156919,28.8296815
1996-09-28,0.0,0.32173004,28.452032600000003
1996-09-29,1.2792980372905731,0.321574399,27.884173500000003
1996-09-30,0.152523934841156,0.332780455,27.4043031
1996-10-01,0.0,0.322750856,28.546405
1996-10-02,2.881380505859852,0.35279235600000003,29.270910500000003
1996-10-03,64.54213905334473,0.418135069,26.1170166
1996-10-04,40.91539812088013,0.38231963599999996,27.8366396
1996-10-05,5.3494225442409515,0.368087768,27.899481200000004
1996-10-06,1.5915954597294333,0.35333252000000004,28.022906499999998
1996-10-07,0.0,0.344029236,28.785351600000002
1996-10-08,1.169008582830429,0.332336427,29.032721100000003
1996-10-09,0.4799908697605132,0.315324401,30.0867737
1996-10-10,0.0,0.298236081,30.1316712
1996-10-11,0.0,0.282238767,29.967047
1996-10-12,0.0,0.266380312,30.480413900000002
1996-10-13,0.0,0.25110015900000004,30.197820999999998
1996-10-14,0.0,0.23814086699999998,29.8532778
1996-10-15,0.0,0.225483704,30.198150399999996
1996-10-16,0.0,0.212825012,30.3285707
1996-10-17,0.0,0.20106659,30.417852800000002
1996-10-18,0.0,0.190426637,30.348578099999997
1996-10-19,0.0,0.181007385,30.2275694
1996-10-20,0.0,0.19299469,29.114923299999997
1996-10-21,6.420970574021339,0.344128416,27.7400999
1996-10-22,3.245414972305298,0.384629822,28.0373108
1996-10-23,25.689876556396484,0.365718079,28.0776185
1996-10-24,4.12036406993866,0.35381164200000004,27.060119800000002
1996-10-25,2.3159925788640976,0.35236816699999995,26.4886841
1996-10-26,4.676748022437096,0.330720523,26.7106447
1996-10-27,0.0,0.32084808200000003,25.876885800000004
1996-10-28,0.0,0.309103397,27.2428834
1996-10-29,0.0,0.310826109,27.192327999999996
1996-10-30,0.0,0.30085754600000003,27.6622925
1996-10-31,0.0,0.28063354500000004,27.7529969
1996-11-01,0.0,0.2644516,28.311285500000004
1996-11-02,0.0,0.250096128,28.4465149
1996-11-03,0.0,0.236691283,27.841388000000002
1996-11-04,0.0,0.224765015,27.7909361
1996-11-05,0.0,0.21433715800000003,27.9295839
1996-11-06,0.0,0.2035949714,28.124627500000003
1996-11-07,0.0,0.193862914,28.241314499999998
1996-11-08,0.0,0.186453246,28.614031899999997
1996-11-09,1.179544910788536,0.183132935,28.448150700000003
1996-11-10,0.053664132952690125,0.17813110199999999,28.457354600000002
1996-11-11,0.0,0.17293090900000002,28.4422912
1996-11-12,0.0,0.16680145200000002,28.155011100000003
1996-11-13,0.0,0.1609420771,28.349273399999998
1996-11-14,0.0,0.15535735960000002,29.453814799999996
1996-11-15,0.0,0.1490249635,29.5745423
1996-11-16,0.0,0.1436233524,28.855548
1996-11-17,0.0,0.13957977319999998,29.1581361
1996-11-18,0.0,0.136122133,29.313263
1996-11-19,0.0,0.13325958259999998,29.277984600000003
1996-11-20,0.0,0.131085206,29.3791077
1996-11-21,0.0,0.1290008534,29.590362700000004
1996-11-22,0.0,0.12722930859999998,29.7667786
1996-11-23,0.0,0.12559356559999998,30.6590149
1996-11-24,0.0,0.1241500855,30.7579162
1996-11-25,0.0,0.1229141234,30.613214199999998
1996-11-26,0.0,0.1218551635,30.411456300000005
1996-11-27,0.0,0.12087554959999999,30.021905600000004
1996-11-28,0.0,0.1200057991,30.0224427
1996-11-29,0.0,0.11935424700000001,29.745758000000002
1996-11-30,0.0,0.118826293,29.8894594
1996-12-01,0.0,0.11832427910000001,29.915728899999998
1996-12-02,0.0,0.1178771968,29.974591099999998
1996-12-03,0.0,0.1174240111,29.9540344
1996-12-04,0.0,0.1169967645,28.930719
1996-12-05,0.0,0.11672210890000001,28.767511000000002
1996-12-06,0.0,0.1164001469,29.4712465
1996-12-07,0.0,0.1160659785,29.746929599999998
1996-12-08,0.0,0.1158126835,29.6463438
1996-12-09,0.0,0.1155731207,29.4438292
1996-12-10,0.0,0.1153793331,28.967364500000002
1996-12-11,0.0,0.1151748669,29.339971900000002
1996-12-12,0.0,0.1150009161,29.2006163
1996-12-13,0.0,0.1148223875,29.990801999999995
1996-12-14,0.0,0.11463623,30.7306212
1996-12-15,0.0,0.1145156848,31.755377499999998
1996-12-16,0.0,0.114546204,31.9041562
1996-12-17,0.0,0.11459503239999999,30.6492493
1996-12-18,0.0,0.1158645622,30.9259585
1996-12-19,0.0,0.11532745439999999,31.5908509
1996-12-20,0.0,0.1149154661,31.1383606
1996-12-21,0.0,0.1146133435,30.7187075
1996-12-22,0.0,0.1144042961,30.6793762
1996-12-23,0.0,0.1142700186,30.2480045
1996-12-24,0.0,0.1141372674,30.8441955
1996-12-25,0.0,0.11399993859999999,30.8688781
1996-12-26,0.0,0.113891602,30.8061097
1996-12-27,0.0,0.11376800439999998,30.5931945
1996-12-28,0.0,0.1136535646,31.3444885
1996-12-29,0.0,0.1135711675,31.509698500000002
1996-12-30,0.0,0.1135177614,31.5949522
1996-12-31,0.0,0.11346588129999999,31.324883899999996
1997-01-01,0.0,0.1134140021,30.966632299999997
1997-01-02,0.0,0.11336059540000001,31.060528599999998
1997-01-03,0.0,0.1133361815,29.5657776
1997-01-04,0.0,0.11336059600000001,28.423199599999997
1997-01-05,0.0,0.11333618100000001,29.486456500000003
1997-01-06,0.0,0.1134109491,29.1371889
1997-01-07,0.0,0.1136459345,29.240802100000003
1997-01-08,0.0,0.1136810305,29.8609437
1997-01-09,0.0,0.11347961440000001,31.4405824
1997-01-10,0.0,0.1133468642,31.5162415
1997-01-11,0.0,0.11454772939999999,30.122369300000003
1997-01-12,0.0,0.114100647,30.5840395
1997-01-13,0.0,0.1138015755,29.9074767
1997-01-14,0.0,0.11361999520000002,29.4495181
1997-01-15,0.0,0.1134765636,28.8055725
1997-01-16,0.0,0.113345337,29.8616027
1997-01-17,0.0,0.11329650929999999,29.2573545
1997-01-18,0.0,0.11325225809999999,29.202715899999998
1997-01-19,0.0,0.1132827765,28.9650696
1997-01-20,1.259516380727291,0.14103851439999998,26.464007600000002
1997-01-21,0.0,0.134022522,26.8115296
1997-01-22,0.0,0.1284317025,29.0620178
1997-01-23,0.0,0.12440948410000001,29.407232599999997
1997-01-24,0.0,0.1217514041,29.449762099999997
1997-01-25,0.0,0.1196456905,30.418829199999998
1997-01-26,0.0,0.11817016659999999,30.686993100000002
1997-01-27,0.0,0.11723785499999999,29.885211199999997
1997-01-28,0.0,0.1164199825,30.5922914
1997-01-29,0.0,0.1157104497,30.8032044
1997-01-30,0.0,0.1151824955,29.589801299999998
1997-01-31,0.0,0.1148712159,28.207281599999998
1997-02-01,0.0,0.11456604100000001,29.0946104
1997-02-02,0.0,0.11432342440000001,29.465508999999997
1997-02-03,0.0,0.11466369750000001,29.1505921
1997-02-04,0.0,0.1143310533,29.5987367
1997-02-05,0.0,0.11404418860000001,30.6599182
1997-02-06,0.0,0.11384277400000001,30.2783753
1997-02-07,0.0,0.1136581434,30.0817202
1997-02-08,0.0,0.1135360714,29.7644347
1997-02-09,0.0,0.11379241879999999,28.441388
1997-02-10,0.0,0.11360778810000001,29.583722
1997-02-11,0.0,0.11340637249999999,31.9468321
1997-02-12,0.0,0.11325073240000001,32.732916599999996
1997-02-13,0.0,0.1131256098,32.664752
1997-02-14,0.0,0.11305236889999999,32.156548900000004
1997-02-15,0.0,0.11301117000000001,32.0023496
1997-02-16,0.0,0.1129760733,30.8388
1997-02-17,0.0,0.11292877230000001,30.206597999999996
1997-02-18,0.0,0.11340179400000001,29.657672
1997-02-19,0.0,0.11317901550000001,30.6039855
1997-02-20,0.0,0.1130538949,31.273492299999997
1997-02-21,0.0,0.1129669185,31.967290900000002
1997-02-22,0.0,0.1128631574,33.7454157
1997-02-23,0.0,0.11278686580000001,34.2621152
1997-02-24,0.0,0.11272277850000001,33.8731995
1997-02-25,0.0,0.1126724237,34.5801819
1997-02-26,0.0,0.11262970050000001,34.5268124
1997-02-27,0.0,0.112593079,34.5452698
1997-02-28,0.0,0.1125228903,36.8597228
1997-03-01,0.0,0.11249084439999998,35.0136291
1997-03-02,0.0,0.11246185369999999,35.242242600000004
1997-03-03,0.0,0.1124114992,35.8189513
1997-03-04,0.0,0.1123947136,33.2991272
1997-03-05,0.0,0.1123703009,33.1499081
1997-03-06,0.0,0.1123275762,34.6678285
1997-03-07,0.0,0.1122924806,35.8516664
1997-03-08,0.0,0.112222289,36.73443
1997-03-09,0.0,0.11221923730000001,34.501959
1997-03-10,0.0,0.1121551502,36.9684629
1997-03-11,0.0,0.1121032722,36.5714904
1997-03-12,0.0,0.11212158250000001,34.0140687
1997-03-13,0.0,0.11220398010000002,34.4069885
1997-03-14,0.0,0.1121322642,35.26118760000001
1997-03-15,0.0,0.11207733140000001,37.1290094
1997-03-16,0.0,0.11204071,37.0498111
1997-03-17,0.0,0.11194915889999998,37.324908199999996
1997-03-18,0.0,0.1119812008,36.279742600000006
1997-03-19,0.0,0.11194000230000001,35.197711000000005
1997-03-20,0.0,0.1119064332,35.1336487
1997-03-21,0.0,0.1118957527,33.1124822
1997-03-22,0.0,0.117425537,32.6477601
1997-03-23,0.0,0.11581115900000001,33.7246154
1997-03-24,0.0,0.1149047852,34.0756406
1997-03-25,0.0,0.1142257689,34.2108946
1997-03-26,0.0,0.1137634274,35.098101400000004
1997-03-27,0.0,0.1136093137,35.6513248
1997-03-28,0.0,0.113261414,37.5121643
1997-03-29,0.0,0.11302795400000001,37.3298891
1997-03-30,0.0,0.112820434,36.06861
1997-03-31,0.0,0.11274108940000001,34.1606018
1997-04-01,0.0,0.1126327516,33.8511781
1997-04-02,0.0,0.11949615599999999,31.2162655
1997-04-03,0.0,0.1300003045,32.615069399999996
1997-04-04,0.0,0.12475433300000001,33.598419
1997-04-05,0.0,0.12106323249999999,34.994415200000006
1997-04-06,0.0,0.11820831300000001,36.1452209
1997-04-07,0.0,0.11652069039999999,35.7676333
1997-04-08,0.0,0.11556243960000001,34.992877299999996
1997-04-09,0.0,0.1150970464,33.5806217
1997-04-10,0.0,0.11451416080000001,34.205084299999996
1997-04-11,0.0,0.1141708377,34.2360165
1997-04-12,0.0,0.1138732902,34.344049
1997-04-13,0.0,0.11389465400000001,34.6476377
1997-04-14,0.0,0.1137329101,34.743682899999996
1997-04-15,0.0,0.11398162819999999,34.744
1997-04-16,0.0,0.1139114385,34.136139400000005
1997-04-17,0.0,0.1135589592,33.9949523
1997-04-18,0.0,0.1133468635,34.3403871
1997-04-19,0.0,0.11312560949999999,34.3357975
1997-04-20,0.0,0.1130111681,34.6152646
1997-04-21,0.0,0.11286315839999998,35.1232975
1997-04-22,0.0,0.11275177039999999,35.841314999999994
1997-04-23,0.0,0.112657166,36.161066
1997-04-24,0.0,0.11257934569999999,37.912017500000005
1997-04-25,0.0,0.1124923691,37.8334773
1997-04-26,0.0,0.11251373280000002,37.6143615
1997-04-27,0.0,0.11242981,38.5017147
1997-04-28,0.0,0.11766052199999999,38.67486
1997-04-29,0.0641515776515007,0.129933166,36.6212222
1997-04-30,0.1415499895811081,0.142712401,36.3961973
1997-05-01,0.0,0.1349487305,36.0363339
1997-05-02,0.0,0.1271682744,36.61570450000001
1997-05-03,0.0,0.122463989,36.2937556
1997-05-04,0.0,0.11952209439999999,35.6589903
1997-05-05,0.0,0.1176467914,35.3365543
1997-05-06,0.0,0.11633758590000001,35.3737123
1997-05-07,0.0,0.11530151520000001,35.7708559
1997-05-08,0.0,0.114685059,35.8372375
1997-05-09,0.0,0.11454925590000001,36.008575300000004
1997-05-10,0.0,0.1140518188,36.181646799999996
1997-05-11,0.0,0.11373138460000001,36.0344056
1997-05-12,0.0,0.1134399417,36.5060362
1997-05-13,0.0,0.1132125863,36.3668025
1997-05-14,0.0,0.11288604760000001,36.4060853
1997-05-15,0.0,0.11268157950000002,36.1971496
1997-05-16,0.0,0.1127487171,36.7313537
1997-05-17,0.0,0.1125595085,36.707013
1997-05-18,0.0,0.1123962405,36.017998999999996
1997-05-19,0.0,0.11307830810000001,35.278595100000004
1997-05-20,0.0,0.1140747073,34.645489899999994
1997-05-21,0.0,0.1149948126,35.0002746
1997-05-22,0.0,0.11574096599999999,35.0856752
1997-05-23,0.0,0.11978149490000001,35.6689031
1997-05-24,0.0,0.1177703862,35.9852597
1997-05-25,0.0,0.11644134579999998,35.8550597
1997-05-26,0.0,0.11549682580000001,35.7768615
1997-05-27,0.0,0.114788818,35.7696597
1997-05-28,0.0,0.1145263664,35.4215883
1997-05-29,0.0,0.11432952859999998,34.956768999999994
1997-05-30,0.0,0.1173355108,35.3065734
1997-05-31,0.0,0.1235321044,35.9834533
1997-06-01,6.607258170843125,0.21546631,29.4964232
1997-06-02,13.197234392166138,0.1972503675,32.9396786
1997-06-03,0.37646614015102386,0.22563323799999999,32.4196721
1997-06-04,3.7931745648384094,0.22651672299999998,33.642181699999995
1997-06-05,0.0,0.2051132204,34.2601742
1997-06-06,1.2725089937448502,0.190509033,34.3427064
1997-06-07,0.1978769451379776,0.1942764294,34.7157533
1997-06-08,0.0,0.19714050249999998,33.992120299999996
1997-06-09,0.0,0.198260498,33.700653
1997-06-10,1.9495476484298706,0.23474884000000001,32.2829653
1997-06-11,9.346898617222905,0.234387206,32.2357363
1997-06-12,0.0,0.290475464,30.785846099999997
1997-06-13,8.983262794092298,0.320675659,29.4324035
1997-06-14,15.225588724017143,0.36596222100000003,30.6068785
1997-06-15,12.494917929172516,0.398852541,28.725189399999998
1997-06-16,17.519142746925354,0.375370787,29.4093503
1997-06-17,14.125787854194641,0.383764648,29.778894100000002
1997-06-18,22.587316542863846,0.40713195999999996,27.4461184
1997-06-19,87.6460771560669,0.41952972400000005,25.974927100000002
1997-06-20,44.73453187942505,0.41406402499999995,25.2200746
1997-06-21,72.79780340194702,0.41137848000000005,25.9148012
1997-06-22,19.020548820495605,0.40762481800000006,27.6586363
1997-06-23,34.6807336807251,0.407992553,26.287640599999996
1997-06-24,33.4284451007843,0.408551027,29.1539489
1997-06-25,14.083222270011902,0.394487,29.6970644
1997-06-26,7.070476949214935,0.388485718,27.1956727
1997-06-27,3.038084037601948,0.395516968,26.196612499999997
1997-06-28,19.190585136413574,0.406649779,26.322406100000002
1997-06-29,14.468352556228638,0.399725341,29.7249635
1997-06-30,22.641815900802612,0.400465394,28.711010700000003
1997-07-01,12.688719987869263,0.39908904700000003,28.4768434
1997-07-02,27.790480971336365,0.406161498,27.292975000000002
1997-07-03,17.410409539937973,0.401004029,26.4500793
1997-07-04,16.133913308382034,0.419395447,25.361004700000002
1997-07-05,51.62158489227295,0.42025146500000005,25.548302999999997
1997-07-06,95.09454536437988,0.416943356,24.9151186
1997-07-07,73.86358833312988,0.413360595,25.2787658
1997-07-08,93.37575340270996,0.395068359,27.377831800000003
1997-07-09,27.70063304901123,0.398526001,29.158178599999996
1997-07-10,4.415627956390381,0.38813629,28.7202026
1997-07-11,6.620477706193923,0.385632323,29.0114687
1997-07-12,2.833941712975502,0.376504517,29.4951169
1997-07-13,2.3662794828414917,0.392694092,28.817236200000004
1997-07-14,3.8784456402063374,0.377389525,29.767114400000004
1997-07-15,1.0031585730612278,0.37697601399999997,29.007055700000002
1997-07-16,1.6579833701252937,0.37293090900000003,28.954553299999997
1997-07-17,2.3640606105327606,0.368624878,28.791546699999998
1997-07-18,0.752224788069725,0.373367308,29.301989900000002
1997-07-19,2.940333068370819,0.368940735,29.3822204
1997-07-20,2.504500091075897,0.36543426700000003,29.818713300000002
1997-07-21,0.7518900409340858,0.36674194299999996,29.924688600000003
1997-07-22,2.8111428022384644,0.36071014300000004,30.080755699999997
1997-07-23,2.9257888793945312,0.365834045,29.49953
1997-07-24,4.342584110796452,0.380899048,28.480041699999997
1997-07-25,17.221735179424286,0.3998703,25.992627
1997-07-26,42.878865361213684,0.41570434599999995,25.1011597
1997-07-27,91.56012916564941,0.401231383,25.2446655
1997-07-28,43.43107604980469,0.408847046,26.2667907
1997-07-29,20.82927656173706,0.405480959,26.746270900000003
1997-07-30,17.414867162704468,0.412672422,25.607543800000002
1997-07-31,74.6460132598877,0.401870728,26.934551999999996
1997-08-01,20.32706046104431,0.402703858,26.752252600000002
1997-08-02,15.07722282409668,0.399140928,27.8003786
1997-08-03,15.950578927993774,0.382208253,28.84751
1997-08-04,6.191078066825867,0.40543975899999996,26.7103452
1997-08-05,18.13663387298584,0.407775878,26.2593933
1997-08-06,10.89352834224701,0.40170593199999993,25.916046299999998
1997-08-07,8.365137696266174,0.39985809699999997,25.6790037
1997-08-08,8.750461459159851,0.39261474500000004,27.097326599999995
1997-08-09,11.372921228408813,0.397642515,27.4579714
1997-08-10,2.428219497203827,0.380393979,28.249419999999997
1997-08-11,0.5269160941243172,0.386659241,27.8725098
1997-08-12,5.730104595422745,0.393040467,28.0989931
1997-08-13,26.533794164657593,0.40330963200000003,27.2710266
1997-08-14,14.10211557149887,0.40258484,27.7013915
1997-08-15,7.383541435003281,0.385810852,27.8126404
1997-08-16,3.7876269817352295,0.383889771,28.685058500000004
1997-08-17,5.626301407814026,0.376399229,29.173681799999997
1997-08-18,3.547509402036667,0.380958555,28.2127931
1997-08-19,2.9414424300193787,0.373132325,28.586285600000004
1997-08-20,10.838737964630127,0.390661622,26.6778688
1997-08-21,21.800908088684082,0.392153929,27.824829
1997-08-22,38.175416707992554,0.404121398,25.681536899999998
1997-08-23,184.12175750732422,0.408575441,24.709015
1997-08-24,53.691519260406494,0.41268768299999997,24.9208618
1997-08-25,59.342061042785645,0.416830443,25.4542052
1997-08-26,35.59675693511963,0.408619694,27.4378295
1997-08-27,11.105651795864105,0.377940367,29.0461057
1997-08-28,0.45766788721084595,0.368766785,28.9629271
1997-08-29,2.3018850088119507,0.37481079300000003,28.3104126
1997-08-30,10.537165641784668,0.365164185,29.049902200000002
1997-08-31,4.248732976615429,0.36317139,27.9883788
1997-09-01,3.673892877995968,0.359155275,28.252777200000004
1997-09-02,4.945081859827042,0.35650634600000003,27.616253699999998
1997-09-03,32.79407453536987,0.356599424,28.628454599999998
1997-09-04,13.444297313690186,0.35067138600000003,28.796081199999996
1997-09-05,0.6577957943081856,0.341763306,29.010461300000003
1997-09-06,0.047999091446399675,0.33977966400000004,29.093695200000003
1997-09-07,0.0,0.334223939,29.331432999999997
1997-09-08,1.7118153870105743,0.328030396,29.038287200000003
1997-09-09,2.2007011473178864,0.327000427,28.987335100000003
1997-09-10,1.602234810590744,0.326365661,28.384551999999996
1997-09-11,3.0279183983802795,0.343580628,28.2104857
1997-09-12,10.358930468559265,0.355766296,28.2522033
1997-09-13,6.014278799295425,0.347375487,28.7774902
1997-09-14,6.943731814622878,0.339048768,28.6820558
1997-09-15,6.868912875652313,0.34392547900000003,28.807824800000002
1997-09-16,18.895472824573517,0.327949525,28.8862425
1997-09-17,1.3907644227147102,0.31372833299999997,29.060479700000002
1997-09-18,3.6860208436846733,0.310383604,29.3040524
1997-09-19,0.0,0.311361692,28.990478500000002
1997-09-20,0.1415499895811081,0.298899842,28.880609099999997
1997-09-21,0.35281233489513397,0.297001649,29.548766999999998
1997-09-22,1.2131513878703117,0.364431765,27.4160952
1997-09-23,11.882832281291485,0.36730346599999997,28.481408700000003
1997-09-24,20.623202800750732,0.376342773,28.686266999999997
1997-09-25,26.84749746322632,0.386930847,26.998413199999998
1997-09-26,83.14901542663574,0.416891478,26.4436278
1997-09-27,93.23654747009277,0.385839845,27.5638735
1997-09-28,19.608588099479675,0.367514038,28.258697599999998
1997-09-29,0.0,0.35007782,29.2707398
1997-09-30,0.0,0.335667419,28.937274100000003
1997-10-01,0.0,0.328073122,29.1260985
1997-10-02,0.0,0.307910154,29.2983521
1997-10-03,0.0,0.290834045,29.4386292
1997-10-04,0.0,0.277142334,29.082354900000002
1997-10-05,0.0,0.266674804,28.901409899999997
1997-10-06,0.0,0.302142334,29.1320739
1997-10-07,0.0,0.276229857,29.976776100000002
1997-10-08,0.0,0.256433105,30.8861269
1997-10-09,0.0,0.24027862400000002,30.7930604
1997-10-10,0.0,0.225645447,31.060931399999998
1997-10-11,0.0,0.21245269799999997,31.5110047
1997-10-12,0.0,0.200158691,31.7684387
1997-10-13,0.0,0.190278626,31.445855799999997
1997-10-14,0.0,0.182704162,31.2723447
1997-10-15,0.4528602957725525,0.174743652,31.4412171
1997-10-16,0.0,0.1666778576,32.3913634
1997-10-17,0.0,0.159239198,32.879400600000004
1997-10-18,0.0,0.15306244,32.5568665
1997-10-19,0.0,0.14783020060000002,32.2016664
1997-10-20,0.0,0.14347229079999999,31.755474800000002
1997-10-21,0.0,0.1393173225,32.0771547
1997-10-22,0.0,0.1353317252,31.873028599999998
1997-10-23,0.0,0.1326797494,31.3505433
1997-10-24,0.0,0.130455018,31.377349700000003
1997-10-25,0.0,0.1286468509,31.8971497
1997-10-26,0.22190830856561658,0.1271301272,31.996222
1997-10-27,0.0,0.126197815,31.9487123
1997-10-28,0.0,0.12494201760000001,32.0301576
1997-10-29,0.0,0.125682067,31.601422000000003
1997-10-30,0.0,0.127627563,30.9369687
1997-10-31,0.0,0.129814148,31.148199599999998
1997-11-01,0.0,0.1358718876,31.9125061
1997-11-02,0.0,0.132215882,32.503326200000004
1997-11-03,0.4086697846651077,0.12844696049999998,33.2333554
1997-11-04,0.0,0.1251022343,33.300396899999996
1997-11-05,0.0,0.1227386474,33.6414367
1997-11-06,0.0,0.120973205,32.965363100000005
1997-11-07,0.0,0.11971588250000001,33.3099672
1997-11-08,0.0,0.11855011,33.0069888
1997-11-09,0.0,0.1176574711,33.265216099999996
1997-11-10,0.0,0.11707458499999998,32.5161924
1997-11-11,0.1210930049419403,0.13468170159999998,29.977984499999998
1997-11-12,21.143551230430603,0.336734009,26.874651999999998
1997-11-13,84.82953190803528,0.313461304,27.4857485
1997-11-14,0.0,0.269874571,29.4951233
1997-11-15,0.0,0.24174957300000002,29.713208100000003
1997-11-16,0.0,0.220169067,30.202014400000003
1997-11-17,0.0,0.20321044800000002,30.365332000000002
1997-11-18,0.0,0.187455749,29.9809996
1997-11-19,0.0,0.1734313976,29.230902099999998
1997-11-20,0.0,0.1624862675,29.355389600000002
1997-11-21,0.0,0.154376221,29.705914200000002
1997-11-22,0.0,0.1477249144,29.987408199999997
1997-11-23,0.0,0.1421905514,30.1876039
1997-11-24,0.0,0.137886046,29.9896302
1997-11-25,0.0,0.13493805,29.746758899999996
1997-11-26,0.0,0.1318466185,30.3896545
1997-11-27,0.0,0.128935242,29.936847
1997-11-28,1.2073586471378803,0.1459716794,29.691559
1997-11-29,0.8067446351051331,0.1625305165,30.181097599999998
1997-11-30,0.029271343722939474,0.156033327,30.640216099999996
1997-12-01,0.0,0.1474884015,31.201056
1997-12-02,0.0,0.14062042260000002,30.9402894
1997-12-03,0.0,0.1369781496,30.5113831
1997-12-04,0.0,0.1325332658,30.3626037
1997-12-05,0.0,0.1296508786,30.3624083
1997-12-06,0.0,0.1287490834,29.9955871
1997-12-07,0.0,0.18090973,26.0304505
1997-12-08,25.67264413833618,0.407350158,23.7579834
1997-12-09,8.841142058372498,0.355709838,24.695703299999998
1997-12-10,0.0,0.330126953,24.0770937
1997-12-11,0.0,0.311936952,25.5234253
1997-12-12,0.0,0.297937012,25.5498108
1997-12-13,0.0,0.29524841300000004,25.4204345
1997-12-14,0.0,0.27810516500000004,25.988171599999998
1997-12-15,0.0,0.26420898400000004,26.766393900000004
1997-12-16,0.0,0.254249573,26.401721300000002
1997-12-17,0.0,0.24384307600000002,26.477630299999998
1997-12-18,0.0,0.234672546,25.5473448
1997-12-19,0.0,0.22574310300000003,25.195770500000002
1997-12-20,0.0,0.21694793799999998,26.1734803
1997-12-21,0.0,0.20953216600000002,26.531914999999998
1997-12-22,0.0,0.206553649,25.916693099999996
1997-12-23,0.0,0.198553467,25.8706239
1997-12-24,0.0,0.190184022,26.6912171
1997-12-25,0.0,0.18403167599999998,26.223114
1997-12-26,0.0,0.178010559,26.0151428
1997-12-27,0.0,0.1739837635,26.2839172
1997-12-28,0.0,0.167941284,27.7283996
1997-12-29,0.0,0.163024902,27.8695861
1997-12-30,0.0,0.1574584974,27.476532199999998
1997-12-31,0.0,0.1520553596,28.6551334
1998-01-01,0.0,0.14716186609999998,29.048639100000003
1998-01-02,0.0,0.1433227541,29.613824599999997
1998-01-03,0.0,0.139590454,31.042413399999997
1998-01-04,0.0,0.1357849106,31.471246700000002
1998-01-05,0.0,0.1327743549,30.9149718
1998-01-06,0.0,0.130424499,30.536676
1998-01-07,0.0,0.128457641,30.5058901
1998-01-08,0.0,0.1266387944,31.679718
1998-01-09,0.0,0.12494049139999999,31.592095699999998
1998-01-10,0.0,0.123512268,31.704766999999997
1998-01-11,0.0,0.12250366239999999,31.321295199999998
1998-01-12,0.0,0.12147979760000001,31.436554100000002
1998-01-13,0.0,0.12057800249999999,31.6297422
1998-01-14,0.0,0.1198837295,30.2693665
1998-01-15,0.0,0.1195266725,29.523175
1998-01-16,0.0,0.1189300544,29.1510559
1998-01-17,0.0,0.118460082,27.920513800000002
1998-01-18,0.0,0.1178543101,26.6924621
1998-01-19,0.0,0.11730194140000001,27.8840638
1998-01-20,0.0,0.1170822145,27.398760900000003
1998-01-21,0.0,0.1167404169,28.446441600000004
1998-01-22,0.0,0.1163803095,28.560845999999998
1998-01-23,0.0,0.11611633219999999,29.110821499999997
1998-01-24,0.0,0.11578826760000001,29.5624815
1998-01-25,0.0,0.1157012924,29.290533399999997
1998-01-26,0.0,0.11561889659999999,29.3606018
1998-01-27,0.0,0.11549224809999999,29.1356019
1998-01-28,0.0,0.115232849,29.723321399999996
1998-01-29,0.0,0.1149780276,30.741876100000002
1998-01-30,0.0,0.1147140494,31.8004208
1998-01-31,0.0,0.1145004269,33.0444396
1998-02-01,0.0,0.1143280028,32.733672999999996
1998-02-02,0.0,0.1141799926,32.234356500000004
1998-02-03,0.0,0.11405639549999999,31.5218082
1998-02-04,0.0,0.1139205924,31.3040097
1998-02-05,0.0,0.1137969966,31.0908267
1998-02-06,0.0,0.1137115464,30.013140599999996
1998-02-07,0.0,0.11357574559999999,31.5360169
1998-02-08,0.0,0.1134414676,33.7338928
1998-02-09,0.0,0.1133087162,34.1324277
1998-02-10,0.0,0.11317291069999999,34.8628965
1998-02-11,0.0,0.1130661014,34.3484927
1998-02-12,0.0,0.1129669193,34.9647524
1998-02-13,0.0,0.1129364004,32.588946400000005
1998-02-14,0.0,0.11297759970000001,31.568121400000003
1998-02-15,0.0,0.11489715460000001,30.5975647
1998-02-16,0.0,0.12723999,28.729742199999997
1998-02-17,0.0,0.12355346650000001,29.505670099999996
1998-02-18,0.0,0.12114868100000001,29.072393899999998
1998-02-19,0.0,0.119651795,29.2066953
1998-02-20,0.0,0.1182281495,30.0218324
1998-02-21,0.0,0.1171340935,30.2194641
1998-02-22,0.0,0.116175841,31.352252099999998
1998-02-23,0.0,0.11536865249999999,32.2529601
1998-02-24,0.0,0.11500244150000001,30.7248595
1998-02-25,0.0,0.114749144,29.3962706
1998-02-26,0.0,0.1144226073,29.9758851
1998-02-27,0.0,0.1141052256,30.7119688
1998-02-28,0.0,0.113871765,31.279693400000003
1998-03-01,0.0,0.11359100309999999,33.4461487
1998-03-02,0.0,0.1133590699,35.4066956
1998-03-03,0.0,0.11328277519999999,32.6770079
1998-03-04,0.0,0.1134384171,33.1633362
1998-03-05,0.0,0.11330261180000001,33.0909239
1998-03-06,0.0,0.11318969770000001,32.0861874
1998-03-07,0.0,0.11305999629999999,33.226470899999995
1998-03-08,0.0,0.11298522849999999,32.2207825
1998-03-09,0.0,0.11291046169999999,32.7767641
1998-03-10,0.0,0.1128326417,34.0321841
1998-03-11,0.0,0.11279449430000002,32.317999099999994
1998-03-12,0.0,0.11347503649999999,31.4621157
1998-03-13,0.0,0.1133621215,31.8070376
1998-03-14,0.0,0.113175964,32.1633607
1998-03-15,0.0,0.11307067950000001,31.718462699999996
1998-03-16,0.0,0.11302795460000001,31.083062599999998
1998-03-17,0.0,0.1128463739,32.5316956
1998-03-18,0.0,0.11274566640000001,34.9461486
1998-03-19,0.0,0.1126785277,35.907721099999996
1998-03-20,0.0,0.11262512039999999,36.0246641
1998-03-21,0.0,0.11257934650000001,36.925006100000004
1998-03-22,0.0,0.11254577660000001,36.5993226
1998-03-23,0.0,0.11253204359999999,35.4070862
1998-03-24,0.0,0.1125442498,35.3668518
1998-03-25,0.0,0.1124145505,36.0967837
1998-03-26,0.0,0.11236267019999999,37.1905332
1998-03-27,0.0,0.1123291029,37.7104554
1998-03-28,0.0,0.112339783,35.4238832
1998-03-29,0.0,0.1128356925,34.1076233
1998-03-30,0.0,0.1131332405,34.1441952
1998-03-31,0.0,0.11291198709999999,36.6982968
1998-04-01,0.0,0.1127258289,38.825836
1998-04-02,0.0,0.112582398,39.0492738
1998-04-03,0.0,0.11242065459999999,36.9625061
1998-04-04,0.0,0.1122848501,37.4449765
1998-04-05,0.0,0.1122268679,38.9332091
1998-04-06,0.0,0.1121246328,36.560846
1998-04-07,0.0,0.112104799,37.329595999999995
1998-04-08,0.0,0.11210479709999999,36.4685608
1998-04-09,0.0,0.11206054750000001,35.7510803
1998-04-10,0.0,0.111871338,36.4518124
1998-04-11,0.0,0.1118240368,36.7051819
1998-04-12,0.0,0.111810302,36.7729554
1998-04-13,0.0,0.11172027520000001,35.5597229
1998-04-14,0.0,0.1117477389,35.755426
1998-04-15,0.0,0.11180572469999998,35.9580139
1998-04-16,0.0,0.11178894040000001,36.320464900000005
1998-04-17,0.0,0.1117416373,35.9812315
1998-04-18,0.0,0.1117111204,35.960699399999996
1998-04-19,0.0,0.11161956769999999,35.5231266
1998-04-20,0.0,0.11157226549999999,35.734967
1998-04-21,0.0,0.11147155680000001,36.2440008
1998-04-22,0.0,0.111511231,36.0939027
1998-04-23,0.0,0.11205291690000001,36.3799371
1998-04-24,0.0,0.112774658,36.1434391
1998-04-25,0.0,0.1128555299,35.6952447
1998-04-26,0.0,0.113426209,36.0934142
1998-04-27,0.0,0.11443023649999999,36.0429017
1998-04-28,0.0,0.1146408095,36.5612611
1998-04-29,0.0,0.114106749,36.3390682
1998-04-30,0.0,0.11378478969999999,36.605328400000005
1998-05-01,0.0,0.1134811394,36.3364805
1998-05-02,0.0,0.113294984,36.8582334
1998-05-03,0.0,0.1131088262,38.5179261
1998-05-04,0.0,0.1129501345,39.032330200000004
1998-05-05,0.0,0.1127960205,39.005621500000004
1998-05-06,0.0,0.112687685,39.384625299999996
1998-05-07,0.0,0.1126037599,39.4765199
1998-05-08,0.0,0.11256561300000001,38.7879939
1998-05-09,0.0,0.11249542099999998,37.368267499999995
1998-05-10,0.0,0.1124603265,37.063580200000004
1998-05-11,0.0,0.1123870836,37.3916316
1998-05-12,0.0,0.11231689380000001,37.9316222
1998-05-13,0.0,0.1122085566,37.9900205
1998-05-14,0.0,0.1122146602,38.9257873
1998-05-15,0.0,0.1121978766,39.004107399999995
1998-05-16,0.0,0.11223297159999998,37.3216366
1998-05-17,0.0,0.11255340579999999,37.5578426
1998-05-18,0.0,0.1130813601,37.652057
1998-05-19,0.0,0.11345520039999998,37.2840149
1998-05-20,0.0,0.1222610476,35.4822083
1998-05-21,0.0,0.1274276734,35.87361489999999
1998-05-22,0.0,0.1231780995,36.2923398
1998-05-23,0.0,0.12026824920000001,37.1946841
1998-05-24,0.0,0.1188598632,37.2004211
1998-05-25,0.0,0.11753692639999999,37.3018861
1998-05-26,0.0,0.11773681659999999,36.5902408
1998-05-27,0.0,0.1167770391,36.682013
1998-05-28,0.0,0.11619110120000001,36.2614808
1998-05-29,0.0,0.1156967171,36.571807899999996
1998-05-30,0.0,0.11517028840000001,36.6998107
1998-05-31,0.0,0.11526489349999999,37.1698789
1998-06-01,0.0,0.11482543949999999,37.340679800000004
1998-06-02,0.0,0.1148117058,36.449762
1998-06-03,0.0,0.11559905919999999,37.325201199999995
1998-06-04,0.0,0.11529693560000001,37.721124200000006
1998-06-05,0.0,0.11624298200000001,37.2670965
1998-06-06,0.0,0.11743621950000001,36.662726299999996
1998-06-07,0.0,0.135792541,33.951250099999996
1998-06-08,6.207717407494783,0.1493774414,32.1374817
1998-06-09,7.934981942176819,0.240727233,29.0029114
1998-06-10,7.704235255718231,0.287550353,30.957147199999998
1998-06-11,4.609061598777771,0.28597107099999997,30.423443600000002
1998-06-12,1.354990839958191,0.276824953,30.6670412
1998-06-13,1.517275094985962,0.269573974,32.8022283
1998-06-14,17.86689831316471,0.257348634,32.4113094
1998-06-15,19.250296972692013,0.37579040199999997,27.2960144
1998-06-16,35.08341598510742,0.387501526,28.231622499999997
1998-06-17,6.759687423706055,0.350903324,31.5818301
1998-06-18,3.680299520492554,0.31911163600000003,31.6536316
1998-06-19,0.1415499895811081,0.326960755,31.093158
1998-06-20,1.4154999256134033,0.362304687,30.3302246
1998-06-21,37.793846130371094,0.376422119,29.8633606
1998-06-22,16.682565450668335,0.376919556,29.458239600000002
1998-06-23,14.847505807876587,0.39294586200000003,28.9116699
1998-06-24,7.043450906872749,0.414743042,29.316857900000002
1998-06-25,5.299187541007996,0.403509523,29.154083500000002
1998-06-26,2.4399223923683167,0.397445678,28.543512
1998-06-27,32.25733709335327,0.413188173,28.1507142
1998-06-28,77.89348363876343,0.409786986,26.7232482
1998-06-29,71.23524284362793,0.412937928,26.982702699999997
1998-06-30,60.59087944030762,0.406428528,26.521936
1998-07-01,40.17505216598511,0.40464477299999996,26.4670224
1998-07-02,67.06083750724792,0.394543455,28.0074524
1998-07-03,44.09963274002075,0.40784454099999995,28.4712892
1998-07-04,19.189855337142944,0.40481109699999995,27.116882599999997
1998-07-05,32.41176772117615,0.407188414,27.036090100000003
1998-07-06,7.046132028102875,0.413032529,27.632739300000004
1998-07-07,18.778311252593994,0.41567840599999994,25.190759200000002
1998-07-08,73.39113426208496,0.40757904,25.867174999999996
1998-07-09,14.005246579647064,0.375086976,29.782263
1998-07-10,1.7877676486968994,0.37879486,29.2788818
1998-07-11,0.5352070033550262,0.377049257,28.7495118
1998-07-12,4.648838363587856,0.385510254,28.3227417
1998-07-13,2.058400973677635,0.391653441,28.4195739
1998-07-14,5.210812360048294,0.39868164,27.662908800000004
1998-07-15,3.3207858502864838,0.397305301,28.307153399999997
1998-07-16,8.13371753692627,0.391757201,28.5515441
1998-07-17,4.520048871636391,0.396591187,29.484783900000004
1998-07-18,11.05265736579895,0.371383666,30.202355999999998
1998-07-19,6.907920062541962,0.368989564,29.6816894
1998-07-20,1.4324629679322243,0.387661744,29.364087
1998-07-21,11.31631251424551,0.383558654,30.132666
1998-07-22,1.0366175174713135,0.389221193,30.1015625
1998-07-23,4.328871130943298,0.40085143600000006,30.1883241
1998-07-24,8.432680502533913,0.405070494,29.575873
1998-07-25,14.01750361919403,0.39951934699999997,28.1311462
1998-07-26,13.43095426261425,0.392948913,29.507208300000002
1998-07-27,15.681947372853756,0.40081329400000004,27.109637400000004
1998-07-28,47.05757284164429,0.410055543,26.038372700000004
1998-07-29,56.11524200439453,0.41278381599999997,25.6480044
1998-07-30,6.62541651725769,0.40123138599999997,28.636871300000003
1998-07-31,44.88563585281372,0.41494293400000004,25.425164799999997
1998-08-01,12.987037420272827,0.404629515,27.975891100000002
1998-08-02,6.102856755256653,0.39734802,26.7701722
1998-08-03,4.074325203895569,0.40306243999999997,27.1216493
1998-08-04,8.794810473918915,0.39280090300000003,27.7535401
1998-08-05,16.305618047714233,0.397552493,25.7769348
1998-08-06,18.671717882156372,0.398335266,28.333117500000004
1998-08-07,12.037492632865906,0.385122682,28.786737
1998-08-08,6.47891691327095,0.405789185,25.4536682
1998-08-09,16.850023806095123,0.40496521,27.3060427
1998-08-10,130.92078113555908,0.40486450100000004,26.1361389
1998-08-11,26.46254462003708,0.415966796,25.507043900000003
1998-08-12,34.18360948562622,0.397879029,26.1396481
1998-08-13,19.243919134140015,0.39126587,26.717071499999996
1998-08-14,13.024290323257446,0.39179992500000005,26.745831399999997
1998-08-15,18.064525842666626,0.39128723,28.657269300000003
1998-08-16,3.5781679153442383,0.40756225700000004,27.670135400000003
1998-08-17,6.599550515413284,0.376699827,29.004901
1998-08-18,4.3541388511657715,0.371054075,29.0019654
1998-08-19,1.702863171696663,0.36267852700000003,29.766162200000004
1998-08-20,4.935057640075684,0.37134246800000004,29.181372099999997
1998-08-21,8.202516056597233,0.35919342,29.2853636
1998-08-22,2.596852958202362,0.370899965,29.042938200000002
1998-08-23,3.8671907782554626,0.378620908,29.674529999999997
1998-08-24,21.529876470565796,0.37513427899999996,29.8988952
1998-08-25,3.6023411601781845,0.374772644,29.8687501
1998-08-26,24.860081553459167,0.384577943,28.1290038
1998-08-27,42.30418062210083,0.416339112,25.8037658
1998-08-28,44.40842533111572,0.410621645,26.0560363
1998-08-29,52.77006721496582,0.402716065,26.7804749
1998-08-30,27.369213581085205,0.392643741,28.7364136
1998-08-31,16.38233256340027,0.387066647,27.713690000000003
1998-09-01,9.313884377479553,0.372265626,29.169495
1998-09-02,4.954529821872711,0.36691436899999996,29.3670957
1998-09-03,2.352476477622986,0.36179962099999996,29.373424899999996
1998-09-04,4.194665938615799,0.348005677,29.8770448
1998-09-05,1.5813522338867188,0.370503236,28.4034974
1998-09-06,3.886847021058202,0.411853026,26.984680100000002
1998-09-07,46.261005878448486,0.404397584,26.2774901
1998-09-08,29.146121501922607,0.404667665,27.881164300000002
1998-09-09,17.4762119948864,0.382341006,28.5577087
1998-09-10,15.622912168502808,0.40602569299999997,26.172454800000004
1998-09-11,61.878714084625244,0.40797729499999996,27.367321800000003
1998-09-12,10.678982853889465,0.383688355,28.8238403
1998-09-13,8.724428676068783,0.379235839,28.2477233
1998-09-14,15.054508686065674,0.39186096400000003,27.141796799999998
1998-09-15,51.464277505874634,0.390376283,26.526764000000004
1998-09-16,23.191451653838158,0.391062925,27.3149537
1998-09-17,110.63933753967285,0.402255251,25.4248718
1998-09-18,139.33270835876465,0.378340153,27.6482663
1998-09-19,4.0880266726017,0.37853546099999996,28.3720706
1998-09-20,22.204277753829956,0.38425293099999996,28.2469541
1998-09-21,2.723794788122177,0.392295839,27.3276732
1998-09-22,17.777408361434937,0.383744811,28.2245544
1998-09-23,10.835124015808105,0.393527222,28.5437073
1998-09-24,0.62030328810215,0.37108612,28.954828100000004
1998-09-25,1.1323999166488647,0.360174561,29.6128479
1998-09-26,0.1415499895811081,0.346792605,29.3945618
1998-09-27,5.73318487405777,0.384367373,29.9539122
1998-09-28,16.425669699907303,0.38392639100000003,29.251825000000004
1998-09-29,3.3219351321458817,0.356904603,31.618633699999997
1998-09-30,5.283754311501981,0.340655515,31.1544616
1998-10-01,5.901089459657669,0.396621703,28.729272400000003
1998-10-02,0.7303063422441483,0.398921204,27.9200743
1998-10-03,92.31006240844727,0.41302795400000003,26.6110167
1998-10-04,36.25079941749573,0.376304624,29.3806825
1998-10-05,21.393253087997437,0.37511138699999996,31.0283508
1998-10-06,4.139755755662918,0.35269318,31.311432000000003
1998-10-07,0.038399528712034225,0.364543155,28.839184499999998
1998-10-08,19.7002432346344,0.340219118,30.563562
1998-10-09,5.155284345149994,0.33901977800000005,31.1039795
1998-10-10,23.59362506866455,0.34918823099999996,31.4604066
1998-10-11,13.861278295516968,0.378036503,31.903344600000004
1998-10-12,42.83384609222412,0.360847472,30.034295800000002
1998-10-13,8.240452885627747,0.358715816,29.2783935
1998-10-14,0.0,0.374984738,28.035730100000002
1998-10-15,1.0304954536259174,0.402604676,26.3685792
1998-10-16,2.8798132464289665,0.369131468,27.9483764
1998-10-17,17.417493104934692,0.386302185,27.5202698
1998-10-18,2.2071930915117264,0.362394712,27.3205626
1998-10-19,2.1728659570217133,0.343791202,27.354193
1998-10-20,0.0,0.330384826,27.102764999999998
1998-10-21,0.0,0.3159317,27.146234
1998-10-22,0.0,0.306771852,27.626391599999998
1998-10-23,5.260615348815918,0.302096559,27.7312439
1998-10-24,12.502579927444458,0.290701292,28.569775400000005
1998-10-25,0.0,0.277325439,28.9449771
1998-10-26,0.0,0.267756653,29.133300600000002
1998-10-27,0.0,0.25519409400000004,29.8309387
1998-10-28,0.0,0.242077635,30.2972108
1998-10-29,0.0,0.229711914,29.5638734
1998-10-30,0.0,0.22014770600000003,29.3289001
1998-10-31,0.0,0.208772277,28.343549000000003
1998-11-01,0.0,0.201521302,29.059271000000003
1998-11-02,0.0,0.200270081,29.8562071
1998-11-03,1.3030881881713867,0.195059202,30.5003477
1998-11-04,4.005626175552607,0.187026976,31.6535459
1998-11-05,7.021275341510773,0.19626617699999999,30.7505066
1998-11-06,0.0,0.186053466,31.3959412
1998-11-07,0.0,0.1758087164,30.8237123
1998-11-08,1.809844732284546,0.208566284,28.049066099999997
1998-11-09,0.10472598671913147,0.210531617,29.927899200000002
1998-11-10,13.30421632528305,0.20973511,30.3940671
1998-11-11,6.583484575152397,0.20122985899999998,30.6253235
1998-11-12,0.0780569165945053,0.189779664,30.504046799999998
1998-11-13,0.0,0.17589416600000002,28.7976137
1998-11-14,0.0,0.16587219050000002,28.457647700000003
1998-11-15,0.0,0.1589569085,29.0048279
1998-11-16,1.1016597747802734,0.1527236938,29.008624200000003
1998-11-17,0.0,0.148768616,28.7790343
1998-11-18,3.8914835453033447,0.158422853,27.342327899999997
1998-11-19,0.0,0.156317139,28.773345999999997
1998-11-20,0.0,0.14927826,29.8083803
1998-11-21,0.0,0.14275665399999998,29.691119500000003
1998-11-22,0.0,0.13759155350000002,29.616510299999998
1998-11-23,0.0,0.1337600705,29.562433
1998-11-24,0.0,0.1305206295,29.7075745
1998-11-25,0.0,0.127981569,29.938507199999997
1998-11-26,0.0,0.1260162354,29.355450400000002
1998-11-27,0.0,0.12432861310000001,29.461896000000003
1998-11-28,0.0,0.12283630350000001,29.2449523
1998-11-29,0.0,0.121662903,29.2185363
1998-11-30,0.0,0.1208267215,29.5312073
1998-12-01,0.0,0.120027161,30.3753235
1998-12-02,0.0,0.11918945300000001,31.0850892
1998-12-03,0.0,0.11838378949999999,30.550787300000003
1998-12-04,0.0,0.117724609,30.4719299
1998-12-05,0.0,0.1172424315,30.224908499999998
1998-12-06,0.0,0.1168319696,30.4969058
1998-12-07,0.0,0.1164749151,30.374151899999998
1998-12-08,0.0,0.116111755,30.2731994
1998-12-09,0.0,0.1158004765,30.1455627
1998-12-10,0.0,0.1155075079,30.4189753
1998-12-11,0.0,0.115258789,30.5244934
1998-12-12,0.0,0.1150650035,30.5112123
1998-12-13,0.0,0.1149063105,29.9241516
1998-12-14,0.0,0.1147857664,28.650177000000003
1998-12-15,0.0,0.1148132336,30.6865296
1998-12-16,0.0,0.11457824729999999,30.9688782
1998-12-17,0.0,0.114468385,30.196563700000002
1998-12-18,0.0,0.11432647600000001,29.9751283
1998-12-19,0.0,0.11421051,29.8034731
1998-12-20,0.0,0.1141174305,29.296294999999997
1998-12-21,0.0,0.1140335084,29.360016
1998-12-22,0.0,0.1139587406,29.6049622
1998-12-23,0.0,0.1138946524,29.802569499999997
1998-12-24,0.0,0.11380462620000001,30.301641699999998
1998-12-25,0.0,0.11373901410000001,30.7675841
1998-12-26,0.0,0.1136566164,29.8413636
1998-12-27,0.0,0.1135971077,29.618292000000004
1998-12-28,0.0,0.113522339,30.0722961
1998-12-29,0.0,0.11344451929999999,30.047344900000002
1998-12-30,0.0,0.11340179399999999,29.2691956
1998-12-31,0.0,0.11331329370000001,30.535455300000002
1999-01-01,0.0,0.1132705681,31.2256165
1999-01-02,0.0,0.11321716200000001,31.055499400000002
1999-01-03,0.0,0.11315154990000001,30.5191711
1999-01-04,0.0,0.1131195066,29.6271789
1999-01-05,0.0,0.11317596430000001,27.9164613
1999-01-06,0.0,0.122393799,25.6229556
1999-01-07,0.0,0.1207580565,27.330084399999997
1999-01-08,0.0,0.1188797006,29.1513975
1999-01-09,0.0,0.1174911491,29.3652647
1999-01-10,0.0,0.1164672854,30.3799619
1999-01-11,0.0,0.1157012937,29.960821599999996
1999-01-12,0.0,0.1152252207,28.6869689
1999-01-13,0.0,0.11475067089999999,30.6090638
1999-01-14,0.0,0.1144149794,31.719244300000003
1999-01-15,0.0,0.11412048239999999,32.1528136
1999-01-16,0.0,0.11387939520000001,31.3832092
1999-01-17,0.0,0.1136932369,31.458917399999997
1999-01-18,0.0,0.11353301959999999,32.4411682
1999-01-19,0.0,0.11340637280000002,32.1434142
1999-01-20,0.0,0.11332550000000001,31.9126772
1999-01-21,0.0,0.11327819809999999,30.938482800000003
1999-01-22,0.0,0.113252259,30.049322699999998
1999-01-23,0.0,0.11317138499999999,29.173126000000003
1999-01-24,0.0,0.113108827,29.1044738
1999-01-25,0.0,0.11309204219999999,30.533160599999995
1999-01-26,0.0,0.1130691537,29.486090100000002
1999-01-27,0.0,0.1130294811,30.103716900000002
1999-01-28,0.0,0.1130310059,28.6721252
1999-01-29,0.0,0.112983703,29.7144348
1999-01-30,0.0,0.11296691789999999,28.9780578
1999-01-31,0.0,0.11293640229999999,28.6043029
1999-02-01,0.0,0.1129287733,28.629571499999997
1999-02-02,0.0,0.11290740989999999,29.2321107
1999-02-03,0.0,0.11286010630000001,30.237164200000002
1999-02-04,0.0380745194852352,0.1132736207,29.9069641
1999-02-05,0.0,0.1131500253,30.768145800000003
1999-02-06,0.0,0.11309204130000002,30.9597472
1999-02-07,0.0,0.11302032580000002,31.3583071
1999-02-08,0.0,0.11293029839999999,30.438385099999998
1999-02-09,0.0,0.11314849869999999,29.8990053
1999-02-10,0.0,0.11303100699999999,31.2375307
1999-02-11,0.0,0.1129516599,32.4236148
1999-02-12,0.0,0.11285095250000002,32.2959289
1999-02-13,0.0,0.1127700801,34.6317933
1999-02-14,0.0,0.11267700170000002,35.426763699999995
1999-02-15,0.0,0.11264495810000001,34.0893125
1999-02-16,0.0,0.11266632029999998,32.4731508
1999-02-17,0.0,0.1125991829,33.073028799999996
1999-02-18,0.0,0.112605285,33.495562899999996
1999-02-19,0.0,0.1125274667,34.784625
1999-02-20,0.0,0.1124786354,34.3470767
1999-02-21,0.0,0.11243133629999999,35.2843812
1999-02-22,0.0,0.1123870848,35.2359922
1999-02-23,0.0,0.11234436109999998,36.6683166
1999-02-24,0.0,0.11233673130000002,35.006988
1999-02-25,0.0,0.1123168959,34.8329651
1999-02-26,0.0,0.1122879031,35.7021549
1999-02-27,0.0,0.1122360238,36.5001528
1999-02-28,0.0,0.1122039798,36.614068700000004
1999-03-01,0.0,0.11214904740000001,36.5877988
1999-03-02,0.0,0.11212158180000001,35.5743715
1999-03-03,0.0,0.11214294360000002,34.2072329
1999-03-04,0.0,0.11213684100000001,35.0296454
1999-03-05,0.0,0.1121276865,35.6001039
1999-03-06,0.0,0.1120620721,35.3052795
1999-03-07,0.0,0.1120300299,35.0951477
1999-03-08,0.0,0.11204376320000001,33.3810608
1999-03-09,0.0,0.112028503,33.5587221
1999-03-10,0.0,0.1120178211,32.1815496
1999-03-11,0.0,0.1119689945,33.206964299999996
1999-03-12,0.0,0.111885071,34.1937561
1999-03-13,0.0,0.1118194583,35.1311586
1999-03-14,0.0,0.1117813105,35.1879943
1999-03-15,0.0,0.1117584228,35.2250062
1999-03-16,0.0,0.1117218016,34.4746155
1999-03-17,0.0,0.1116439816,34.2196349
1999-03-18,0.0,0.1115615843,33.1532779
1999-03-19,0.0,0.11147460940000001,33.5265928
1999-03-20,0.0,0.1114639284,35.0426821
1999-03-21,0.0,0.1114166262,34.393268
1999-03-22,0.0,0.11138153120000001,34.4848698
1999-03-23,0.0,0.1113403325,34.8113832
1999-03-24,0.0,0.1112884526,34.1886777
1999-03-25,0.0,0.11126556480000001,34.4350158
1999-03-26,0.0,0.1112045285,35.4987855
1999-03-27,0.0,0.1111022934,36.847223
1999-03-28,0.0,0.1110931396,36.4093805
1999-03-29,0.0,0.1109741211,37.457135199999996
1999-03-30,0.0,0.11091155989999998,39.6696843
1999-03-31,0.0,0.1108886724,35.244440000000004
1999-04-01,0.0,0.1107345568,35.446441400000005
1999-04-02,0.0,0.110644531,36.727057200000004
1999-04-03,0.0,0.11064605649999999,37.4171935
1999-04-04,0.0,0.11063385080000002,38.1270081
1999-04-05,0.0,0.1105743406,36.5525454
1999-04-06,0.0,0.1105331414,35.4665095
1999-04-07,0.0,0.1105941775,36.2105525
1999-04-08,0.0,0.1105209355,35.5882872
1999-04-09,0.0,0.1104949948,35.6915104
1999-04-10,0.0,0.1104553229,36.182598999999996
1999-04-11,0.0,0.1104293824,36.0757385
1999-04-12,0.0,0.1103317265,35.7867491
1999-04-13,0.0,0.11033630409999999,34.8709536
1999-04-14,0.0,0.11043701239999999,34.8428034
1999-04-15,0.0,0.1103408803,36.2693664
1999-04-16,0.0,0.11020507799999998,37.5503964
1999-04-17,0.0,0.110137938,38.1415591
1999-04-18,0.0,0.1100769041,37.100885
1999-04-19,0.0,0.1100341811,35.740167199999995
1999-04-20,0.0,0.1100158693,35.336798800000004
1999-04-21,0.0,0.10996246309999999,35.3192443
1999-04-22,0.0,0.1100112916,35.198956599999995
1999-04-23,0.0,0.1101135241,35.80303310000001
1999-04-24,0.0,0.1101364136,35.6533023
1999-04-25,0.0,0.110713196,35.0576232
1999-04-26,0.0,0.111235047,34.6787658
1999-04-27,0.0,0.11097869739999999,35.163629199999995
1999-04-28,0.0,0.1111480718,35.2731749
1999-04-29,0.0,0.11100311349999999,35.6554988
1999-04-30,0.0,0.1110061648,35.6449767
1999-05-01,0.0,0.11094970639999999,35.636919899999995
1999-05-02,0.0,0.1108612064,35.7432681
1999-05-03,0.0,0.11080016969999999,36.2955144
1999-05-04,0.0,0.110865784,35.9242733
1999-05-05,0.0,0.1109771728,35.7545961
1999-05-06,0.0,0.11097412150000001,35.7502503
1999-05-07,0.0,0.11162414570000001,35.4949767
1999-05-08,0.0,0.116320801,34.973468000000004
1999-05-09,0.0,0.1158126835,35.8079899
1999-05-10,0.0,0.1153152473,35.559454099999996
1999-05-11,0.0,0.11523590000000002,35.709088099999995
1999-05-12,0.0,0.11447601199999999,36.1258848
1999-05-13,0.0,0.11398620649999999,36.0342835
1999-05-14,0.0,0.11395568920000002,36.4718076
1999-05-15,0.0,0.1138000492,36.7568664
1999-05-16,0.0,0.11370392,36.4345766
1999-05-17,20.141479969024658,0.219676208,29.2576843
1999-05-18,0.0,0.20622863900000002,31.714556400000003
1999-05-19,1.6787775680422783,0.259913636,30.743219
1999-05-20,2.149367168545723,0.26265106400000005,31.4408749
1999-05-21,2.104897767305374,0.266627504,31.502032399999997
1999-05-22,0.4133692979812622,0.278068543,30.2576842
1999-05-23,14.080499470233917,0.280364988,31.381195
1999-05-24,0.0,0.249778748,31.474652100000004
1999-05-25,0.0,0.22301635500000003,32.3778138
1999-05-26,0.0,0.204760742,32.1317448
1999-05-27,0.0,0.187492371,31.930902200000002
1999-05-28,0.0,0.174760437,33.024811
1999-05-29,0.0,0.16089630100000002,32.7339902
1999-05-30,0.0,0.18032684400000001,31.502716299999996
1999-05-31,0.23658356070518494,0.212686157,30.930145099999997
1999-06-01,7.229328215122223,0.254653931,31.1105776
1999-06-02,15.310716032981873,0.26972808800000003,30.908307100000002
1999-06-03,17.61525249481201,0.261933898,31.365472399999998
1999-06-04,0.0,0.255174256,32.0457824
1999-06-05,0.0,0.245414736,32.6396544
1999-06-06,0.0,0.22082977399999998,32.7806091
1999-06-07,0.0,0.20890808,32.5196598
1999-06-08,0.035206932574510574,0.196917725,32.2001037
1999-06-09,0.44775795191526413,0.224888612,30.8791444
1999-06-10,0.0,0.251922608,30.843511799999998
1999-06-11,0.4896014332771301,0.29968872,28.6831848
1999-06-12,3.709617242217064,0.367141722,27.139349400000004
1999-06-13,25.78062655031681,0.35350951999999997,29.046508800000005
1999-06-14,17.04055768251419,0.335971069,29.9435911
1999-06-15,0.75126151740551,0.330250547,28.9715758
1999-06-16,2.424642026424408,0.390476991,25.4870421
1999-06-17,68.73533344268799,0.397303768,25.295385500000002
1999-06-18,17.977820992469788,0.419699096,27.208709900000002
1999-06-19,36.87253427505493,0.425279236,25.712835899999998
1999-06-20,52.701085329055786,0.408834841,26.431518399999998
1999-06-21,22.406583547592163,0.39946593999999996,26.878320600000002
1999-06-22,41.436134338378906,0.432682799,25.0518372
1999-06-23,119.9655499458313,0.404446412,25.8855405
1999-06-24,13.556621789932251,0.397100827,26.7857238
1999-06-25,28.99784088134766,0.394619752,26.167175399999998
1999-06-26,22.855029344558716,0.385620117,28.4711184
1999-06-27,4.830289900302887,0.38369751,28.728979399999997
1999-06-28,4.977230787277222,0.39055175599999997,28.341687
1999-06-29,6.191065430641174,0.37262725799999996,29.3120789
1999-06-30,2.4196307957172394,0.376052856,29.792340000000003
1999-07-01,1.1151221990585327,0.356082155,29.349762
1999-07-02,1.844769649207592,0.357627872,29.556671299999998
1999-07-03,4.691773913800716,0.369340514,29.565124400000002
1999-07-04,4.267602801322937,0.35816650299999997,29.8849489
1999-07-05,0.5861898828297853,0.355444337,29.7185
1999-07-06,0.0,0.355838011,28.720520099999998
1999-07-07,5.85802236199379,0.40284118700000004,26.329107599999997
1999-07-08,41.34627318382263,0.40331268600000003,26.469012499999998
1999-07-09,16.485621452331543,0.401168823,28.3384949
1999-07-10,7.039519488811493,0.406971739,27.0016417
1999-07-11,53.23123836517334,0.39434051600000003,28.2522154
1999-07-12,3.1018735468387604,0.405725098,25.877209299999997
1999-07-13,13.299206852912903,0.411499021,24.971160899999997
1999-07-14,43.04788064956665,0.414964295,26.09151
1999-07-15,65.32084083557129,0.412138367,25.3462524
1999-07-16,76.3231201171875,0.417906193,25.089190600000002
1999-07-17,80.8165168762207,0.411616517,25.5312439
1999-07-18,64.37279033660889,0.42369232300000004,26.970092599999997
1999-07-19,71.08626317977905,0.40708770699999997,25.0255677
1999-07-20,22.28633213043213,0.40533752700000003,26.086749200000003
1999-07-21,16.322819232940674,0.41184082,25.962842000000002
1999-07-22,7.859682559967041,0.408023071,26.0867857
1999-07-23,12.700451493263245,0.40241699000000003,25.3955812
1999-07-24,2.778995305299759,0.398953248,25.5899779
1999-07-25,5.759615898132324,0.40195465300000005,26.133099500000004
1999-07-26,19.19916081428528,0.412243652,26.839855899999996
1999-07-27,18.31023859977722,0.394120787,25.732416
1999-07-28,11.05864953994751,0.3861145,28.120935100000004
1999-07-29,1.7000637277960777,0.386634826,27.303350799999997
1999-07-30,1.2741169333457947,0.382139586,28.2093749
1999-07-31,3.2706724405288696,0.375685119,28.542700200000002
1999-08-01,5.467459678649902,0.374383548,28.239580999999998
1999-08-02,1.1862735450267792,0.37446899299999997,28.0990477
1999-08-03,8.080767273902893,0.37873382600000005,26.4521731
1999-08-04,4.523214653134346,0.39619445799999997,25.1084532
1999-08-05,13.874206066131594,0.40036621099999997,24.9533263
1999-08-06,57.55563259124756,0.399781799,24.0440551
1999-08-07,25.225038290023804,0.402958679,26.0057801
1999-08-08,17.14573311805725,0.39350128300000004,26.079113999999997
1999-08-09,6.4122596979141235,0.39657135,25.754571700000003
1999-08-10,1.8606922626495361,0.39674835,26.586114599999995
1999-08-11,4.61269599199295,0.381414794,27.8255068
1999-08-12,3.3007920384407043,0.378959659,27.553491200000003
1999-08-13,2.1919184923171997,0.38221588300000003,26.4774229
1999-08-14,0.2185039259493351,0.366619875,28.910424999999996
1999-08-15,2.3497286587953568,0.365155031,29.2131101
1999-08-16,2.0533301383256912,0.357458497,29.246826400000003
1999-08-17,0.43643951043486595,0.35652008100000004,29.0127564
1999-08-18,0.6156067326664925,0.34631347999999995,29.583984499999996
1999-08-19,3.587703287601471,0.339743043,29.3987977
1999-08-20,2.13003471493721,0.349275208,28.8973998
1999-08-21,0.7987344115972519,0.35487976,26.586126999999998
1999-08-22,2.3128929883241653,0.36622467200000003,27.803564299999998
1999-08-23,0.8567192256450653,0.350169373,28.30733
1999-08-24,1.8545168042182922,0.34577026499999997,28.8513855
1999-08-25,0.4031594395637512,0.351820375,27.681390399999998
1999-08-26,6.238478899002075,0.388520812,27.6206114
1999-08-27,19.971554279327393,0.38704529,27.583166499999997
1999-08-28,8.15469515323639,0.377713008,28.0052796
1999-08-29,6.923130989074707,0.36558837899999996,28.520813099999998
1999-08-30,0.9288809597492218,0.362335208,28.3799072
1999-08-31,2.0743771493434906,0.358592223,28.466271799999998
1999-09-01,3.575015604496002,0.35810546800000004,27.967449799999997
1999-09-02,12.451716423034668,0.374734499,27.2911011
1999-09-03,7.220590710639954,0.37929535,27.2763367
1999-09-04,9.122354328632355,0.385208133,26.351714800000003
1999-09-05,21.708521366119385,0.386561586,27.7246215
1999-09-06,16.031557321548462,0.378106688,27.411682300000002
1999-09-07,4.663856267929077,0.372599795,27.5642455
1999-09-08,0.0,0.379429629,26.525854499999998
1999-09-09,7.641094870865345,0.38544158900000003,28.0307374
1999-09-10,32.207995653152466,0.40282440199999997,25.4215942
1999-09-11,22.643835067749023,0.409263612,25.513244500000003
1999-09-12,53.516432762145996,0.40141601400000004,26.152105499999998
1999-09-13,78.63273620605469,0.389665223,26.7477356
1999-09-14,12.769930124282837,0.389625552,27.700842299999998
1999-09-15,2.6447774171829224,0.379568481,28.073486300000003
1999-09-16,5.19048772752285,0.374186708,27.9622925
1999-09-17,6.697689175605774,0.366326904,28.641393799999996
1999-09-18,1.383978445082903,0.361114502,28.3526183
1999-09-19,1.125318519771099,0.355239868,28.440637200000005
1999-09-20,1.6726564466953278,0.34530334900000004,28.6342104
1999-09-21,0.0,0.343453978,29.0389161
1999-09-22,2.2261573672294617,0.352642825,27.0466554
1999-09-23,8.84344232082367,0.34216766600000004,27.860296800000004
1999-09-24,1.9264362081885338,0.374864197,27.7795961
1999-09-25,0.28780054673552513,0.395846555,29.0002747
1999-09-26,0.41568709909915924,0.381925964,28.5923221
1999-09-27,12.882736511528492,0.394338992,27.6496643
1999-09-28,9.758622765541077,0.402326965,28.8993163
1999-09-29,14.752230405807495,0.398631285,28.8812317
1999-09-30,16.79482674598694,0.41387481499999995,27.661395499999998
1999-10-01,10.711804270744324,0.391688539,27.9169738
1999-10-02,25.523963689804077,0.392445374,27.8830139
1999-10-03,0.058542687445878976,0.394728092,27.992559699999997
1999-10-04,0.9224986135959625,0.380386354,28.005658099999998
1999-10-05,1.1485290080308914,0.370962527,29.115295500000002
1999-10-06,3.901984080672264,0.35020294500000004,30.5567995
1999-10-07,7.736064493656159,0.37857666,30.1096069
1999-10-08,66.96467399597168,0.403497311,28.0174011
1999-10-09,6.62420191988349,0.395954894,29.7139036
1999-10-10,20.228488624095917,0.373304749,29.35249
1999-10-11,20.2411847114563,0.36755981699999996,29.372387600000003
1999-10-12,0.0,0.37926178,28.4764162
1999-10-13,0.0,0.360798644,29.2904419
1999-10-14,0.11613249033689498,0.35819244299999997,29.265332100000002
1999-10-15,10.515430122613907,0.334701538,30.0367187
1999-10-16,0.0,0.314173888,30.182025499999998
1999-10-17,0.0,0.295425416,29.837231300000003
1999-10-18,0.0,0.280313108,29.0966674
1999-10-19,0.0,0.268070983,29.2302917
1999-10-20,0.0,0.256130982,29.7540587
1999-10-21,0.0,0.244444274,30.068670700000002
1999-10-22,0.0,0.23262939500000002,29.7890808
1999-10-23,0.0,0.220657351,29.1996888
1999-10-24,0.0,0.209286499,29.091876000000003
1999-10-25,0.0,0.199185181,29.3349915
1999-10-26,0.0,0.19230346599999998,30.4353698
1999-10-27,0.05711178109049795,0.196372986,29.603582699999997
1999-10-28,0.0,0.1887146005,30.349505599999997
1999-10-29,0.0,0.18120727460000002,29.909894
1999-10-30,0.0,0.1757156385,29.2235658
1999-10-31,0.0,0.1709640506,29.293511799999997
1999-11-01,0.0,0.16581726,29.6091372
1999-11-02,0.0,0.15981903150000001,30.205597
1999-11-03,0.0,0.1539077765,30.3035949
1999-11-04,0.0,0.14955596850000002,29.985967900000002
1999-11-05,0.0,0.146511841,30.2622863
1999-11-06,0.0,0.143466188,30.3980285
1999-11-07,0.0,0.140093995,31.4517394
1999-11-08,0.0,0.1365692128,31.123150399999997
1999-11-09,0.0,0.133694459,31.2123108
1999-11-10,0.0,0.131495669,31.059845000000003
1999-11-11,0.0,0.129508972,30.850958300000002
1999-11-12,0.0,0.12800140399999999,30.6136294
1999-11-13,0.0,0.1263671865,30.535479700000003
1999-11-14,0.0,0.12484283440000002,30.714068500000003
1999-11-15,0.0,0.12337493930000001,30.339459299999998
1999-11-16,0.0,0.12211608840000002,30.403644000000003
1999-11-17,0.0,0.12106781,30.4272276
1999-11-18,0.0,0.120150758,30.4141664
1999-11-19,0.0,0.1194137574,29.9596984
1999-11-20,0.0,0.11874694830000002,29.739825500000002
1999-11-21,0.0,0.11811981099999999,29.975958000000002
1999-11-22,0.0,0.1176620478,29.790436
1999-11-23,0.0,0.1171981822,29.8431701
1999-11-24,0.0,0.11682739309999998,30.3668029
1999-11-25,0.0,0.1167617796,30.4235658
1999-11-26,0.0,0.11639862100000001,31.145538499999997
1999-11-27,0.0,0.1161041274,30.572467
1999-11-28,0.0,0.1157791141,30.503936700000004
1999-11-29,0.0,0.1155487052,30.3005188
1999-11-30,0.0,0.11532440149999998,30.736334199999998
1999-12-01,0.0,0.115101623,30.7354552
1999-12-02,0.0,0.1148941045,30.216046
1999-12-03,0.0,0.1147705076,29.887066700000002
1999-12-04,0.0,0.11463623090000001,29.6752746
1999-12-05,0.0,0.11454925540000001,29.575689699999998
1999-12-06,0.0,0.1144927974,28.723150600000004
1999-12-07,0.0,0.1145050041,28.1625061
1999-12-08,0.0,0.11447296250000001,28.299884
1999-12-09,0.0,0.11431732160000001,29.611847
1999-12-10,0.0,0.114169312,29.5829162
1999-12-11,0.0,0.11405181899999998,29.1721251
1999-12-12,0.0,0.11394195650000001,28.6043273
1999-12-13,0.0,0.11386108310000001,28.8535461
1999-12-14,0.0,0.113792419,29.0570129
1999-12-15,0.0,0.11369934150000001,29.9757142
1999-12-16,0.0,0.11360931329999999,30.281890799999996
1999-12-17,0.0,0.11354675350000001,30.137799
1999-12-18,0.0,0.1134765636,30.0660461
1999-12-19,0.0,0.11342010570000001,29.953595
1999-12-20,0.0,0.1133499138,29.615314
1999-12-21,0.0,0.1132919308,29.5921448
1999-12-22,0.0,0.1132461549,30.6915345
1999-12-23,0.0,0.11318969640000001,31.363482299999998
1999-12-24,0.0,0.1131195065,31.5771545
1999-12-25,0.0,0.113098145,30.1527405
1999-12-26,0.0,0.1132003785,30.1009341
1999-12-27,0.0,0.113137817,31.128643899999997
1999-12-28,0.0,0.1130538947,31.628009199999997
1999-12-29,0.0,0.11299285879999998,31.8799378
1999-12-30,0.0,0.1129638668,30.820489499999997
1999-12-31,0.0,0.1129257196,31.0888486
2000-01-01,0.0,0.11288452200000001,32.0075988
2000-01-02,0.0,0.11284484880000001,31.7327698
2000-01-03,0.0,0.11280670239999999,31.198248200000002
2000-01-04,0.0,0.1127777101,30.7362121
2000-01-05,0.0,0.11277313250000001,30.7679748
2000-01-06,0.0,0.1127319341,30.351349
2000-01-07,0.0,0.11269836450000001,30.6437563
2000-01-08,0.0,0.112669372,31.183453500000002
2000-01-09,0.0,0.1126480108,31.656354099999998
2000-01-10,0.0,0.11263427740000001,31.216802899999998
2000-01-11,0.0,0.11265258839999999,29.771734400000003
2000-01-12,0.0,0.11268157940000001,28.7397523
2000-01-13,0.0,0.1125991834,29.467559899999998
2000-01-14,0.0,0.11261291479999999,29.0293028
2000-01-15,0.0,0.1125854484,28.4079163
2000-01-16,0.0,0.1125259397,31.2497863
2000-01-17,0.0,0.11248016400000001,33.5050842
2000-01-18,0.0,0.1124237048,34.225982599999995
2000-01-19,0.0,0.112406921,32.8273499
2000-01-20,0.0,0.112393187,30.7879703
2000-01-21,0.0,0.1123825082,29.488824599999997
2000-01-22,0.0,0.1123886116,29.508746300000002
2000-01-23,0.0,0.11240234330000001,30.076739499999995
2000-01-24,0.0,0.1123214719,31.733673099999997
2000-01-25,0.0,0.1122833258,32.1428041
2000-01-26,0.0,0.11225433300000001,32.3295717
2000-01-27,0.0,0.1122512811,31.927862499999996
2000-01-28,0.0,0.11219482489999999,33.7141174
2000-01-29,0.0,0.1121612542,33.0569888
2000-01-30,0.0,0.11213226359999999,32.648004400000005
2000-01-31,0.0,0.11215820219999999,30.5705871
2000-02-01,0.0,0.11230010989999999,29.821417200000003
2000-02-02,0.0,0.1126144412,29.216314699999998
2000-02-03,0.0,0.11382293639999999,29.8043274
2000-02-04,0.0,0.1134536743,29.8135804
2000-02-05,0.0,0.11707916339999999,28.817388900000005
2000-02-06,0.0,0.11602935699999999,29.973492399999998
2000-02-07,0.0,0.1153335571,29.9538881
2000-02-08,0.0,0.114762878,30.324566800000003
2000-02-09,0.0,0.11427154499999999,30.912506200000003
2000-02-10,0.0,0.1139373771,30.300054999999997
2000-02-11,0.0,0.11436462350000001,29.208331299999998
2000-02-12,0.0,0.1139678959,30.011798199999998
2000-02-13,0.0,0.11370239359999998,30.5978335
2000-02-14,0.0,0.1134338376,32.6360413
2000-02-15,0.0,0.113285828,32.6341856
2000-02-16,0.0,0.1131759644,32.4658754
2000-02-17,0.0,0.1130889899,31.0695615
2000-02-18,0.0,0.1129913325,32.029181
2000-02-19,0.0,0.11296997,30.080474900000002
2000-02-20,0.0,0.11349945089999999,29.1499327
2000-02-21,0.0,0.11327209590000001,29.9776428
2000-02-22,0.0,0.1131530761,30.8072816
2000-02-23,0.0,0.113024902,30.928131
2000-02-24,0.0,0.11295013400000001,31.8085999
2000-02-25,0.0,0.11309051519999999,31.7255919
2000-02-26,0.0,0.1128997799,33.105328400000005
2000-02-27,0.0,0.11277465850000001,34.417926
2000-02-28,0.0,0.112670899,35.8324279
2000-02-29,0.0,0.112588502,35.6340388
2000-03-01,0.0,0.11253509580000001,34.6224672
2000-03-02,0.0,0.11252593960000001,33.867975
2000-03-03,0.0,0.112528991,33.2521545
2000-03-04,0.0,0.1124328626,32.4136781
2000-03-05,0.0,0.1125350949,32.1866514
2000-03-06,0.0,0.1124450683,31.1415587
2000-03-07,0.0,0.1125228876,30.685211400000004
2000-03-08,0.0,0.11238250720000001,32.4309632
2000-03-09,0.0,0.11231994649999999,32.7077209
2000-03-10,0.0,0.112295532,32.6705134
2000-03-11,0.0,0.11231384289999999,33.335650099999995
2000-03-12,0.0,0.11236419680000001,32.143536499999996
2000-03-13,0.0,0.1129531868,31.5509092
2000-03-14,0.0,0.1126510627,32.1787658
2000-03-15,0.0,0.11256256090000001,32.4238104
2000-03-16,0.0,0.11245117149999999,32.3154357
2000-03-17,0.0,0.1122985828,32.7465392
2000-03-18,0.0,0.1122253406,33.653717
2000-03-19,0.0,0.1120956412,35.2866755
2000-03-20,0.0,0.1120376595,35.748590300000004
2000-03-21,0.0,0.11201782360000001,35.180181399999995
2000-03-22,0.0,0.11196289079999999,33.902057
2000-03-23,0.0,0.11174469120000001,36.9778374
2000-03-24,0.0,0.11170806930000002,37.8829165
2000-03-25,0.0,0.1116821276,36.664557
2000-03-26,0.0,0.11164855840000001,36.42647100000001
2000-03-27,0.0,0.1116119374,37.2304261
2000-03-28,0.0,0.1115814198,37.3599672
2000-03-29,0.0,0.1115371713,35.5713932
2000-03-30,0.0,0.11159057530000001,36.2577699
2000-03-31,0.0,0.1115219114,37.0137266
2000-04-01,0.0,0.1114517205,39.1028868
2000-04-02,0.0,0.1113891597,37.434283199999996
2000-04-03,0.0,0.11111602760000001,35.2870666
2000-04-04,0.0,0.1112564085,35.094513
2000-04-05,0.0,0.1112869259,35.675104
2000-04-06,0.0,0.111253358,36.065777600000004
2000-04-07,0.0,0.11120452919999999,35.9310854
2000-04-08,0.0,0.1111907951,36.4099666
2000-04-09,0.0,0.11111145060000001,36.9524968
2000-04-10,0.0,0.11103820900000001,36.9162167
2000-04-11,0.0,0.1109832744,36.3381895
2000-04-12,0.0,0.11097106910000001,35.5215146
2000-04-13,0.0,0.11119232100000001,35.2288636
2000-04-14,0.0,0.1114273077,34.8794737
2000-04-15,0.0,0.1117980964,34.9289368
2000-04-16,0.0,0.1116531371,35.3057922
2000-04-17,0.0,0.1115524295,35.4182919
2000-04-18,0.0,0.1114517214,35.9804012
2000-04-19,0.0,0.1113037115,35.594537200000005
2000-04-20,0.0,0.1112182609,37.2021059
2000-04-21,0.0,0.11113586450000001,36.0093321
2000-04-22,0.0,0.11141662540000001,34.8240536
2000-04-23,0.0,0.11138763300000001,35.6910213
2000-04-24,0.0,0.11211547699999999,35.2810117
2000-04-25,0.0,0.1120132436,35.502373899999995
2000-04-26,0.0,0.1122390754,35.508013899999995
2000-04-27,0.0,0.1121734609,35.9262752
2000-04-28,0.0,0.1121780392,35.1805969
2000-04-29,0.0,0.11217346180000001,35.6059877
2000-04-30,0.0,0.11214446900000001,35.9457581
2000-05-01,0.0,0.1119888303,35.6194887
2000-05-02,0.0,0.1118972775,35.2825012
2000-05-03,0.0,0.11197051949999999,35.2335262
2000-05-04,0.0,0.11199493410000001,35.7162661
2000-05-05,0.0,0.1125579833,36.2162906
2000-05-06,0.0,0.11280517670000001,35.9479062
2000-05-07,0.0,0.1126693725,35.5174376
2000-05-08,0.0,0.112553405,35.6322328
2000-05-09,0.0,0.11244964689999999,35.9329894
2000-05-10,0.0,0.1127075196,35.73941069999999
2000-05-11,0.0,0.11293487440000001,35.459625300000006
2000-05-12,0.0,0.1138870241,35.1756167
2000-05-13,0.0,0.1144805896,35.742389100000004
2000-05-14,0.0,0.11673583800000001,35.119049
2000-05-15,0.0,0.183010865,30.794195600000002
2000-05-16,4.41664457321167,0.221102906,31.8842103
2000-05-17,11.450948655605316,0.285069277,27.3674682
2000-05-18,66.94174289703369,0.385588072,25.9312745
2000-05-19,113.20327186584473,0.364028927,30.2339173
2000-05-20,1.3369297161698341,0.328022766,30.601800400000002
2000-05-21,0.0,0.316459655,31.4323853
2000-05-22,0.0,0.30389251700000003,31.6789857
2000-05-23,0.38434201851487154,0.294155884,31.618249600000002
2000-05-24,0.07041386514902115,0.291900634,31.385589500000002
2000-05-25,0.0,0.29799347,31.310907099999998
2000-05-26,0.4941539987921715,0.301365661,31.5979736
2000-05-27,0.19778791069984433,0.287684629,31.7254882
2000-05-28,3.482850220054388,0.331716916,30.182208300000003
2000-05-29,0.0380745157599449,0.312893679,29.8426331
2000-05-30,5.139549016952515,0.344624329,30.4603758
2000-05-31,3.4846872240304947,0.33947906699999997,31.246594299999998
2000-06-01,3.9216732382774353,0.36266632099999996,30.3164063
2000-06-02,29.877512216567993,0.378160094,28.7800476
2000-06-03,5.99648705124855,0.392570492,28.0091249
2000-06-04,24.594854831695557,0.394599915,27.676556499999997
2000-06-05,0.035206932574510574,0.388348387,29.5004455
2000-06-06,31.222156047821045,0.388880917,30.2227052
2000-06-07,1.0440010726451876,0.412419127,27.9374816
2000-06-08,16.136469960212708,0.423437497,26.3421447
2000-06-09,96.44152498245239,0.40585632299999996,27.016033800000002
2000-06-10,3.7044736742973328,0.385267641,29.2929626
2000-06-11,2.678547218441963,0.373562619,30.098620399999998
2000-06-12,0.0,0.36327362,29.835479900000003
2000-06-13,2.060171991586685,0.375909425,29.1638125
2000-06-14,0.6660026982426643,0.368263246,29.1445924
2000-06-15,2.7418927624821663,0.368780518,29.203338600000002
2000-06-16,1.0447265356779099,0.361643983,30.1213378
2000-06-17,0.2066146619617939,0.35529022,29.981390599999997
2000-06-18,0.0,0.353942869,30.2618226
2000-06-19,0.0,0.356301878,28.884906100000002
2000-06-20,0.0,0.337730407,29.0262512
2000-06-21,0.0,0.350006108,28.9836855
2000-06-22,0.0,0.35004119899999997,29.719366400000002
2000-06-23,5.17689111828804,0.365782166,28.263171399999997
2000-06-24,9.907307386398315,0.363005069,29.9660214
2000-06-25,19.878906071186066,0.357354737,29.2606568
2000-06-26,11.819915056228638,0.386926269,28.6463745
2000-06-27,24.53632521629334,0.387141416,27.834381200000003
2000-06-28,12.66690468788147,0.391770937,27.201422100000002
2000-06-29,27.464044332504272,0.401774599,25.958087
2000-06-30,29.81332564353943,0.407460022,25.4073302
2000-07-01,20.162384033203125,0.403158572,26.0559388
2000-07-02,15.377272367477417,0.414582825,26.6582642
2000-07-03,42.74258518218994,0.403219603,27.3367186
2000-07-04,135.24670886993408,0.40447845400000004,26.8100099
2000-07-05,34.47742533683777,0.423583983,28.4703308
2000-07-06,44.591753005981445,0.40707702799999995,28.0505067
2000-07-07,91.49354696273804,0.39711608800000003,27.836535700000002
2000-07-08,139.66622924804688,0.40946197399999995,25.605816800000003
2000-07-09,94.11043357849121,0.42238311800000006,24.850384400000003
2000-07-10,98.54499053955078,0.412422181,24.9522886
2000-07-11,32.89471483230591,0.41799316500000006,25.020330899999998
2000-07-12,109.73298835754395,0.420159912,24.9608949
2000-07-13,284.2731132507324,0.413864138,25.2360897
2000-07-14,24.129350423812866,0.394206237,25.838671899999998
2000-07-15,19.863106608390808,0.401141356,25.7087096
2000-07-16,5.864826738834381,0.403796385,26.3400329
2000-07-17,1.6968517750501633,0.394442747,27.4666624
2000-07-18,7.4523579850792885,0.394056701,27.5319215
2000-07-19,8.798722445964813,0.379501341,28.9062073
2000-07-20,7.3489959836006165,0.383366393,28.1375246
2000-07-21,6.741049870848656,0.37965698400000003,28.740637100000004
2000-07-22,3.736735761165619,0.372084046,28.768658199999997
2000-07-23,1.0098825208842754,0.366288758,28.8997864
2000-07-24,0.5085555613040924,0.36439514,28.8109985
2000-07-25,0.4549121782183647,0.35597992,29.1455201
2000-07-26,1.2415379881858826,0.35881957999999997,28.627929799999997
2000-07-27,0.0,0.363935852,28.508166199999998
2000-07-28,0.11783103831112382,0.362210081,28.526758100000002
2000-07-29,0.0,0.354673766,29.307317899999997
2000-07-30,0.3362394720315933,0.348342897,29.205041299999998
2000-07-31,0.0440663918852806,0.354995728,29.086895700000003
2000-08-01,0.29668186604976654,0.348002624,29.2391663
2000-08-02,0.21515421569347382,0.337145999,29.62677
2000-08-03,0.2801084816455841,0.340757751,29.3000307
2000-08-04,1.3177440911531448,0.33657532,30.1455506
2000-08-05,2.0864279568195343,0.332948303,30.312701299999997
2000-08-06,0.11422354727983475,0.327465821,30.0219604
2000-08-07,0.0,0.319111637,29.835193099999998
2000-08-08,11.428601026535034,0.318519589,29.8325744
2000-08-09,7.647907437756658,0.342443848,25.9889892
2000-08-10,20.629876613616943,0.409248352,24.9990418
2000-08-11,138.4485378265381,0.42793121300000003,24.9345583
2000-08-12,28.87508535385132,0.394799806,27.2800292
2000-08-13,29.20028781890869,0.386538696,28.329840100000002
2000-08-14,3.213756263256073,0.37337494000000004,29.352075300000003
2000-08-15,3.2259324193000793,0.367843625,29.248766999999997
2000-08-16,2.6529643535614014,0.367507936,28.6546694
2000-08-17,11.48515222966671,0.388452148,27.069995
2000-08-18,3.1556084156036377,0.37722778300000004,28.4730468
2000-08-19,4.018142342567444,0.39112854,26.2123474
2000-08-20,2.3914419412612915,0.398500064,25.34881
2000-08-21,5.441081643104553,0.40311432199999997,25.1479856
2000-08-22,38.52622938156128,0.414851379,25.9856138
2000-08-23,37.68021869659424,0.40094452199999997,27.7737732
2000-08-24,19.521638870239258,0.401811219,27.265686
2000-08-25,60.76729965209961,0.40903472900000004,26.4915588
2000-08-26,4.822890043258667,0.391136172,26.0911315
2000-08-27,14.137956380844116,0.412718201,25.8223082
2000-08-28,56.49927234649658,0.419885252,25.2623841
2000-08-29,38.66452932357788,0.407852172,25.1951539
2000-08-30,15.153729438781738,0.40446776799999995,26.8695068
2000-08-31,11.353777647018433,0.399960329,26.5899415
2000-09-01,29.35127019882202,0.411564634,26.3661255
2000-09-02,13.711472630500793,0.38961639299999995,27.850293
2000-09-03,1.8963901475071907,0.38236999699999996,27.8736452
2000-09-04,2.8488993644714355,0.374674986,28.394903499999998
2000-09-05,1.4156189858913422,0.371087646,27.9234801
2000-09-06,3.960562527179718,0.385266112,25.8570739
2000-09-07,0.11422354727983475,0.384396363,25.9424867
2000-09-08,0.6790901347994804,0.36967163,27.9679261
2000-09-09,2.1969219744205475,0.366947936,28.751300099999998
2000-09-10,0.13161294534802437,0.36470947200000003,28.5620302
2000-09-11,1.7482706047594547,0.360279845,28.2331418
2000-09-12,0.6680170148611069,0.36125030599999997,28.555920500000003
2000-09-13,0.057111773639917374,0.352896117,28.965051199999998
2000-09-14,0.0,0.332078553,29.259497
2000-09-15,0.0,0.32236328200000003,28.7115661
2000-09-16,0.0,0.317160033,28.3908997
2000-09-17,0.0,0.305967711,28.639471300000004
2000-09-18,0.0,0.300119016,28.463476800000002
2000-09-19,0.0,0.283496093,29.1961426
2000-09-20,0.0,0.271679687,29.461651999999997
2000-09-21,1.6824724897742271,0.287464905,30.260552999999998
2000-09-22,15.134427666664124,0.2778656,30.7808659
2000-09-23,15.692015886306763,0.276440431,30.7475771
2000-09-24,1.2303228452801704,0.302938842,31.621173
2000-09-25,0.07614903151988983,0.344903561,30.764050399999995
2000-09-26,0.29474812000989914,0.343443299,30.900238
2000-09-27,12.335034728050232,0.374566652,30.3644471
2000-09-28,0.22922577708959577,0.332752993,30.4059999
2000-09-29,0.4600089192390442,0.347705076,29.5893737
2000-09-30,1.2559880912303925,0.333244324,29.7123107
2000-10-01,0.9894890189170837,0.330282591,30.5467958
2000-10-02,5.851093769073486,0.352496337,30.9805907
2000-10-03,0.0,0.325906374,31.164794899999997
2000-10-04,0.0,0.313558964,30.9075988
2000-10-05,0.0,0.311228941,30.1080505
2000-10-06,3.0610868334770203,0.32783966200000003,29.5030395
2000-10-07,0.5439167767763138,0.373831175,29.0165343
2000-10-08,3.5828091502189636,0.356845093,28.4809754
2000-10-09,7.985036492347717,0.377359012,28.9183044
2000-10-10,1.3717891573905945,0.38339386200000003,28.7120968
2000-10-11,0.0,0.365904236,29.4497254
2000-10-12,14.832596182823181,0.37657623300000004,28.435199
2000-10-13,0.0,0.39624786300000003,28.574438400000002
2000-10-14,0.0,0.365231325,29.2589721
2000-10-15,0.0,0.339210513,30.520471300000004
2000-10-16,0.0,0.317144774,30.272760299999998
2000-10-17,0.0,0.29919586200000003,29.9393127
2000-10-18,0.0,0.28381805400000004,29.7126463
2000-10-19,0.0,0.27076416000000003,30.1253115
2000-10-20,0.0,0.260282897,30.2518615
2000-10-21,0.0,0.249609375,30.7516663
2000-10-22,0.0,0.24227294900000002,30.5283994
2000-10-23,0.0,0.232060244,30.3806334
2000-10-24,0.0,0.22261047299999998,30.448651
2000-10-25,0.0,0.211659241,30.476165700000003
2000-10-26,0.0,0.200845334,30.624749700000002
2000-10-27,0.0,0.19064330899999998,30.8772767
2000-10-28,0.0,0.181910705,30.8993589
2000-10-29,0.0,0.174865722,30.7477354
2000-10-30,0.0,0.167880249,30.566339199999998
2000-10-31,0.0,0.1609878554,30.8152647
2000-11-01,0.0,0.154229736,30.983795199999996
2000-11-02,0.0,0.1479354855,31.6093812
2000-11-03,0.0,0.1434478749,31.577227999999998
2000-11-04,0.0,0.14082946899999998,30.9661436
2000-11-05,0.0,0.1382629396,31.2343811
2000-11-06,0.0,0.1351226796,32.1430971
2000-11-07,0.0,0.133297729,32.234454400000004
2000-11-08,0.0,0.1310363771,32.3912902
2000-11-09,0.0,0.1286422721,32.251568199999994
2000-11-10,0.0,0.1264816281,32.005499300000004
2000-11-11,0.0,0.12472839250000001,31.765045199999996
2000-11-12,0.0,0.1233215335,31.5074767
2000-11-13,0.0,0.122241211,31.6936339
2000-11-14,0.0,0.12119140660000001,31.838311800000003
2000-11-15,0.0,0.120326233,31.5581114
2000-11-16,0.0,0.1194839486,31.6662171
2000-11-17,0.0,0.11871185359999999,31.3810851
2000-11-18,0.0,0.11805572449999999,30.9861876
2000-11-19,0.0,0.11765136699999998,30.4207093
2000-11-20,0.0,0.1173767094,29.8251771
2000-11-21,0.0,0.1169509884,30.244146699999998
2000-11-22,0.0,0.1165252668,31.302862499999996
2000-11-23,0.0,0.1161331176,32.0573058
2000-11-24,0.0,0.115766907,31.604205
2000-11-25,0.0,0.1154327396,31.3446839
2000-11-26,0.0,0.1152191149,30.561261000000002
2000-11-27,0.0,0.1150482172,29.5313047
2000-11-28,0.0,0.11495818980000001,29.3680728
2000-11-29,0.0,0.11472015399999999,30.647564699999997
2000-11-30,0.0,0.11452789420000001,30.357135
2000-12-01,0.0,0.1143630984,30.763946299999997
2000-12-02,0.0,0.1141830444,31.1566466
2000-12-03,0.0,0.1140090939,31.3995909
2000-12-04,0.0,0.11384429950000001,31.244390900000003
2000-12-05,0.0,0.113790894,30.166437000000002
2000-12-06,0.0,0.11371459980000001,30.521905299999997
2000-12-07,0.0,0.1136245736,30.868829299999998
2000-12-08,0.0,0.11353454469999999,30.738897700000003
2000-12-09,0.0,0.11347198600000001,30.675494300000004
2000-12-10,0.0,0.11342163089999999,30.056207399999998
2000-12-11,0.0,0.113365173,30.3830386
2000-12-12,0.0,0.11334381150000002,30.5263977
2000-12-13,0.0,0.113256836,30.3997864
2000-12-14,0.0,0.11319427499999998,30.5082094
2000-12-15,0.0,0.1131347654,30.8885313
2000-12-16,0.0,0.1130981445,30.3253965
2000-12-17,0.0,0.1130493162,30.244537200000003
2000-12-18,0.0,0.1130096433,29.830816399999996
2000-12-19,0.0,0.11298065259999998,29.742242499999996
2000-12-20,0.0,0.11293792759999999,30.506500199999998
2000-12-21,0.0,0.1128890999,31.275323300000004
2000-12-22,0.0,0.1128494269,31.124688900000002
2000-12-23,0.0,0.11280822860000002,31.0918519
2000-12-24,0.0,0.11276702899999999,30.862188600000003
2000-12-25,0.0,0.11275482079999999,30.413751400000002
2000-12-26,0.0,0.11271057129999999,30.801177799999998
2000-12-27,0.0,0.11270141649999998,30.7383364
2000-12-28,0.0,0.11266326950000001,31.385968000000002
2000-12-29,0.105889230966568,0.11264190649999999,31.408917300000002
2000-12-30,0.1186727490276098,0.11477203389999999,28.862066900000002
2000-12-31,3.9900921583175655,0.28199920500000003,18.927264400000002
2001-01-01,3.1016426980495453,0.28270111400000003,24.2174804
2001-01-02,0.0,0.24739074900000002,25.284961
2001-01-03,0.0,0.221655273,27.097979900000002
2001-01-04,0.0,0.20031280599999998,28.1541565
2001-01-05,0.0,0.183395385,28.9393618
2001-01-06,0.0,0.1701095585,28.837482
2001-01-07,0.0,0.15980987600000002,27.6657288
2001-01-08,0.0,0.1514450066,26.975787500000003
2001-01-09,0.0,0.14425506459999998,27.9234193
2001-01-10,0.0,0.1392547606,28.2791808
2001-01-11,0.0,0.13548278860000001,28.5835757
2001-01-12,0.0,0.1319961544,28.9021788
2001-01-13,0.0,0.1278320326,30.0256654
2001-01-14,0.0,0.12479553160000001,30.374347
2001-01-15,0.0,0.12297821,29.5393127
2001-01-16,0.0,0.1213119511,30.178668199999997
2001-01-17,0.0,0.11992950399999999,30.5260315
2001-01-18,0.0,0.1187805174,31.1907778
2001-01-19,0.0,0.11766815180000001,32.3226135
2001-01-20,0.0,0.11680297749999999,32.354888800000005
2001-01-21,0.0,0.1162078849,31.0879699
2001-01-22,0.0,0.115773011,29.1179262
2001-01-23,0.0,0.1154388426,30.295928800000002
2001-01-24,0.0,0.1149551405,31.7796692
2001-01-25,0.0,0.11459350630000001,31.948199499999998
2001-01-26,0.0,0.1143325812,31.9138249
2001-01-27,0.0,0.11413574209999999,31.9266911
2001-01-28,0.0,0.1140212997,31.177008100000002
2001-01-29,0.0,0.11383514530000001,31.515167299999995
2001-01-30,0.0,0.1137268074,31.297638
2001-01-31,0.0,0.11361236429999999,31.1623109
2001-02-01,0.0,0.11361999419999999,27.005816499999998
2001-02-02,0.0,0.113450623,31.715631000000002
2001-02-03,0.0,0.11335907009999999,31.5229311
2001-02-04,0.0,0.1132858273,31.1319888
2001-02-05,0.0,0.1131927495,30.3921693
2001-02-06,0.0,0.1131713881,30.3521547
2001-02-07,0.0,0.1130767825,32.2761536
2001-02-08,0.0,0.1129608141,34.141949499999996
2001-02-09,0.0,0.11289367669999999,32.5094788
2001-02-10,0.0,0.1128601061,31.813800099999998
2001-02-11,0.0,0.11281433190000001,30.822296
2001-02-12,0.0,0.112730407,32.2295711
2001-02-13,0.0,0.1127258294,31.5919983
2001-02-14,0.0,0.1127441401,30.3064027
2001-02-15,0.0,0.1125473019,31.025933900000002
2001-02-16,0.0,0.11252899059999999,31.0747864
2001-02-17,0.0,0.1125549321,31.777496300000003
2001-02-18,0.0,0.11243743850000001,32.8752012
2001-02-19,0.0,0.1123733522,33.1843324
2001-02-20,0.0,0.1123031611,32.7846743
2001-02-21,0.0,0.11227416940000001,33.8992248
2001-02-22,0.0,0.1122436518,32.8780819
2001-02-23,0.0,0.112138366,33.1273497
2001-02-24,0.0,0.1120147703,32.7105531
2001-02-25,0.0,0.11209869509999999,31.0855773
2001-02-26,0.0,0.1120590209,31.968512299999997
2001-02-27,0.0,0.1121383654,32.2964903
2001-02-28,0.0,0.1120254514,33.027203
2001-03-01,0.0,0.1119873053,33.1261292
2001-03-02,0.0,0.1119506831,33.266119200000006
2001-03-03,0.0,0.11188049339999999,33.153521999999995
2001-03-04,0.0,0.1118759149,31.971368599999998
2001-03-05,0.0,0.1118057251,34.1620179
2001-03-06,0.0,0.11177826040000001,33.2380921
2001-03-07,0.0,0.11176757779999999,32.9236144
2001-03-08,0.0,0.1117340085,33.4291565
2001-03-09,0.0,0.1117187497,32.320294000000004
2001-03-10,0.0,0.1116714463,31.993633999999997
2001-03-11,0.0,0.11157989509999999,32.0225644
2001-03-12,0.0,0.1116668699,31.943804699999998
2001-03-13,0.0,0.1117263798,32.1374573
2001-03-14,0.0,0.1116424563,33.209259200000005
2001-03-15,0.0,0.1115493772,33.718634
2001-03-16,0.0,0.11148223909999999,34.2538147
2001-03-17,0.0,0.1113937379,34.8198306
2001-03-18,0.0,0.1113616942,34.9684144
2001-03-19,0.0,0.11132354659999999,34.4604063
2001-03-20,0.0,0.111314392,34.3840394
2001-03-21,0.0,0.11143493639999999,33.903741600000004
2001-03-22,0.0,0.11185913080000001,33.457697100000004
2001-03-23,0.0,0.11205902100000001,33.60388759999999
2001-03-24,0.0,0.11197052109999998,33.7724431
2001-03-25,0.0,0.1119689935,34.4844299
2001-03-26,0.0,0.11180267349999999,34.7859684
2001-03-27,0.0,0.1117080686,34.1923649
2001-03-28,0.0,0.1116775506,33.870441
2001-03-29,0.0,0.111811827,33.2110657
2001-03-30,0.0,0.11170196660000001,33.1277164
2001-03-31,0.0,0.1115585317,34.3552307
2001-04-01,0.0,0.11148071379999999,35.9766172
2001-04-02,0.0,0.1113952627,36.8444881
2001-04-03,0.0,0.11134338349999999,34.7053529
2001-04-04,0.0,0.1112869267,35.1191469
2001-04-05,0.0,0.1112106329,35.769048999999995
2001-04-06,0.0,0.11097412170000001,36.4910704
2001-04-07,0.0,0.11087341259999998,39.4675848
2001-04-08,0.4686381369829178,0.1108489995,38.67588550000001
2001-04-09,0.0,0.1108108515,36.7240296
2001-04-10,0.0,0.11069335919999998,38.2322812
2001-04-11,0.0,0.1106918326,37.5548403
2001-04-12,0.0,0.11069946289999999,38.0700748
2001-04-13,0.0,0.1106979369,35.8525696
2001-04-14,0.0,0.1110153189,35.6891909
2001-04-15,0.0,0.11103820810000001,35.6047912
2001-04-16,0.0,0.11099395730000002,34.9715885
2001-04-17,0.0,0.11374206499999999,34.8052305
2001-04-18,0.0,0.121640016,34.6605772
2001-04-19,0.0,0.12388305699999999,34.5785463
2001-04-20,0.0,0.1208480842,35.6152404
2001-04-21,0.0,0.11836090160000001,37.5064031
2001-04-22,0.0,0.1164779659,37.8983943
2001-04-23,0.0,0.1152938837,37.4424865
2001-04-24,0.0,0.1145797734,36.899567000000005
2001-04-25,0.0,0.114042664,36.559527700000004
2001-04-26,0.0,0.1138366698,35.9510073
2001-04-27,0.0,0.11348724479999998,36.9982
2001-04-28,0.0,0.11319427500000001,37.0443909
2001-04-29,0.0,0.113000489,36.45249629999999
2001-04-30,0.0,0.1129714964,36.4951479
2001-05-01,0.0,0.11285400540000001,37.2420963
2001-05-02,0.0,0.11287994370000001,36.4616759
2001-05-03,0.0,0.11324768069999999,36.174299000000005
2001-05-04,0.0,0.113533022,35.9278383
2001-05-05,0.0,0.11352386610000001,36.386969
2001-05-06,0.0,0.1134674059,35.9386533
2001-05-07,0.0,0.11347808910000001,35.6579406
2001-05-08,0.0,0.11334991489999999,36.2347718
2001-05-09,0.0,0.11332092249999999,35.7982482
2001-05-10,0.0,0.1133834848,36.084259
2001-05-11,0.0,0.1135269159,36.127228
2001-05-12,0.0,0.1144958489,35.991412100000005
2001-05-13,0.0,0.1142211922,35.805353000000004
2001-05-14,0.0,0.1138748173,35.878887999999996
2001-05-15,0.0,0.12377319309999998,34.8571349
2001-05-16,0.0,0.121644593,35.764581299999996
2001-05-17,0.0,0.1321807862,34.139043900000004
2001-05-18,0.0,0.15281219610000002,34.0611636
2001-05-19,0.0,0.156481933,34.6740051
2001-05-20,0.7438624501228333,0.172177123,33.9192568
2001-05-21,0.0,0.178335572,34.171466099999996
2001-05-22,0.0,0.17807312,35.535968
2001-05-23,0.0,0.20213318,32.9305236
2001-05-24,0.0,0.17605590899999998,33.304156899999995
2001-05-25,0.0,0.1625991796,31.356475699999997
2001-05-26,0.18886413425207138,0.1551528936,33.3559141
2001-05-27,1.0300456285476685,0.15271453699999998,32.7610903
2001-05-28,7.512057781219482,0.167796325,31.869512799999995
2001-05-29,1.2539435923099518,0.193841552,31.0850282
2001-05-30,0.07440457120537755,0.19508361700000001,32.389092700000006
2001-05-31,2.262577425688505,0.20650787299999998,31.8546936
2001-06-01,0.0,0.21203460600000001,32.360602
2001-06-02,0.7344021201133728,0.218220519,31.9908386
2001-06-03,0.7344021201133728,0.21948242,32.3789738
2001-06-04,0.0,0.217262267,32.104010099999996
2001-06-05,1.6628237813711166,0.218630981,31.8631042
2001-06-06,0.5256258230656385,0.22781677299999997,31.4565979
2001-06-07,2.01473930478096,0.23510894699999998,30.8633056
2001-06-08,14.936856865882874,0.33701324499999996,27.910760500000002
2001-06-09,23.86880660057068,0.379905702,28.239514200000002
2001-06-10,29.57161283493042,0.354306029,29.5537538
2001-06-11,20.735086977481842,0.404194638,27.287774300000002
2001-06-12,29.047882556915283,0.40114135900000003,27.420526000000002
2001-06-13,18.6648371219635,0.400688173,26.128661899999997
2001-06-14,38.2181134223938,0.41547088500000007,25.025787200000003
2001-06-15,134.63055229187012,0.40509948700000004,24.6034364
2001-06-16,41.53080344200134,0.412345885,24.7992067
2001-06-17,108.05784225463867,0.39773712099999997,25.5763367
2001-06-18,76.24417304992676,0.396205139,28.3556273
2001-06-19,3.2533170878887177,0.384848022,29.1474427
2001-06-20,2.060251757502556,0.38198547400000005,28.398407
2001-06-21,3.492750436067581,0.375880429,29.776379600000002
2001-06-22,2.090372532606125,0.379644774,29.726196199999997
2001-06-23,0.0,0.387251279,29.7529359
2001-06-24,0.1563752181828022,0.372221374,29.575805600000002
2001-06-25,0.05683858692646025,0.369470215,29.9430542
2001-06-26,5.089879244565964,0.37950744700000005,28.5576662
2001-06-27,7.265409767627716,0.37632294,27.683324900000002
2001-06-28,18.000985622406006,0.372819519,29.448388899999998
2001-06-29,2.3242521435022354,0.366757204,29.3309936
2001-06-30,2.032463438808918,0.362057495,28.6530457
2001-07-01,13.485840201377869,0.374992369,28.0266907
2001-07-02,49.65616798400879,0.40001678199999996,26.3707397
2001-07-03,20.791145086288452,0.41093749700000004,26.1672667
2001-07-04,66.33139610290527,0.40574493599999994,27.0874145
2001-07-05,38.41764688491821,0.391421507,28.4237673
2001-07-06,16.27388632297516,0.395918274,27.1270263
2001-07-07,35.96517324447632,0.396463012,27.2569701
2001-07-08,76.5848183631897,0.42738952399999997,25.1450745
2001-07-09,151.90601348876953,0.41868133500000004,25.1644899
2001-07-10,93.61869239807129,0.40211944600000005,26.1734437
2001-07-11,10.84489905834198,0.40924682399999995,26.435125900000003
2001-07-12,21.654335021972656,0.402471922,27.2924376
2001-07-13,20.583683252334595,0.40286712700000005,26.905334399999997
2001-07-14,11.554395914077759,0.39967193700000003,26.556768800000004
2001-07-15,8.494328141212463,0.40057068000000007,26.4654601
2001-07-16,10.50062084197998,0.383793637,28.2824767
2001-07-17,9.747943855822086,0.375497435,28.3209534
2001-07-18,2.7214149832725525,0.382171628,28.019751000000003
2001-07-19,7.449692904949188,0.39679413,27.2389892
2001-07-20,7.054802179336548,0.394294735,25.2965515
2001-07-21,5.419014811515808,0.39922943,27.020508
2001-07-22,3.52998811006546,0.402366638,26.683538900000002
2001-07-23,14.504387974739075,0.405293273,26.5329712
2001-07-24,14.122139513492584,0.40295562599999996,26.193139600000002
2001-07-25,2.3800202310085297,0.39099273700000003,28.2545287
2001-07-26,4.025450646877289,0.397677612,27.896966399999997
2001-07-27,6.159933865070343,0.39911804100000003,28.262884300000003
2001-07-28,9.282769322395325,0.393875121,28.361175600000003
2001-07-29,8.443351358175278,0.39214782800000003,28.720153900000003
2001-07-30,11.746584177017212,0.388636779,28.401135399999998
2001-07-31,9.68035638332367,0.377375793,29.0277099
2001-08-01,8.831472769379616,0.373736573,29.322113
2001-08-02,3.311743348836899,0.38121032600000004,27.9552431
2001-08-03,3.3731242269277573,0.37882843,28.850531
2001-08-04,14.449656128883362,0.39838715,26.1356631
2001-08-05,16.017139673233032,0.398191833,25.7995361
2001-08-06,15.48405110836029,0.395796203,26.078118699999997
2001-08-07,15.774862736463547,0.402856447,25.404882800000003
2001-08-08,27.18162202835083,0.42271117900000005,24.8768249
2001-08-09,72.51933288574219,0.391992187,26.0797669
2001-08-10,34.502769470214844,0.39825897,25.799566700000003
2001-08-11,35.00563907623291,0.400708007,27.378058
2001-08-12,49.150869846343994,0.401396178,25.8102601
2001-08-13,15.468559503555298,0.413838193,26.373694
2001-08-14,23.78954815864563,0.416535949,25.8535951
2001-08-15,89.08146286010742,0.421791074,24.8276426
2001-08-16,67.35955333709717,0.41006927399999993,25.5006836
2001-08-17,17.48283040523529,0.400885011,27.052288800000003
2001-08-18,9.325637400150299,0.386727907,26.8437074
2001-08-19,3.818363845348358,0.373385621,28.0841735
2001-08-20,1.729489654302597,0.37563782100000004,26.7473569
2001-08-21,5.400620222091675,0.377665712,26.430889999999998
2001-08-22,1.6455394625663757,0.376771545,27.8354982
2001-08-23,6.59653377532959,0.37603912500000003,27.921124399999997
2001-08-24,4.292947769165039,0.388256837,26.939849700000003
2001-08-25,6.626041769981384,0.393193055,27.301824999999997
2001-08-26,4.036811083555222,0.382469179,28.2160217
2001-08-27,2.1657760441303253,0.38152771100000005,27.7559022
2001-08-28,2.2678064107894897,0.37629089699999996,27.7431094
2001-08-29,4.902511537075043,0.373709105,27.812151999999998
2001-08-30,1.6024865321815014,0.367431638,27.911114400000002
2001-08-31,0.21846773102879524,0.367694093,28.192639200000002
2001-09-01,0.9194023236632347,0.376516723,27.751245
2001-09-02,6.229512304067612,0.365057372,28.555713000000004
2001-09-03,11.089234963059425,0.3567749,28.4868162
2001-09-04,3.722969949245453,0.350645445,28.337805200000002
2001-09-05,1.7687338516116142,0.349568177,28.2936216
2001-09-06,1.1016668230295181,0.361006165,27.8301512
2001-09-07,1.2392199635505676,0.33966827200000005,28.3743224
2001-09-08,0.22033195197582245,0.327511597,28.9182738
2001-09-09,0.0,0.31263275300000004,29.198260599999998
2001-09-10,0.0,0.313150026,28.7108157
2001-09-11,2.9627923369407654,0.32118225100000003,28.348498799999998
2001-09-12,4.916868805885315,0.317514039,28.1119019
2001-09-13,0.8323224782943726,0.304541013,29.0438599
2001-09-14,0.0,0.28809356799999997,29.2496887
2001-09-15,0.0,0.28093719500000003,29.722314599999997
2001-09-16,0.0,0.361106872,29.830597
2001-09-17,3.617079257965088,0.393339538,27.7939637
2001-09-18,16.462134838104248,0.386480712,27.6140808
2001-09-19,20.797534227371216,0.395381167,26.575158800000004
2001-09-20,20.63037696480751,0.422488404,26.977557400000002
2001-09-21,27.3522629737854,0.39342803800000004,27.918597499999997
2001-09-22,25.372148513793945,0.405442807,29.460797000000003
2001-09-23,1.2843117862939835,0.37095337,28.4768737
2001-09-24,2.4700786881148815,0.376176455,28.919708200000002
2001-09-25,0.0,0.363996887,28.630566199999997
2001-09-26,3.136068195104599,0.371687318,28.2174805
2001-09-27,21.386568546295166,0.387667848,28.8914244
2001-09-28,0.0,0.359858703,30.5761354
2001-09-29,0.4406639039516449,0.35482330500000003,30.1814879
2001-09-30,0.0,0.33327483999999996,30.2407532
2001-10-01,0.0,0.328767397,28.9411197
2001-10-02,0.2356620766222477,0.339680482,28.491217
2001-10-03,0.22033195197582245,0.331986999,28.557256799999998
2001-10-04,0.6907133460044861,0.32630768,28.7286195
2001-10-05,0.0,0.357113646,28.5344909
2001-10-06,10.904081150889397,0.376080322,26.9528687
2001-10-07,20.608333587646484,0.40606536899999995,25.6182189
2001-10-08,15.111265182495117,0.40064087099999995,28.764263800000002
2001-10-09,26.05799436569214,0.37796173,28.6174438
2001-10-10,2.461491823196411,0.363069153,28.199475
2001-10-11,0.0,0.362208557,28.4777161
2001-10-12,0.0,0.359379577,28.837201
2001-10-13,10.027691457420588,0.36330108299999997,28.7565854
2001-10-14,2.150400608778,0.375773622,29.058502299999997
2001-10-15,0.0,0.356355286,29.7593384
2001-10-16,0.029271339997649175,0.335969542,30.3560182
2001-10-17,0.0,0.315773011,29.8313539
2001-10-18,0.0,0.30006561400000004,29.5257568
2001-10-19,0.0,0.287147524,30.134112700000003
2001-10-20,0.3617078959941864,0.28170166,30.4744264
2001-10-21,0.0,0.267222595,30.278240800000003
2001-10-22,0.0,0.253530885,29.701440400000003
2001-10-23,0.0,0.24072570799999998,29.9358338
2001-10-24,0.0,0.22854004000000003,30.0632631
2001-10-25,0.0,0.217660523,29.460089
2001-10-26,0.0,0.207827757,29.558282300000002
2001-10-27,0.0,0.199421691,30.0491273
2001-10-28,0.0,0.19146118350000002,29.947113
2001-10-29,0.0,0.184997559,30.2815492
2001-10-30,0.0,0.178782656,30.485186700000003
2001-10-31,0.0,0.1724853531,30.4665099
2001-11-01,0.0,0.166049194,30.826593000000003
2001-11-02,0.0,0.1595169079,31.061505399999998
2001-11-03,0.0,0.154440307,30.783257600000002
2001-11-04,0.0,0.15004882800000002,30.7318177
2001-11-05,0.0,0.1459945679,30.863140800000004
2001-11-06,0.0,0.142080688,31.0977109
2001-11-07,0.0,0.13864746249999998,31.2637021
2001-11-08,0.0,0.13540496800000001,31.2690489
2001-11-09,0.0,0.1325073226,31.2107241
2001-11-10,0.0,0.130181886,30.4482729
2001-11-11,0.0,0.128224181,30.208502099999997
2001-11-12,0.0,0.12642211949999999,30.108795199999996
2001-11-13,0.0,0.12482147260000001,29.746295299999996
2001-11-14,0.0,0.12360382080000001,29.954717900000002
2001-11-15,0.0,0.122671508,30.7880434
2001-11-16,0.0,0.122032166,31.345172100000003
2001-11-17,0.0,0.12151947160000001,31.4027892
2001-11-18,0.0,0.1210037236,32.57512870000001
2001-11-19,0.0,0.12015075550000001,33.038776
2001-11-20,0.0,0.11928405899999998,33.205841
2001-11-21,0.0,0.11853942799999999,31.375811700000003
2001-11-22,0.0,0.117869567,30.6404113
2001-11-23,0.0,0.11735229459999999,30.939727599999998
2001-11-24,0.0,0.1169326775,30.5402892
2001-11-25,0.0,0.11664428739999999,30.5913881
2001-11-26,0.0,0.1163925174,30.8112121
2001-11-27,0.0,0.116116332,30.247979800000003
2001-11-28,0.0,0.115850831,30.512677099999998
2001-11-29,0.0,0.1156021124,30.799078400000003
2001-11-30,0.0,0.1153884884,30.0159973
2001-12-01,0.0,0.115185546,29.641485699999997
2001-12-02,0.0,0.11497344940000001,30.947979800000002
2001-12-03,0.0,0.114826966,30.6341616
2001-12-04,0.0,0.11474151610000001,30.265484199999996
2001-12-05,0.0,0.11462249840000001,30.250519000000004
2001-12-06,0.0,0.11455536,30.446832399999998
2001-12-07,0.0,0.114407349,30.715215999999998
2001-12-08,0.0,0.1143127438,30.6345033
2001-12-09,0.0,0.1142120364,30.560724
2001-12-10,0.0,0.11412963940000001,30.534429999999997
2001-12-11,0.0,0.11406555199999999,30.0492245
2001-12-12,0.0,0.11396331850000001,30.638775399999997
2001-12-13,0.0,0.11388397239999999,30.1931459
2001-12-14,0.0,0.11376800599999999,30.733917099999996
2001-12-15,0.0,0.1137313835,30.3893859
2001-12-16,0.0,0.1136657723,30.0799375
2001-12-17,0.0,0.1135482785,31.3387512
2001-12-18,0.0,0.1134780894,31.224664100000002
2001-12-19,0.0,0.11340332,30.8885802
2001-12-20,0.0,0.11332092229999999,30.758844
2001-12-21,0.0,0.1132644636,30.4488588
2001-12-22,0.0,0.1131896982,30.1761779
2001-12-23,0.0,0.1131362907,30.644635
2001-12-24,0.0,0.1130813595,30.7260559
2001-12-25,0.0,0.1130767818,30.5476866
2001-12-26,0.0,0.1130630489,31.1926329
2001-12-27,0.0,0.11301422219999999,31.631573600000003
2001-12-28,0.0,0.113031006,31.4759585
2001-12-29,0.0,0.1129867546,31.1262269
2001-12-30,0.0,0.11295471240000002,31.521099800000002
2001-12-31,0.0,0.112915039,31.155963200000002
2002-01-01,0.0,0.1128417979,31.835968200000003
2002-01-02,0.0,0.1127914427,31.2188781
2002-01-03,0.0,0.11275939900000001,30.412213200000004
2002-01-04,0.0,0.11274413949999999,30.5211974
2002-01-05,0.0,0.11273193290000001,29.207721
2002-01-06,0.0,0.1128662101,29.279889000000004
2002-01-07,0.0,0.11280670100000001,30.0621156
2002-01-08,0.0,0.1127670297,31.387897
2002-01-09,0.0,0.1127105705,31.745025499999997
2002-01-10,0.0,0.11263427699999999,32.712408700000005
2002-01-11,0.0,0.11257782089999999,32.1934142
2002-01-12,0.0,0.1125518794,31.2922914
2002-01-13,0.0,0.1125198358,31.9021057
2002-01-14,0.0,0.112512207,31.107184
2002-01-15,0.0,0.1125625607,29.213140900000003
2002-01-16,0.0,0.1126358033,29.430181700000002
2002-01-17,0.0,0.1127349863,28.168414000000002
2002-01-18,0.0,0.1131713861,28.0200989
2002-01-19,0.0,0.1130050664,27.8437561
2002-01-20,0.0,0.1128997804,27.5452942
2002-01-21,0.0,0.11280975419999999,27.7971498
2002-01-22,0.0,0.1127655041,28.1247131
2002-01-23,0.0,0.1127044675,28.804962
2002-01-24,0.0,0.1126617427,28.775519000000003
2002-01-25,0.0,0.11260986339999998,29.0028869
2002-01-26,0.0,0.1126449594,28.1394836
2002-01-27,0.0,0.11268768259999999,27.0450258
2002-01-28,0.0,0.11260375969999999,28.8576232
2002-01-29,0.0,0.1125488281,28.908673099999998
2002-01-30,0.0,0.1124618535,31.590362699999996
2002-01-31,0.0,0.1124084483,32.2127748
2002-02-01,0.0,0.11237182510000002,30.7741272
2002-02-02,0.0,0.1123580926,30.6252498
2002-02-03,0.0,0.112287903,32.453521699999996
2002-02-04,0.0,0.1122787478,31.578350999999998
2002-02-05,0.0,0.1122894275,31.2849917
2002-02-06,0.0,0.1122299192,30.043170099999998
2002-02-07,0.0,0.1122253414,29.2502502
2002-02-08,0.0,0.1121994006,29.2827697
2002-02-09,0.0,0.11216735829999999,30.3848203
2002-02-10,0.0,0.11214447009999999,28.771002199999998
2002-02-11,0.0,0.1121292112,29.2108947
2002-02-12,0.0,0.1120895378,31.8487121
2002-02-13,0.0,0.11203003060000001,33.6546935
2002-02-14,0.0,0.11197814889999999,34.3278382
2002-02-15,0.0,0.11195373500000001,33.7263733
2002-02-16,0.0,0.11194152760000001,33.2200258
2002-02-17,0.0,0.1119537352,32.9995663
2002-02-18,0.0,0.1119262696,33.8324279
2002-02-19,0.0,0.111906433,34.3071349
2002-02-20,0.0,0.11186981120000002,33.6791562
2002-02-21,0.0,0.11183624299999999,34.0323308
2002-02-22,0.0,0.1118484488,32.910040300000006
2002-02-23,0.0,0.1118316646,33.2094299
2002-02-24,0.0,0.1118194579,33.4793517
2002-02-25,0.0,0.11178131090000001,34.787067
2002-02-26,0.0,0.1117507929,34.5249573
2002-02-27,0.0,0.11171417189999999,35.0848205
2002-02-28,0.0,0.1116729742,35.244244200000004
2002-03-01,0.0,0.11163330199999999,34.7473692
2002-03-02,0.0,0.1116271987,33.9302793
2002-03-03,0.0,0.1115921026,34.378179599999996
2002-03-04,0.0,0.11158905050000001,34.5773983
2002-03-05,0.0,0.1115371708,35.6789128
2002-03-06,0.0,0.1114929196,34.723102
2002-03-07,0.0,0.11148376559999999,32.9018125
2002-03-08,0.0,0.11144714330000001,32.9777649
2002-03-09,0.0,0.1113739014,34.235455
2002-03-10,0.0,0.1113632199,35.7161196
2002-03-11,0.0,0.11131897040000001,35.9370181
2002-03-12,0.0,0.11131134000000001,34.5881658
2002-03-13,0.0,0.1113769534,36.531939900000005
2002-03-14,2.8646468110382557,0.12038879259999999,33.3007632
2002-03-15,0.0,0.117562867,34.884186
2002-03-16,0.0,0.11602783180000001,34.705377299999995
2002-03-17,0.0,0.1149490356,35.648296800000004
2002-03-18,0.0,0.11400909420000001,37.9605526
2002-03-19,0.0,0.11344909649999999,37.4334047
2002-03-20,0.0,0.1131835935,35.237847599999995
2002-03-21,0.0,0.11320495530000001,35.6005677
2002-03-22,0.0,0.1129959116,34.870416399999996
2002-03-23,0.0,0.11286468499999999,34.4427556
2002-03-24,0.0,0.11275634770000001,34.2701476
2002-03-25,0.0,0.1127731337,34.238482899999994
2002-03-26,0.0,0.112686157,34.166193
2002-03-27,0.0,0.11255340569999998,34.505645900000005
2002-03-28,0.0,0.11238708550000001,34.9491273
2002-03-29,0.0,0.1123077396,35.457378999999996
2002-03-30,0.0,0.1121856685,35.824078300000004
2002-03-31,0.0,0.112023926,36.3827213
2002-04-01,0.0,0.11201324260000001,35.0609437
2002-04-02,0.0,0.1123443609,34.9585264
2002-04-03,0.0,0.1125122083,34.790875299999996
2002-04-04,0.0,0.11235504110000001,34.8813532
2002-04-05,0.0,0.11229400510000001,35.3914606
2002-04-06,0.0,0.11227874769999999,36.021637
2002-04-07,0.0,0.1128631588,35.409234600000005
2002-04-08,0.0,0.1128341673,36.0849426
2002-04-09,0.0,0.1125610356,36.0426086
2002-04-10,0.0,0.11236877510000001,37.5641661
2002-04-11,0.0,0.11223602340000001,37.3701234
2002-04-12,0.0,0.11215820439999999,36.9849185
2002-04-13,0.0,0.11210632279999999,36.3838442
2002-04-14,0.0,0.112081911,36.1747864
2002-04-15,0.0,0.11206054760000002,35.3280091
2002-04-16,0.0,0.1120834351,35.5469788
2002-04-17,0.0,0.11203155599999999,36.198370499999996
2002-04-18,0.0,0.111964416,37.3659733
2002-04-19,0.0,0.11271209730000001,37.2815488
2002-04-20,0.0,0.112443543,37.018731700000004
2002-04-21,0.0,0.112257385,38.1248595
2002-04-22,0.0,0.11216125530000001,36.9189026
2002-04-23,0.0,0.1120223996,37.0395569
2002-04-24,0.0,0.11194915809999999,37.661139
2002-04-25,0.0,0.1118484485,38.000933599999996
2002-04-26,0.0,0.11172485349999998,37.9157778
2002-04-27,0.0,0.1116729738,38.464898500000004
2002-04-28,0.0,0.1116027826,37.83462540000001
2002-04-29,0.0,0.1116271977,36.075885
2002-04-30,0.0,0.1115646371,36.4384096
2002-05-01,0.0,0.1115447992,36.6167049
2002-05-02,0.0,0.1114013672,38.0495667
2002-05-03,0.0,0.1113693227,37.794098
2002-05-04,0.0,0.1112899788,36.5626283
2002-05-05,0.0,0.1121337898,36.9436581
2002-05-06,0.0,0.11279907169999999,36.0869444
2002-05-07,0.0,0.1157516494,36.528009
2002-05-08,0.0,0.135128784,36.134747
2002-05-09,0.0,0.139781189,35.6807432
2002-05-10,0.0,0.1340469359,35.5286683
2002-05-11,0.0,0.142877197,34.5173644
2002-05-12,0.0,0.15817413200000002,33.981476199999996
2002-05-13,0.0,0.171730042,33.0548768
2002-05-14,0.0,0.181127928,33.1326843
2002-05-15,0.0,0.17288208,34.8893131
2002-05-16,0.0,0.1607345586,35.0425838
2002-05-17,0.0,0.1535827634,34.040154799999996
2002-05-18,0.0,0.14669189300000002,33.770099
2002-05-19,0.0380745194852352,0.140364074,33.2858455
2002-05-20,0.05711178109049795,0.1366058375,33.6244934
2002-05-21,0.0380745194852352,0.144108581,33.8952209
2002-05-22,0.0,0.166394041,32.8746153
2002-05-23,0.0,0.1600891116,34.9957579
2002-05-24,0.0,0.1500930788,35.120758
2002-05-25,0.0,0.1403045671,35.5962466
2002-05-26,0.0,0.13274231050000002,35.4895079
2002-05-27,0.0,0.1278091441,35.9058657
2002-05-28,0.4024684578180313,0.1435897824,34.1307678
2002-05-29,0.0380745194852352,0.157748413,34.7640934
2002-05-30,0.0,0.152732849,35.3431215
2002-05-31,0.0,0.14652404859999998,35.6626284
2002-06-01,11.557298988103867,0.139608764,35.1935855
2002-06-02,0.0,0.137480165,34.451764100000005
2002-06-03,0.0,0.1373702996,32.203045499999995
2002-06-04,0.0,0.134973144,34.9425599
2002-06-05,0.0,0.129800414,34.8611391
2002-06-06,0.0,0.126329041,35.3229798
2002-06-07,0.0,0.123699951,35.7783997
2002-06-08,0.0,0.1319213872,34.7749084
2002-06-09,0.13172104954719543,0.1458450321,34.9116027
2002-06-10,5.723978400230408,0.17677002,32.504949800000006
2002-06-11,2.148331791162491,0.25214538599999997,32.5473573
2002-06-12,12.716793537139893,0.295414731,31.748303299999996
2002-06-13,0.0,0.31829834300000004,31.4537351
2002-06-14,18.935215711593628,0.326052856,31.051971400000003
2002-06-15,8.109695971012115,0.372055053,27.303045700000002
2002-06-16,12.774705648422241,0.40593719500000003,26.2979735
2002-06-17,36.41364598274231,0.412791445,28.287255800000004
2002-06-18,37.83613729476929,0.400749208,26.725372299999997
2002-06-19,30.286380290985107,0.396670533,28.41037
2002-06-20,21.470343112945557,0.41849365299999997,29.0490111
2002-06-21,47.9446382522583,0.419001775,28.930298099999998
2002-06-22,17.02035140991211,0.397404478,27.61557
2002-06-23,15.671819448471068,0.404222108,29.001910600000002
2002-06-24,54.54131579399109,0.388528443,27.352887
2002-06-25,9.887360155582428,0.394421385,27.140069399999998
2002-06-26,46.10130453109741,0.42017364700000004,25.845477699999996
2002-06-27,131.46467304229736,0.410267638,25.8860168
2002-06-28,14.221143782138824,0.399400332,28.2691223
2002-06-29,48.4663622379303,0.407403561,26.712005499999997
2002-06-30,17.67516142129898,0.379298401,29.3909788
2002-07-01,0.5845265705138445,0.38011627200000003,29.633618300000002
2002-07-02,0.7957247793674469,0.37182922399999996,29.6707765
2002-07-03,1.101841762661934,0.372267151,29.705456199999997
2002-07-04,0.9010628089308739,0.386097717,29.3104736
2002-07-05,1.8086720556020737,0.372836305,29.1285339
2002-07-06,0.3503757044672966,0.37464752,29.5427371
2002-07-07,2.7333859652280807,0.36514434900000003,29.515033
2002-07-08,0.25964564085006714,0.36194458100000004,29.0388668
2002-07-09,2.7858636379241943,0.362304686,29.1048337
2002-07-10,5.4830822348594666,0.366708373,28.6474002
2002-07-11,4.0762573182582855,0.371272279,27.8428039
2002-07-12,2.668345086276531,0.361592102,29.593316800000004
2002-07-13,0.44039948284626007,0.360768129,29.226117
2002-07-14,0.6745745502412319,0.37857971,27.1794556
2002-07-15,6.945010483264923,0.383563233,27.274822999999998
2002-07-16,4.131707429885864,0.38125305200000004,27.9174012
2002-07-17,3.3322219848632812,0.378126524,29.073846600000003
2002-07-18,15.326353013515472,0.40101166099999996,26.143890499999998
2002-07-19,32.567699909210205,0.40176391899999997,25.2620545
2002-07-20,18.56216949224472,0.383963014,28.0189575
2002-07-21,7.569827973842621,0.39581451300000003,26.1907897
2002-07-22,22.17716407775879,0.40514373500000006,26.2527036
2002-07-23,22.25798463821411,0.40188446200000005,27.670343000000003
2002-07-24,8.605378985404968,0.400816344,28.4192568
2002-07-25,22.71682834625244,0.390788269,27.782019100000003
2002-07-26,5.49317866563797,0.389768982,28.3943237
2002-07-27,27.739418044686317,0.376419067,28.745556799999996
2002-07-28,9.469394080340862,0.37247314600000003,29.0699158
2002-07-29,5.627371594309808,0.368785096,28.9236816
2002-07-30,3.3636961989104748,0.378620911,29.061932300000002
2002-07-31,0.2828752361238003,0.37640075900000003,29.4443238
2002-08-01,2.760781154036522,0.366900636,29.0295412
2002-08-02,2.904681086540222,0.382376098,29.1089113
2002-08-03,2.613033950328827,0.39189300299999996,26.8309633
2002-08-04,30.907984733581543,0.41692962600000005,25.7241822
2002-08-05,98.34988307952881,0.406900025,25.3492676
2002-08-06,27.03228759765625,0.418103027,24.864623799999997
2002-08-07,144.64524269104004,0.40653075899999996,25.1548034
2002-08-08,144.56192779541016,0.41243896299999994,24.168292100000002
2002-08-09,35.04241490364075,0.417214965,24.3582762
2002-08-10,85.43015480041504,0.406304932,24.4062318
2002-08-11,31.087727069854736,0.40655975299999997,25.3806275
2002-08-12,32.267104625701904,0.397621155,26.129132
2002-08-13,10.881018161773682,0.38599853300000003,27.6063473
2002-08-14,4.467437773942947,0.376377867,28.2442199
2002-08-15,3.449663758277893,0.375138856,27.826281599999998
2002-08-16,6.376348674297333,0.386260983,27.321527100000004
2002-08-17,9.310352563858032,0.387544251,26.6871156
2002-08-18,11.917111277580261,0.399833682,25.794561800000004
2002-08-19,5.788740247488022,0.39465179,25.8413634
2002-08-20,1.1409923285245895,0.38771667499999996,27.851910500000002
2002-08-21,0.7489430978894234,0.384707639,27.899822999999998
2002-08-22,1.6231018416583538,0.377235415,28.383959800000003
2002-08-23,2.7961868792772293,0.37492980600000003,27.935100999999996
2002-08-24,4.491077587008476,0.41746520900000006,24.930218500000002
2002-08-25,35.450368881225586,0.40388641300000006,25.1160706
2002-08-26,13.313345074653625,0.394258118,26.6322696
2002-08-27,4.914900749921799,0.374380495,28.077703800000002
2002-08-28,4.52070477604866,0.360943603,28.5876345
2002-08-29,3.1605105698108673,0.36347656100000003,27.967505
2002-08-30,17.17140817642212,0.387564085,26.6341858
2002-08-31,16.719672203063965,0.38512268,26.585552999999997
2002-09-01,35.69203567504883,0.398950195,25.185547
2002-09-02,16.12346988916397,0.39963836399999997,26.111547899999998
2002-09-03,16.24009670317173,0.404335022,25.337579299999998
2002-09-04,38.417293548583984,0.404733275,25.7945676
2002-09-05,29.160305500030518,0.41263885599999994,25.5622498
2002-09-06,5.3644328117370605,0.38006592,27.7611694
2002-09-07,0.7707529515028001,0.362834168,28.0662168
2002-09-08,0.07614903897047043,0.363002011,28.094879300000002
2002-09-09,0.23999543488025665,0.352391053,28.3748535
2002-09-10,0.6853412985801697,0.342247009,28.4960024
2002-09-11,0.23999543488025665,0.344610596,28.5261355
2002-09-12,0.0,0.326828002,28.405700799999998
2002-09-13,0.0,0.31549530299999995,28.1715211
2002-09-14,0.0,0.314254759,29.237908800000003
2002-09-15,0.0,0.312579348,28.965936399999997
2002-09-16,0.0,0.31128540299999996,29.054071099999998
2002-09-17,2.1916573643684387,0.32511596800000003,27.6424075
2002-09-18,16.324349641799927,0.323323062,28.5062074
2002-09-19,2.1717187464237213,0.307752991,28.7727418
2002-09-20,0.16496345773339272,0.296379093,29.0219967
2002-09-21,0.7234158515930176,0.306646728,28.665509099999998
2002-09-22,1.6632997393608093,0.308087158,29.127856400000002
2002-09-23,19.578155159950256,0.326246642,28.546252600000003
2002-09-24,3.2927960082888603,0.316569516,28.7817383
2002-09-25,0.10424419865012167,0.30991211,28.8570801
2002-09-26,0.0,0.299194338,28.961895700000003
2002-09-27,0.0,0.287310788,29.849701
2002-09-28,0.0,0.296420286,29.739251799999998
2002-09-29,26.024292707443237,0.284228515,31.313067699999998
2002-09-30,0.3075377941131592,0.266403194,31.9495667
2002-10-01,0.0,0.250074768,32.3915093
2002-10-02,0.0,0.232252503,32.473785199999995
2002-10-03,0.0,0.21905975299999997,32.269561599999996
2002-10-04,0.0,0.20577697499999997,32.5739074
2002-10-05,0.0,0.19363555899999998,32.8433899
2002-10-06,0.0,0.18224181960000002,33.30579229999999
2002-10-07,0.0,0.1722381585,33.7552068
2002-10-08,0.0,0.1632522596,33.9513001
2002-10-09,0.0,0.155877684,33.897052099999996
2002-10-10,0.0,0.1509658806,34.1266416
2002-10-11,0.0,0.27001647900000003,27.609954800000004
2002-10-12,0.0,0.276544189,30.284026899999997
2002-10-13,0.0,0.248525998,31.471289000000002
2002-10-14,0.9599817395210264,0.222358704,31.9822084
2002-10-15,0.0,0.19899292100000002,32.2867978
2002-10-16,0.0,0.201856992,28.896527
2002-10-17,0.0,0.20508270199999998,29.8868591
2002-10-18,0.0,0.195381167,30.711602499999998
2002-10-19,0.0,0.1890426644,30.5024963
2002-10-20,0.0,0.17990570039999998,31.2359435
2002-10-21,0.0,0.19598541360000002,29.7493105
2002-10-22,0.1332608014345169,0.23468475299999997,30.863226200000003
2002-10-23,0.0,0.21085662840000002,31.3470397
2002-10-24,0.0,0.189833067,31.5867004
2002-10-25,0.0,0.17299499499999998,32.087579399999996
2002-10-26,0.0,0.160063172,31.890801999999997
2002-10-27,0.0,0.14933166479999999,31.5793517
2002-10-28,0.0,0.141401671,31.523883
2002-10-29,0.0,0.1356689451,31.715021
2002-10-30,0.0,0.1309036265,32.2380431
2002-10-31,0.0,0.1271560672,32.3053775
2002-11-01,0.0,0.1243591316,32.450055
2002-11-02,0.0,0.122154236,32.2414607
2002-11-03,0.0,0.12045745960000001,32.48399070000001
2002-11-04,0.0,0.1190734867,32.4872132
2002-11-05,0.0,0.1180953974,32.3302795
2002-11-06,0.0,0.11736755489999999,31.7360657
2002-11-07,0.0,0.11670379500000001,32.4078187
2002-11-08,0.0,0.11613922219999999,32.708380399999996
2002-11-09,0.0,0.1156845101,32.5624083
2002-11-10,0.0,0.11652526889999999,31.075323500000003
2002-11-11,0.0,0.1197158806,30.8063536
2002-11-12,0.0,0.11871490439999999,30.9786926
2002-11-13,0.0,0.11737213099999999,31.781402800000002
2002-11-14,0.0,0.11643524050000001,32.5001284
2002-11-15,0.0,0.1156860354,32.644098
2002-11-16,0.0,0.1151199347,33.2315245
2002-11-17,0.0,0.1146636961,32.5374084
2002-11-18,0.0,0.114320373,32.18779909999999
2002-11-19,0.0,0.1140579228,31.917510799999995
2002-11-20,0.0,0.113861083,32.0427306
2002-11-21,0.0,0.1137023921,32.4294741
2002-11-22,0.0,0.1135818485,31.9598206
2002-11-23,0.0,0.11349792439999999,31.1681945
2002-11-24,0.0,0.1134597775,30.977032200000004
2002-11-25,0.0,0.1134078969,31.399590999999997
2002-11-26,0.0,0.11332702530000001,32.484869399999994
2002-11-27,0.0,0.11324615470000002,32.4709048
2002-11-28,0.0,0.1131713844,31.873297
2002-11-29,0.0,0.1130996701,31.637677000000004
2002-11-30,0.0,0.11307983400000002,30.4566956
2002-12-01,0.0,0.1130584714,30.0993224
2002-12-02,0.0,0.1130432133,30.6337465
2002-12-03,0.0,0.11306305050000001,30.350347899999996
2002-12-04,0.0,0.11302184959999999,30.647540300000003
2002-12-05,0.0,0.1129669185,31.3303773
2002-12-06,0.0,0.1129318235,31.716095000000003
2002-12-07,0.0,0.11288299560000001,31.8120913
2002-12-08,0.0,0.11285095149999999,32.3189514
2002-12-09,0.0,0.1128158566,32.1444396
2002-12-10,0.0,0.11277770999999999,31.890802099999995
2002-12-11,0.0,0.1127487175,31.6296934
2002-12-12,0.0,0.11272430289999999,31.9881409
2002-12-13,0.0,0.1126937866,32.4276675
2002-12-14,0.0,0.11267547630000001,32.526886000000005
2002-12-15,0.0,0.1126434324,32.8638485
2002-12-16,0.0,0.1126251221,32.816924799999995
2002-12-17,0.0,0.11260681040000001,32.137677100000005
2002-12-18,0.0,0.1126144402,31.371246300000003
2002-12-19,0.0,0.1125473025,30.901104800000002
2002-12-20,0.0,0.112501527,31.087896699999998
2002-12-21,0.0,0.1124832152,31.156109400000002
2002-12-22,0.0,0.1124969496,31.059258999999997
2002-12-23,0.0,0.112507629,29.957965100000003
2002-12-24,0.0,0.112442017,29.7926086
2002-12-25,0.0,0.11243896630000001,29.7787416
2002-12-26,0.0,0.1124313356,29.660284400000002
2002-12-27,0.0,0.11241912810000002,29.9779113
2002-12-28,0.0,0.11238708459999999,31.098736600000002
2002-12-29,0.0,0.1124069213,29.43338
2002-12-30,0.0,0.11257782009999999,28.101348899999998
2002-12-31,0.12328145280480385,0.1199829088,26.9089418
2003-01-01,0.0,0.1178146364,28.587359399999997
2003-01-02,0.0,0.1166442866,28.8367003
2003-01-03,0.0,0.1158599854,29.9512755
2003-01-04,0.0,0.11522674660000001,30.691461300000004
2003-01-05,0.0,0.1146652229,32.6439515
2003-01-06,0.0,0.114256286,32.31275
2003-01-07,0.0,0.1139450068,31.4124572
2003-01-08,0.0,0.1137268069,30.89798
2003-01-09,0.0,0.1135787966,31.3321593
2003-01-10,0.0,0.11345977700000001,31.447711000000005
2003-01-11,0.0,0.1133621217,31.9873109
2003-01-12,0.0,0.11353912340000001,32.3365049
2003-01-13,0.0,0.11342315709999999,32.0152159
2003-01-14,0.0,0.11324615499999999,32.5448551
2003-01-15,0.0,0.11315307560000001,32.138312
2003-01-16,0.0,0.113027955,32.9605776
2003-01-17,0.0,0.11293792849999999,32.427423
2003-01-18,0.0,0.11288452069999999,32.9236389
2003-01-19,0.0,0.11284637419999999,31.316046
2003-01-20,0.0,0.112817384,31.362066699999996
2003-01-21,0.0,0.11279449459999999,32.039605699999996
2003-01-22,0.0,0.1127807614,32.0243225
2003-01-23,0.0,0.11275787420000001,31.393292199999998
2003-01-24,0.0,0.112721253,30.936578400000002
2003-01-25,0.0,0.11268615740000001,31.420147500000002
2003-01-26,0.0,0.112617492,34.1804262
2003-01-27,0.0,0.112637328,31.6657533
2003-01-28,0.0,0.1127395624,31.482672100000002
2003-01-29,0.0,0.1126922607,31.566900399999998
2003-01-30,0.0,0.11263274999999999,31.5970522
2003-01-31,0.0,0.1125946041,31.598883100000002
2003-02-01,0.0,0.1126007081,31.282721199999997
2003-02-02,0.0,0.11255645709999999,31.375787300000002
2003-02-03,0.0,0.1125427246,31.078741400000002
2003-02-04,0.0,0.11248016400000001,31.2677551
2003-02-05,0.0,0.1124053953,33.1538635
2003-02-06,0.0,0.1123428336,33.3750309
2003-02-07,0.0,0.1123352039,31.9482729
2003-02-08,0.0,0.1122344975,31.724591399999998
2003-02-09,0.0,0.1120758052,31.785357799999996
2003-02-10,0.0,0.1119674684,32.9154848
2003-02-11,0.0,0.1119628906,33.8207337
2003-02-12,0.0,0.11196899490000001,32.7586975
2003-02-13,0.0,0.11194457949999999,32.4360901
2003-02-14,0.0,0.111883545,34.0682681
2003-02-15,0.0,0.1118530285,33.8371643
2003-02-16,0.0,0.1121017457,32.2847963
2003-02-17,0.0,0.1120086679,31.4560365
2003-02-18,0.0,0.1119628906,30.7877503
2003-02-19,1.3686829805374146,0.154534912,30.2037415
2003-02-20,0.0,0.1436523434,31.1190247
2003-02-21,0.0,0.134722902,33.4826966
2003-02-22,0.0,0.1285064685,33.2888976
2003-02-23,0.0,0.12405090329999999,33.5268372
2003-02-24,0.0,0.1207366939,34.6926328
2003-02-25,0.0,0.1185714717,33.8753969
2003-02-26,0.0,0.11721038909999999,33.612262099999995
2003-02-27,0.0,0.1161544796,34.2292051
2003-02-28,0.0,0.11527862550000001,35.4726627
2003-03-01,0.0,0.1146972648,33.8471008
2003-03-02,0.0,0.1146484377,33.195489499999994
2003-03-03,0.0,0.1142440796,33.7526674
2003-03-04,0.0,0.1137542724,33.901739500000005
2003-03-05,0.0,0.1133575434,34.779547
2003-03-06,0.0,0.11308899019999999,34.964215
2003-03-07,0.0,0.112884523,35.9095279
2003-03-08,0.0,0.11272888240000001,35.1148499
2003-03-09,0.0,0.1126312259,34.503815200000005
2003-03-10,0.0,0.1125259385,34.1169498
2003-03-11,0.0,0.11241760270000001,33.9012267
2003-03-12,0.0,0.112312317,34.913726600000004
2003-03-13,0.0,0.1122558602,36.0530823
2003-03-14,0.0,0.112187195,35.4255919
2003-03-15,0.0,0.112161255,33.6774473
2003-03-16,0.0,0.1121932976,33.528961
2003-03-17,0.0,0.1121124268,33.3938044
2003-03-18,0.0,0.1119888303,32.687237499999995
2003-03-19,0.0,0.1118637085,33.9738342
2003-03-20,0.0,0.11173095699999999,35.4729061
2003-03-21,0.0,0.1116607656,36.2566465
2003-03-22,0.0,0.11164398150000002,36.2971255
2003-03-23,0.0,0.1116119387,36.8793026
2003-03-24,0.0,0.1115966805,36.1799867
2003-03-25,0.0,0.11153564499999999,37.396148800000006
2003-03-26,0.0,0.1114624014,36.7835021
2003-03-27,0.0,0.1114120483,36.416119200000004
2003-03-28,0.0,0.11133422820000001,37.0034244
2003-03-29,0.0,0.11129455529999999,35.395171700000006
2003-03-30,0.0,0.11127777000000001,35.5177797
2003-03-31,0.0,0.111183166,37.099420099999996
2003-04-01,0.0,0.1111480718,36.2515197
2003-04-02,0.0,0.1110641469,35.4890199
2003-04-03,0.0,0.1112319934,33.9808655
2003-04-04,0.0,0.11206817620000001,33.914678800000004
2003-04-05,0.0,0.11414184549999999,34.2100162
2003-04-06,0.0,0.11340331969999999,35.2437072
2003-04-07,0.0,0.1142715454,36.850592
2003-04-08,0.0,0.1147308346,37.1160462
2003-04-09,0.0,0.1138061521,36.9088442
2003-04-10,0.0,0.11331176800000001,37.1090638
2003-04-11,0.0,0.1129257189,36.1122373
2003-04-12,0.0,0.1126449575,36.9262511
2003-04-13,0.0,0.112449647,36.269610799999995
2003-04-14,0.0,0.11228332509999998,36.2335026
2003-04-15,0.0,0.1121963496,36.28938599999999
2003-04-16,0.0,0.11209106399999999,36.553301999999995
2003-04-17,0.0,0.1120819095,36.408599800000005
2003-04-18,0.0,0.1126541136,36.2147032
2003-04-19,0.0,0.1126663206,36.303229
2003-04-20,0.0,0.1123931886,35.5747133
2003-04-21,0.0,0.1122085576,36.3744936
2003-04-22,0.0,0.11210632400000001,36.9722711
2003-04-23,0.0,0.1119674687,36.5374817
2003-04-24,0.0,0.1118301398,37.1369202
2003-04-25,0.0,0.11177215600000001,37.2635804
2003-04-26,0.0,0.1117584228,36.9905579
2003-04-27,0.0,0.1116836546,36.5621401
2003-04-28,0.0,0.1115997312,37.0817684
2003-04-29,0.0,0.1114959718,36.5497623
2003-04-30,0.0,0.1114349383,37.2155092
2003-05-01,0.0,0.11141357510000001,37.047125400000006
2003-05-02,0.0,0.11135864259999999,36.207721299999996
2003-05-03,0.0,0.1113784789,36.0576233
2003-05-04,0.0,0.1115783696,35.8963191
2003-05-05,0.0,0.11170654390000001,35.8634826
2003-05-06,0.0,0.1115600605,36.024224600000004
2003-05-07,0.0,0.1115112297,35.9244202
2003-05-08,0.0,0.1114669814,35.978863000000004
2003-05-09,0.0,0.11134338299999999,37.213043299999995
2003-05-10,0.0,0.1112625129,38.0367252
2003-05-11,0.0,0.1111892702,37.5137268
2003-05-12,0.0,0.1110839847,35.9194887
2003-05-13,0.0,0.111019898,35.7760563
2003-05-14,0.0,0.1115783691,35.5277161
2003-05-15,0.0,0.11496581980000001,35.162237700000006
2003-05-16,0.0,0.1146163936,35.6209047
2003-05-17,0.0,0.1146591191,35.7271787
2003-05-18,0.0,0.114375305,35.825933899999995
2003-05-19,1.0021593570709229,0.114808655,36.4310854
2003-05-20,0.0,0.11779327400000002,36.2807188
2003-05-21,0.0,0.11732177699999999,36.430182200000004
2003-05-22,0.0,0.11682891799999999,36.607354199999996
2003-05-23,0.0,0.1176055914,35.780524
2003-05-24,0.0,0.11897125260000001,36.7799868
2003-05-25,22.105525970458984,0.1190536495,36.6803043
2003-05-26,0.0,0.1179656984,36.8939513
2003-05-27,0.0,0.11668090770000002,36.8951726
2003-05-28,0.0,0.11724853360000001,36.5849184
2003-05-29,0.0,0.129750062,35.1583071
2003-05-30,0.0,0.126167297,35.288531899999995
2003-05-31,0.0,0.1225250245,36.077667
2003-06-01,35.637619495391846,0.11983184799999999,36.260504299999994
2003-06-02,0.0,0.11824035560000001,36.0301086
2003-06-03,0.0,0.11737975949999999,36.1488833
2003-06-04,0.0,0.11647338840000002,35.8844541
2003-06-05,0.0,0.11545257410000001,36.0489078
2003-06-06,1.066820502281189,0.1176696776,35.1202209
2003-06-07,20.94312858581543,0.1246994015,35.7565
2003-06-08,22.274639129638672,0.131399536,36.2475399
2003-06-09,0.0,0.1423019411,35.2448542
2003-06-10,0.4949686825275421,0.19380188,33.1153627
2003-06-11,15.73882369697094,0.221440124,30.9817073
2003-06-12,7.688982367515564,0.334069823,28.127032300000003
2003-06-13,17.670368909835815,0.339753723,30.317217799999998
2003-06-14,9.256818652153015,0.350811767,29.0082094
2003-06-15,16.691340073943138,0.41182251000000003,26.4779295
2003-06-16,36.791306495666504,0.416351319,25.830841099999997
2003-06-17,12.193124413490294,0.40579834000000004,27.8680723
2003-06-18,36.518916606903076,0.401084902,28.228521999999998
2003-06-19,131.4414825439453,0.401156617,26.1858153
2003-06-20,114.75344848632812,0.398106383,27.213128599999997
2003-06-21,44.49081301689148,0.397897341,27.2365292
2003-06-22,2.4042235612869263,0.38914337200000004,29.3405091
2003-06-23,10.94135046005249,0.378668213,29.0120423
2003-06-24,0.5363563485443592,0.386528015,27.7410887
2003-06-25,36.36938714981079,0.405252074,25.9639952
2003-06-26,32.42563056945801,0.412509157,25.7060241
2003-06-27,6.070750534534454,0.41792907599999995,27.0859316
2003-06-28,114.02659797668457,0.41760559199999997,25.3725035
2003-06-29,55.92041778564453,0.405897521,26.038494800000002
2003-06-30,77.62594270706177,0.396017456,28.2976928
2003-07-01,20.461044430732727,0.392527771,28.879254300000003
2003-07-02,0.8012786507606506,0.397096252,28.5224245
2003-07-03,0.04637879878282545,0.41637420599999997,28.290100000000002
2003-07-04,25.714845418930054,0.414750669,28.1832276
2003-07-05,34.46497869491577,0.410549932,26.4872863
2003-07-06,9.053155109286308,0.40858917100000003,25.878192000000002
2003-07-07,84.13678359985352,0.406562804,25.3514769
2003-07-08,73.81322574615479,0.409275817,25.567181499999997
2003-07-09,39.33107662200928,0.404821775,25.670355
2003-07-10,5.578109722584486,0.39851837199999995,27.494488699999998
2003-07-11,14.981521368026733,0.41573181000000003,27.7123903
2003-07-12,31.567540168762207,0.405494696,25.8795103
2003-07-13,7.642990469932556,0.408656312,26.9886045
2003-07-14,26.550358176231384,0.415760802,27.8106019
2003-07-15,143.55560684204102,0.405459594,26.686438
2003-07-16,27.505947589874268,0.422509766,25.4164125
2003-07-17,68.83163547515869,0.412614443,25.4265443
2003-07-18,19.916935443878174,0.40791931200000003,27.036541699999997
2003-07-19,3.4090309739112854,0.39598846600000004,28.836920099999997
2003-07-20,0.8951738923788072,0.385020449,29.803332599999997
2003-07-21,4.587296962738037,0.38919372500000005,27.810040199999996
2003-07-22,11.205796480178833,0.394526672,28.6987975
2003-07-23,4.706063240766525,0.40420685,25.960492
2003-07-24,23.698423147201538,0.417544556,25.3136596
2003-07-25,18.357309222221375,0.419662474,26.0294558
2003-07-26,15.126124620437622,0.40091400200000005,26.7636108
2003-07-27,16.88352656364441,0.42838744999999995,25.356616199999998
2003-07-28,150.23902320861816,0.396041868,27.2743958
2003-07-29,23.613329887390137,0.38475494499999996,28.8088686
2003-07-30,5.701092302799225,0.3731308,29.2467894
2003-07-31,3.682544559240341,0.365429688,29.3513488
2003-08-01,7.550455074757337,0.38959503399999995,27.7870668
2003-08-02,14.587961077690125,0.394628908,27.0939393
2003-08-03,33.59680414199829,0.40936889800000004,25.307665999999998
2003-08-04,26.122190713882446,0.40033721800000005,26.898760700000004
2003-08-05,15.72087150812149,0.41424713100000005,25.3698852
2003-08-06,12.146327316761017,0.412600709,25.8667357
2003-08-07,82.30325031280518,0.39688720699999996,27.215679799999997
2003-08-08,42.59039258956909,0.406559754,27.9279357
2003-08-09,26.733812868595123,0.38624115,28.0072632
2003-08-10,11.67278254032135,0.38495636,28.5165527
2003-08-11,10.057119011878967,0.393397521,28.232464399999998
2003-08-12,8.406504124403,0.380302429,28.8268311
2003-08-13,8.946219086647034,0.393663027,27.8694032
2003-08-14,8.162835896015167,0.39422301800000004,27.866748
2003-08-15,7.826462626457214,0.387405396,27.6149352
2003-08-16,5.337881252169609,0.37409362700000004,29.130688400000004
2003-08-17,3.7963579893112183,0.36747283999999997,29.351800500000003
2003-08-18,4.470321990549564,0.363935852,28.811200000000003
2003-08-19,3.703144669532776,0.375164798,27.054961900000002
2003-08-20,13.160197496414185,0.37854767100000003,28.2180177
2003-08-21,3.9465696215629578,0.37499237399999996,28.6862123
2003-08-22,3.4469670057296757,0.371415712,28.2684082
2003-08-23,26.72982469201088,0.406965633,25.4543454
2003-08-24,43.26802206039429,0.399664305,25.9025878
2003-08-25,8.498438775539398,0.389411926,27.472332799999997
2003-08-26,3.2312610745429993,0.38180389400000003,27.9635986
2003-08-27,4.0814052522182465,0.387535094,27.145617500000004
2003-08-28,8.334189355373383,0.40746154700000004,26.201007099999998
2003-08-29,13.956525325775146,0.39732665899999997,27.1188661
2003-08-30,24.911365032196045,0.404946901,26.648809699999997
2003-08-31,16.314255952835083,0.385893249,27.8378418
2003-09-01,3.821255326271057,0.37516479399999997,28.098052799999998
2003-09-02,6.9617092460393915,0.382344054,27.2468932
2003-09-03,5.01224847137928,0.390867617,25.4528199
2003-09-04,12.88441252708435,0.39583435100000003,27.3482299
2003-09-05,6.731512367725372,0.388888551,27.89115
2003-09-06,3.193083442747593,0.379838561,27.9475158
2003-09-07,3.4258345663547516,0.373434446,28.015014700000002
2003-09-08,4.969493858516216,0.369635012,28.2481447
2003-09-09,3.8896753937005992,0.362373349,28.509808299999996
2003-09-10,1.8499199002981186,0.371725464,26.0428649
2003-09-11,35.29607152938843,0.375155639,26.7792417
2003-09-12,11.42491364479065,0.370747378,27.8790589
2003-09-13,13.655737519264221,0.365013122,27.869079399999997
2003-09-14,1.4552022144198418,0.360931396,27.721380599999996
2003-09-15,3.0633204132318497,0.358096313,28.0563964
2003-09-16,7.005667656660081,0.356500241,28.8119081
2003-09-17,0.6853412985801697,0.345309447,28.779784999999997
2003-09-18,0.07614903897047043,0.34028472600000004,28.874206700000002
2003-09-19,1.0036012195050716,0.34570159899999997,28.319964499999998
2003-09-20,2.6666132360696793,0.35168304699999997,28.4634764
2003-09-21,10.75454592704773,0.36858673,28.490618899999998
2003-09-22,8.988513886928558,0.384739684,27.355487099999998
2003-09-23,8.192774534225464,0.38872223,25.7064452
2003-09-24,20.832839906215668,0.36689911199999997,28.0725282
2003-09-25,10.559661209583282,0.377143856,27.962390199999998
2003-09-26,41.857527792453766,0.399743653,26.548755
2003-09-27,10.525910526514053,0.40342407199999997,27.2230834
2003-09-28,38.721612215042114,0.38685912899999997,28.4321596
2003-09-29,2.8541002832353115,0.407763672,27.652819899999997
2003-09-30,0.7140053883194923,0.403799441,28.5730954
2003-10-01,0.19584058225154877,0.374714665,29.8726197
2003-10-02,0.7301453053951263,0.36067810499999997,30.807482800000002
2003-10-03,7.576189324259758,0.337190243,31.446795700000003
2003-10-04,0.0,0.318339539,31.136023
2003-10-05,0.0,0.300273133,30.1146789
2003-10-06,0.0,0.287619018,29.5863342
2003-10-07,0.0434117019176483,0.29569244299999997,30.2980042
2003-10-08,0.7301453053951263,0.304585269,29.792602499999997
2003-10-09,2.0651261806488037,0.299517825,29.134869300000002
2003-10-10,0.5385615825653076,0.30381012199999996,29.2249512
2003-10-11,0.0,0.288227844,29.7432863
2003-10-12,0.0,0.270529174,31.159259099999996
2003-10-13,0.0,0.257328794,30.6661497
2003-10-14,0.0,0.24391174300000001,31.0989071
2003-10-15,0.0,0.229393004,30.7725526
2003-10-16,0.0,0.216172792,30.174591
2003-10-17,0.0,0.20507354700000002,30.294744700000003
2003-10-18,0.0,0.1962554934,30.6430722
2003-10-19,0.0,0.188520811,30.917095999999997
2003-10-20,0.0,0.18121948100000002,31.4233704
2003-10-21,0.0,0.173275757,31.137164300000002
2003-10-22,0.0,0.16589660550000002,30.9058415
2003-10-23,0.0,0.1595214849,30.8445374
2003-10-24,0.0,0.15455474900000002,30.3858949
2003-10-25,0.0,0.1511672969,30.109893899999996
2003-10-26,0.0,0.1472076429,30.800469900000003
2003-10-27,0.0,0.142503357,30.991095100000003
2003-10-28,0.0,0.1378311155,31.254449299999997
2003-10-29,0.0,0.1342636116,31.6410704
2003-10-30,0.0,0.1341796875,31.280377299999998
2003-10-31,0.0,0.13245697110000001,32.1296935
2003-11-01,0.0,0.1329483036,32.4382631
2003-11-02,0.0,0.1301269526,32.906109300000004
2003-11-03,0.0,0.1276947028,33.683722
2003-11-04,0.0,0.125669861,33.2021302
2003-11-05,0.0,0.12418365410000001,32.525982799999994
2003-11-06,0.0,0.1227447514,32.9252747
2003-11-07,0.0,0.1215042104,32.6348937
2003-11-08,0.0,0.12047271699999999,32.4404604
2003-11-09,0.0,0.11933898940000001,32.820953200000005
2003-11-10,0.0,0.11844177250000001,32.419415
2003-11-11,0.0,0.11773224060000001,32.1030823
2003-11-12,0.0,0.1171554564,32.0430482
2003-11-13,0.0,0.11666565009999999,31.653130800000003
2003-11-14,0.0,0.1163162238,31.156964199999997
2003-11-15,0.0,0.1161331165,30.8437805
2003-11-16,0.0,0.11594696099999999,31.0941711
2003-11-17,0.0,0.11574859600000001,30.5415103
2003-11-18,0.0,0.11558227439999999,31.417389000000004
2003-11-19,0.0,0.11531677250000001,31.903326600000003
2003-11-20,0.0,0.1150360121,32.273224
2003-11-21,0.0,0.11480102510000001,31.840606700000002
2003-11-22,0.0,0.11464386019999999,31.3625793
2003-11-23,0.0,0.1160568233,30.255963200000004
2003-11-24,0.0,0.1154846199,31.830084199999998
2003-11-25,0.0,0.11508178660000001,31.9040831
2003-11-26,0.0,0.11474151569999999,31.532379099999996
2003-11-27,0.0,0.1145507812,31.0283506
2003-11-28,0.0,0.1143920896,31.013458300000003
2003-11-29,0.0,0.11422882059999999,31.8356018
2003-11-30,0.0,0.11406555170000002,32.4521302
2003-12-01,0.0,0.1139709476,32.345929
2003-12-02,0.0,0.11383667099999999,32.1246399
2003-12-03,0.0,0.1137481691,31.7864559
2003-12-04,0.0,0.1136535649,31.8035219
2003-12-05,0.0,0.11355895980000001,31.9939515
2003-12-06,0.0,0.1134506228,31.4162658
2003-12-07,0.0,0.1133850091,31.320050300000002
2003-12-08,0.0,0.1133255022,30.6327453
2003-12-09,0.0,0.1132949824,30.378961099999998
2003-12-10,0.0,0.11324768060000001,30.8830626
2003-12-11,0.0,0.1132202159,30.6458802
2003-12-12,0.0,0.11322937029999999,30.2582338
2003-12-13,0.0,0.1131805433,30.832037200000002
2003-12-14,0.0,0.11310882650000001,31.549127399999996
2003-12-15,0.0,0.1131088257,30.135382
2003-12-16,0.0,0.11311035139999999,28.819268799999996
2003-12-17,0.0,0.11305999879999999,29.5650695
2003-12-18,0.0,0.11301879960000001,29.755499199999996
2003-12-19,0.0,0.1129974372,29.9229553
2003-12-20,0.0,0.112934876,30.625469900000002
2003-12-21,0.0,0.11289520280000001,30.2992979
2003-12-22,0.0,0.1128433226,30.6049377
2003-12-23,0.0,0.11280059790000001,30.3957336
2003-12-24,0.0,0.11276702899999999,30.715484500000002
2003-12-25,0.0,0.1127273557,30.479718100000003
2003-12-26,0.0,0.11271514810000001,29.7215149
2003-12-27,0.0,0.11273803810000001,28.3498598
2003-12-28,0.0,0.11269683779999999,29.9256411
2003-12-29,0.0,0.1126510621,31.1557434
2003-12-30,0.0,0.1126281755,30.6715879
2003-12-31,0.0,0.11261138870000001,30.2093079
2004-01-01,0.0,0.1125823968,29.319879200000003
2004-01-02,0.0,0.11257781929999999,29.243267600000003
2004-01-03,0.0,0.1125732429,29.1049623
2004-01-04,0.0,0.11255645780000001,29.0804504
2004-01-05,0.0,0.11258697529999999,28.8143616
2004-01-06,0.0,0.11259002659999999,28.9736633
2004-01-07,0.0,0.1125000005,30.0893127
2004-01-08,0.0,0.11246643170000001,32.002887
2004-01-09,0.0,0.1123992919,31.6916318
2004-01-10,0.0,0.11236572140000001,31.439605800000002
2004-01-11,0.0,0.11233520379999999,31.0466857
2004-01-12,0.0,0.112315368,31.422564799999996
2004-01-13,0.0,0.11228179899999999,31.5029843
2004-01-14,0.0,0.1122650148,31.0208073
2004-01-15,0.0,0.1122619623,31.372662400000003
2004-01-16,0.0,0.1122390751,31.4170225
2004-01-17,0.0,0.11227111780000001,30.993291899999996
2004-01-18,0.0,0.11223907500000001,30.7443176
2004-01-19,0.0,0.11219787640000001,30.531768999999997
2004-01-20,0.0,0.1121795664,29.665216199999996
2004-01-21,0.0,0.116520691,28.073956199999998
2004-01-22,0.0,0.11819458050000001,27.160821499999997
2004-01-23,0.0,0.1169647224,28.603961199999997
2004-01-24,0.0,0.11602172969999999,30.11297
2004-01-25,0.0,0.1152618407,29.3032288
2004-01-26,0.0,0.11477050800000002,29.0320616
2004-01-27,0.0,0.1143112172,31.542950400000002
2004-01-28,0.0,0.11404418860000001,30.5162659
2004-01-29,0.0,0.11409301730000002,29.736773699999997
2004-01-30,0.0,0.1152145397,29.0714905
2004-01-31,0.0,0.11479797330000001,29.427887
2004-02-01,0.0,0.1143997186,29.7283997
2004-02-02,0.0,0.1139678961,32.1396301
2004-02-03,0.0,0.11366577200000001,32.5372128
2004-02-04,0.0,0.11351928660000002,31.3643371
2004-02-05,0.0,0.11338653489999999,30.440997199999998
2004-02-06,0.0,0.1132202149,32.0092102
2004-02-07,0.0,0.11307220300000001,32.4762269
2004-02-08,0.0,0.11298828140000002,32.856548499999995
2004-02-09,0.0,0.112962341,31.7112364
2004-02-10,0.0,0.112901306,32.0846741
2004-02-11,0.0,0.1128677364,31.9360657
2004-02-12,0.0,0.11284789929999998,31.4139953
2004-02-13,0.0,0.11280365029999999,32.4061097
2004-02-14,0.0,0.112797547,32.3286196
2004-02-15,0.0,0.11276092499999998,34.0406313
2004-02-16,0.0,0.1126922596,34.5499571
2004-02-17,0.0,0.11264190830000001,33.9151429
2004-02-18,0.0,0.112640381,31.873272500000002
2004-02-19,0.0,0.11253204349999998,31.0916809
2004-02-20,0.0,0.1124359144,32.1629454
2004-02-21,0.0,0.11235046259999999,33.8251523
2004-02-22,0.0,0.1123229982,35.5687566
2004-02-23,0.0,0.11229400640000001,35.0782778
2004-02-24,0.0,0.1122726441,34.7942929
2004-02-25,0.0,0.1122497555,34.8488344
2004-02-26,0.0,0.11226501520000001,33.6856996
2004-02-27,0.0,0.1122039797,33.511383
2004-02-28,0.0,0.1121429443,32.8402895
2004-02-29,0.0,0.1121704099,33.383917399999994
2004-03-01,0.0,0.1121002204,35.245953
2004-03-02,0.0,0.11204986539999999,36.0603088
2004-03-03,0.0,0.11199035660000001,36.1880431
2004-03-04,0.0,0.1119277961,36.572662300000005
2004-03-05,0.0,0.11193084739999999,35.505768
2004-03-06,0.0,0.11190033019999998,35.0466615
2004-03-07,0.0,0.11184844950000002,36.4591862
2004-03-08,0.0,0.111782837,38.2460997
2004-03-09,0.0,0.1117706305,34.5967834
2004-03-10,0.0,0.1117340089,35.483502
2004-03-11,0.0,0.11168212959999999,36.042193600000004
2004-03-12,0.0,0.11162872319999999,37.4122619
2004-03-13,0.0,0.1115783687,37.7482488
2004-03-14,0.0,0.1115432743,37.7223204
2004-03-15,0.0,0.1114929195,37.9447324
2004-03-16,0.0,0.1113952654,38.3114317
2004-03-17,0.0,0.11129150540000002,35.5565734
2004-03-18,0.0,0.11123809790000001,37.061139100000005
2004-03-19,0.0,0.111216735,39.063385499999995
2004-03-20,0.0,0.11119537350000001,37.3406314
2004-03-21,0.0,0.11117401,35.6050842
2004-03-22,0.0,0.1111190796,36.5583558
2004-03-23,0.0,0.11107940599999999,36.5152401
2004-03-24,0.0,0.1109542853,36.089801
2004-03-25,0.0,0.1109054563,35.6039125
2004-03-26,0.0,0.11089477439999999,35.5549622
2004-03-27,0.0,0.11089324949999999,35.3874326
2004-03-28,0.0,0.110891724,35.3429747
2004-03-29,0.0,0.1109115598,34.8366271
2004-03-30,0.0,0.1108963015,35.3415343
2004-03-31,0.0,0.1108108514,34.7037416
2004-04-01,0.0,0.11077880920000001,34.7228828
2004-04-02,0.0,0.11077270489999999,35.4024229
2004-04-03,0.0,0.110739137,35.3498836
2004-04-04,0.0,0.11068115190000001,36.0137269
2004-04-05,0.0,0.1106292718,36.2233462
2004-04-06,0.0,0.1105117793,35.843463099999994
2004-04-07,0.0,0.11051330560000001,35.1099425
2004-04-08,0.0,0.11068115299999999,34.9405577
2004-04-09,0.0,0.1108016962,35.090948299999994
2004-04-10,0.0,0.110751342,35.944097799999994
2004-04-11,0.0,0.1105514524,36.026910099999995
2004-04-12,0.0,0.11042785699999999,35.9245669
2004-04-13,0.0,0.1103103638,36.4444887
2004-04-14,0.0,0.11041870000000001,37.051715
2004-04-15,0.0,0.11038665699999999,36.8460019
2004-04-16,0.0,0.110430908,36.2249331
2004-04-17,0.0,0.11038970919999999,35.8047179
2004-04-18,15.754772126674652,0.11039581379999999,35.7144834
2004-04-19,0.0,0.1104446412,36.2046452
2004-04-20,0.0,0.1103805546,36.819440099999994
2004-04-21,0.0,0.11025695770000002,37.601764200000005
2004-04-22,0.0,0.1101974473,36.6885558
2004-04-23,0.0,0.11015014679999999,36.3137269
2004-04-24,0.0,0.11013183509999999,36.3931699
2004-04-25,0.0,0.1100631723,36.6532287
2004-04-26,0.0,0.1100234989,36.0583314
2004-04-27,0.0,0.1100250245,36.2359682
2004-04-28,0.0,0.1099975586,36.5464658
2004-04-29,0.0,0.1100906362,36.1166075
2004-04-30,0.0,0.11007385109999998,36.3146059
2004-05-01,0.0,0.110118104,36.921636899999996
2004-05-02,0.0,0.1099884038,38.6104068
2004-05-03,0.0,0.10986480679999999,39.4372136
2004-05-04,0.0,0.10980682280000001,37.8335507
2004-05-05,0.23247408121824265,0.1111267094,38.0193421
2004-05-06,0.0,0.1104644767,38.922565000000006
2004-05-07,0.15012383274734017,0.1103042609,38.064630199999996
2004-05-08,1.3960646986961365,0.1195037825,35.55965
2004-05-09,0.0,0.1197296149,36.3367006
2004-05-10,1.2933745682239532,0.1571945198,32.5126649
2004-05-11,0.1033218204975128,0.155537415,33.2337586
2004-05-12,0.0,0.1475418078,35.414361400000004
2004-05-13,0.0,0.137815857,35.9733946
2004-05-14,0.0,0.1442550665,34.8895082
2004-05-15,0.07749136909842488,0.191455079,33.22663
2004-05-16,0.0,0.20167846799999997,33.4795229
2004-05-17,0.0,0.211959838,32.427777000000006
2004-05-18,14.495185688138008,0.362409973,28.400799499999998
2004-05-19,2.5779141187667847,0.296218871,31.1049989
2004-05-20,1.0630033314228058,0.255915831,31.506866300000002
2004-05-21,0.0,0.226078797,32.05025
2004-05-22,0.0,0.205157472,32.3811096
2004-05-23,0.07749136909842488,0.188230896,33.070099299999995
2004-05-24,0.0,0.17191162200000001,33.4927555
2004-05-25,0.0,0.1572006229,34.5574276
2004-05-26,0.0,0.1458145141,35.1014467
2004-05-27,0.0,0.13746032609999997,35.0569154
2004-05-28,0.0,0.13312530520000002,35.5609678
2004-05-29,0.0,0.1284561159,35.8926332
2004-05-30,0.0,0.1266052246,35.975372300000004
2004-05-31,0.18081317842006683,0.1275863639,35.8433897
2004-06-01,0.0,0.125801086,35.7516176
2004-06-02,0.05761148035526275,0.124235535,36.0625546
2004-06-03,0.0,0.1224227896,36.07888749999999
2004-06-04,0.0,0.1233398439,36.3149967
2004-06-05,3.8624541759490967,0.19585266099999998,33.160784899999996
2004-06-06,1.0977733880281448,0.25997467199999996,31.6169985
2004-06-07,0.3246568888425827,0.288652038,30.6491701
2004-06-08,0.07681531459093092,0.341075134,30.711090000000002
2004-06-09,6.732172764837742,0.33329315,28.5775394
2004-06-10,1.8762620091438293,0.357002256,28.3254578
2004-06-11,1.870977520942688,0.36446228199999997,29.0044251
2004-06-12,2.0269729495048523,0.35046081500000004,29.084619300000004
2004-06-13,3.3054370880126958,0.41025543200000003,26.303936800000002
2004-06-14,15.955798327922821,0.426629638,25.753717
2004-06-15,57.32627582550049,0.41523590099999996,26.626123200000002
2004-06-16,35.75174427032471,0.420066834,25.418493599999998
2004-06-17,29.903911113739014,0.41450653,25.11532
2004-06-18,57.768606185913086,0.39549713,26.806658700000003
2004-06-19,57.777104139327996,0.386843873,27.588556099999998
2004-06-20,3.9842819087207317,0.37961425699999995,29.3362364
2004-06-21,1.5404392443597317,0.37693481700000003,29.118481300000003
2004-06-22,0.0,0.375166324,29.311193600000003
2004-06-23,0.0,0.36637725899999996,28.9185302
2004-06-24,0.0,0.384288025,27.896759099999997
2004-06-25,3.9294683933258057,0.393147277,27.784326399999998
2004-06-26,7.256174087524414,0.382611087,28.4925901
2004-06-27,6.597471654415131,0.387452696,29.0056213
2004-06-28,2.2347924895584583,0.383416747,29.2436708
2004-06-29,3.730437397956848,0.386083985,28.2593505
2004-06-30,10.751024663448334,0.390695189,28.415252600000002
2004-07-01,12.81762319803238,0.40034485000000003,28.648553600000003
2004-07-02,9.549054086208344,0.385171508,29.946051
2004-07-03,5.471423268318176,0.391798403,29.262298700000002
2004-07-04,86.74764728546143,0.420878602,26.5118043
2004-07-05,29.684319615364075,0.41314086699999997,26.7971131
2004-07-06,38.24548292160034,0.390460205,29.0101562
2004-07-07,9.460813589394093,0.379452511,29.3290225
2004-07-08,0.9799678027629852,0.3764389,28.6751523
2004-07-09,12.371185183525085,0.377174377,29.0359863
2004-07-10,5.995469450950623,0.385478209,29.392663499999998
2004-07-11,7.002289339900017,0.382426453,29.3290587
2004-07-12,11.416575491428375,0.391047668,28.5078368
2004-07-13,2.9352696537971497,0.381553649,29.651409899999997
2004-07-14,4.164051949977875,0.389479065,28.2835264
2004-07-15,45.249764919281006,0.40505066,27.825195100000002
2004-07-16,10.494091242551804,0.402012635,28.366381699999998
2004-07-17,0.3149643540382385,0.393182372,27.520281999999998
2004-07-18,4.441509433090687,0.385264586,29.1652159
2004-07-19,2.5514516830444336,0.381796265,28.944286899999998
2004-07-20,13.33183366060257,0.402308657,28.5203979
2004-07-21,29.973020553588867,0.40736694,27.048742500000003
2004-07-22,12.191219508647919,0.398277282,28.3253846
2004-07-23,23.68132793903351,0.389761356,27.7272154
2004-07-24,27.65345811843872,0.38657684400000003,28.721283
2004-07-25,21.11790096759796,0.41664428600000003,25.4685671
2004-07-26,42.75080406665802,0.41461029099999996,24.8114317
2004-07-27,52.212562084198,0.40693512,24.5491025
2004-07-28,16.184592247009277,0.403306578,24.760382
2004-07-29,79.77131938934326,0.409431457,24.5367615
2004-07-30,87.37391567230225,0.423129271,24.573492199999997
2004-07-31,61.420626640319824,0.41425018199999997,24.735308800000002
2004-08-01,56.06942653656006,0.414677429,24.2051332
2004-08-02,148.76547813415527,0.42384338499999996,24.3525146
2004-08-03,75.99378967285156,0.40559539899999997,24.3376649
2004-08-04,102.78089904785156,0.41249695,24.5441526
2004-08-05,82.55614757537842,0.421115112,24.486309900000002
2004-08-06,81.59273433685303,0.407150269,26.5375427
2004-08-07,9.945769309997559,0.39678802700000004,26.9577269
2004-08-08,14.030862927436829,0.402671813,26.764202899999997
2004-08-09,13.972606658935547,0.406361389,27.1137878
2004-08-10,18.063287019729614,0.412825015,25.4663271
2004-08-11,23.9795503616333,0.42632293800000004,24.620282
2004-08-12,93.79305458068848,0.395602419,25.8400757
2004-08-13,7.4479838609695435,0.390232852,27.6292845
2004-08-14,2.6067067682743073,0.405714416,25.2441773
2004-08-15,19.552893042564392,0.39313507,26.845111000000003
2004-08-16,13.791320323944092,0.40567932300000004,26.003601200000002
2004-08-17,23.583802461624146,0.399566649,27.6241025
2004-08-18,14.214740872383118,0.394221496,27.373211700000002
2004-08-19,12.281511306762695,0.387432859,26.822253
2004-08-20,14.626923084259033,0.394882203,26.4351318
2004-08-21,28.980456352233887,0.397090149,26.6321776
2004-08-22,46.71441698074341,0.40103607099999994,25.781915500000004
2004-08-23,8.262099742889404,0.39329834100000005,25.9991212
2004-08-24,23.540218591690063,0.39649352800000004,24.803698500000003
2004-08-25,22.83784055709839,0.38222198500000004,27.988781799999998
2004-08-26,3.0882923640310764,0.37864685,28.093231099999997
2004-08-27,0.0,0.374719236,27.735015800000003
2004-08-28,0.0,0.358512883,28.1396607
2004-08-29,0.0,0.35536041,28.127154400000002
2004-08-30,0.0,0.365951539,27.8955873
2004-08-31,0.028805740177631375,0.359561157,27.6169861
2004-09-01,9.089059174060822,0.354667662,28.3544676
2004-09-02,3.16996930539608,0.341149901,28.9339355
2004-09-03,0.0,0.33776703,29.1410035
2004-09-04,0.0,0.335881043,28.9968139
2004-09-05,0.0,0.332632447,28.776288
2004-09-06,0.69287920743227,0.373463439,27.2017088
2004-09-07,26.542654514312744,0.41007079700000004,25.36203
2004-09-08,2.456578850746155,0.394493105,26.424768
2004-09-09,6.806614995002747,0.388717655,27.199499600000003
2004-09-10,17.302021980285645,0.388726806,27.6815367
2004-09-11,4.812655806541443,0.379498294,27.5165345
2004-09-12,3.5196292996406555,0.37853698700000005,27.523407
2004-09-13,2.0664363503456116,0.363287353,28.421844399999998
2004-09-14,4.652532124891877,0.355569459,28.4608765
2004-09-15,1.8171760141849518,0.358262635,28.678118899999998
2004-09-16,6.177864659577608,0.357817077,28.106433
2004-09-17,3.6437499970197678,0.350346374,28.973284999999997
2004-09-18,2.910264551639557,0.338006592,29.360931299999997
2004-09-19,0.0,0.37421417199999996,28.217931900000004
2004-09-20,7.350270330905914,0.382566833,27.9745301
2004-09-21,23.097277164459232,0.386866758,29.0969237
2004-09-22,4.559389382600784,0.404647828,27.0893619
2004-09-23,2.884121224284172,0.412443545,29.6958801
2004-09-24,16.374136686325073,0.392736816,29.518194299999998
2004-09-25,2.0038606077432632,0.37369384499999997,29.7965333
2004-09-26,3.8601311445236206,0.357897948,30.0689149
2004-09-27,0.0,0.36617889400000003,30.5190062
2004-09-28,0.7673903405666352,0.370741271,30.3148257
2004-09-29,4.078324541449547,0.358763122,31.4590026
2004-09-30,6.857306897640228,0.392813107,28.784515399999997
2004-10-01,1.8058992624282837,0.36525573699999997,29.006280500000003
2004-10-02,0.0,0.35999145600000004,27.8351989
2004-10-03,3.951819982379675,0.378065491,27.8492188
2004-10-04,0.670597555115819,0.369879152,28.5216494
2004-10-05,5.891732979565859,0.358129879,27.8453551
2004-10-06,0.6529783010482788,0.376469422,27.3620969
2004-10-07,1.8686062097549438,0.366352844,27.9586549
2004-10-08,0.4649481624364853,0.354072567,27.6293273
2004-10-09,0.0,0.333367918,28.0070312
2004-10-10,0.0,0.33824158,28.041827599999998
2004-10-11,3.130734384059906,0.351225283,27.8630249
2004-10-12,1.9829123318195343,0.324786378,28.1610595
2004-10-13,0.0,0.305651858,28.7375977
2004-10-14,0.0,0.28917541199999997,29.456634400000002
2004-10-15,0.0,0.27336425799999997,29.5699035
2004-10-16,0.0,0.25830078300000003,28.9789857
2004-10-17,0.0,0.24414825499999998,29.256549200000002
2004-10-18,0.0,0.23133392600000002,29.1592957
2004-10-19,0.0,0.219131472,29.1560486
2004-10-20,0.0,0.207913208,29.3375184
2004-10-21,0.0,0.197288514,29.496173199999998
2004-10-22,0.0,0.18749237000000002,30.0126038
2004-10-23,0.0,0.17833709739999998,30.4538635
2004-10-24,0.0,0.171022032,30.641803099999997
2004-10-25,0.0,0.16469726599999998,31.1774719
2004-10-26,0.0,0.15802001940000002,30.799298
2004-10-27,0.0,0.1524215698,30.939117599999996
2004-10-28,0.0,0.1481887836,30.4212219
2004-10-29,0.0,0.145033264,31.0110657
2004-10-30,0.03840765729546545,0.1412872314,30.835968099999995
2004-10-31,0.0,0.13747253450000002,31.379058800000003
2004-11-01,0.0,0.1363525375,30.8294738
2004-11-02,0.0,0.1354461676,30.249444599999997
2004-11-03,0.2595246657729149,0.16977234000000002,27.9063049
2004-11-04,0.2969031184911728,0.157510376,30.1371889
2004-11-05,0.0,0.1480911251,30.6346251
2004-11-06,0.0,0.1413726804,30.6165588
2004-11-07,0.0,0.136276245,30.5975403
2004-11-08,0.0,0.134417726,31.0484435
2004-11-09,0.16597586870193481,0.1364501954,30.1435365
2004-11-10,0.0,0.1439910898,30.410968000000004
2004-11-11,0.0,0.14337158190000002,31.2425844
2004-11-12,0.0,0.1378952026,32.2808657
2004-11-13,0.0,0.1335098271,32.5491518
2004-11-14,0.0,0.1297348024,32.835357599999995
2004-11-15,0.0,0.1265869134,32.937066599999994
2004-11-16,0.0,0.12411956819999999,32.719879199999994
2004-11-17,0.0,0.1221450811,32.430035399999994
2004-11-18,0.0,0.120420838,32.2220277
2004-11-19,0.0,0.11910553049999999,32.5170228
2004-11-20,0.0,0.1180450425,32.3624085
2004-11-21,0.0,0.1172882065,31.991949299999998
2004-11-22,0.0,0.1166961665,31.727887099999997
2004-11-23,0.0,0.11624145500000001,31.2146788
2004-11-24,0.0,0.1158462526,31.5786926
2004-11-25,0.0,0.115525817,31.4870178
2004-11-26,0.0,0.11525116020000001,31.314727899999998
2004-11-27,0.0,0.11500244200000001,31.308331199999998
2004-11-28,0.0,0.11473999100000001,31.165460200000002
2004-11-29,0.0,0.11456451319999998,30.8055235
2004-11-30,0.0,0.11439666799999999,30.473443600000003
2004-12-01,0.0,0.1142379756,30.479132099999998
2004-12-02,0.0,0.114125061,31.0019835
2004-12-03,0.0,0.11402587849999998,30.5949769
2004-12-04,0.0,0.11392822229999999,30.458966099999998
2004-12-05,0.0,0.1138290416,30.280181900000002
2004-12-06,0.0,0.1137390143,30.063287300000002
2004-12-07,0.0,0.1136611936,30.571881
2004-12-08,0.0,0.1135971061,30.9780579
2004-12-09,0.0,0.1135101325,30.986944700000002
2004-12-10,0.0,0.11344146749999999,31.5145079
2004-12-11,0.0,0.1133773804,31.240533199999998
2004-12-12,0.0,0.11332092279999999,30.5415588
2004-12-13,0.0,0.11327056899999999,30.7168517
2004-12-14,0.0,0.1132431036,30.7876282
2004-12-15,0.0,0.1132019041,30.9398013
2004-12-16,0.0,0.1131561279,31.160333
2004-12-17,0.0,0.113099671,31.263604599999997
2004-12-18,0.0,0.11306152409999999,30.884063700000002
2004-12-19,0.0,0.11305999880000002,29.7063293
2004-12-20,0.0,0.11318511839999998,28.4410461
2004-12-21,0.0,0.1132003779,28.3683411
2004-12-22,0.0,0.1131744393,28.4157775
2004-12-23,0.0,0.113143921,29.215753
2004-12-24,0.0,0.11309051379999999,30.4789855
2004-12-25,0.0,0.1130020145,31.1188294
2004-12-26,0.0,0.11293334910000001,31.2357239
2004-12-27,0.0,0.1129089351,31.387676899999995
2004-12-28,0.0,0.1128662109,31.0613587
2004-12-29,0.0,0.1128448479,31.0247861
2004-12-30,0.0,0.1128265379,30.8755922
2004-12-31,0.0,0.11287994370000001,27.7045228
2005-01-01,0.0,0.1130249018,26.655133
2005-01-02,0.0,0.11294403179999998,27.7829163
2005-01-03,0.0,0.1128890991,29.3183898
2005-01-04,0.0,0.11278076160000002,31.9175595
2005-01-05,0.0,0.1127227779,31.7190733
2005-01-06,0.0,0.112712097,30.271881200000003
2005-01-07,0.0,0.11268615789999999,30.052887
2005-01-08,0.0,0.11262970079999998,31.222540199999997
2005-01-09,0.0,0.11261596700000001,30.341070600000002
2005-01-10,0.0,0.1126297003,28.3161682
2005-01-11,0.0,0.112619019,28.995953500000002
2005-01-12,0.0,0.1125595107,30.2046692
2005-01-13,0.0,0.1125030517,30.660357499999996
2005-01-14,0.0,0.1125106821,29.555474800000002
2005-01-15,0.0,0.11248169049999998,29.911432
2005-01-16,0.0,0.11246337849999999,29.4920228
2005-01-17,0.0,0.112435914,28.7418272
2005-01-18,0.0,0.11240692129999999,27.9538878
2005-01-19,0.0,0.11234741200000001,30.1640442
2005-01-20,0.0,0.1122924805,31.0521302
2005-01-21,0.0,0.11227416959999999,30.8915344
2005-01-22,0.0,0.11228332430000001,29.724517900000002
2005-01-23,0.0,0.11226654,29.5804994
2005-01-24,0.0,0.11224822949999999,29.9113585
2005-01-25,0.0,0.1122192388,30.324811
2005-01-26,0.0,0.112217712,30.496099700000002
2005-01-27,0.0,0.11221923819999999,29.6752504
2005-01-28,0.0,0.1124877929,29.721246400000002
2005-01-29,0.0,0.1123596198,28.5855288
2005-01-30,0.0,0.11338806159999999,25.953424300000002
2005-01-31,0.5523407682776451,0.11959533600000001,28.563043299999997
2005-02-01,0.0,0.1177978515,30.416461500000004
2005-02-02,0.0,0.11644287100000002,30.685333300000003
2005-02-03,0.0,0.11560058660000001,30.947100799999998
2005-02-04,0.0,0.1149536136,31.0870911
2005-02-05,0.0,0.1145111079,31.056451099999997
2005-02-06,0.0,0.1142761221,30.160552799999998
2005-02-07,0.0,0.11432495140000001,30.060186800000004
2005-02-08,0.0,0.1140197763,31.835577699999998
2005-02-09,0.0,0.1137039182,33.1060119
2005-02-10,0.0,0.11353454680000001,32.8679263
2005-02-11,0.0,0.11342315750000001,32.4944888
2005-02-12,0.0,0.1132598875,33.4148008
2005-02-13,0.0,0.1131027236,34.429254099999994
2005-02-14,0.0,0.11300964360000001,33.484918199999996
2005-02-15,0.0,0.1129135121,31.499249300000002
2005-02-16,0.0,0.11328277579999999,30.941046
2005-02-17,0.0,0.11340331959999998,30.6377258
2005-02-18,0.0,0.1133331304,29.315386999999998
2005-02-19,0.0,0.11328125039999999,27.8629944
2005-02-20,0.0,0.11316833559999999,29.148858699999998
2005-02-21,0.0,0.1130828863,28.2332335
2005-02-22,0.0,0.1129852305,30.481304799999997
2005-02-23,0.0,0.1129043577,31.620099099999997
2005-02-24,0.0,0.1128494246,31.948321399999998
2005-02-25,0.0,0.1127868661,33.8402892
2005-02-26,0.0,0.11270294139999999,34.913140399999996
2005-02-27,0.0,0.112730408,35.756451299999995
2005-02-28,0.0,0.11274414079999999,33.046881
2005-03-01,0.0,0.1126937852,33.3905579
2005-03-02,0.0,0.112635803,33.039264200000005
2005-03-03,0.0,0.11254272400000001,32.8382633
2005-03-04,0.0,0.1125061028,33.1295469
2005-03-05,0.0,0.1124694822,32.7683167
2005-03-06,0.0,0.1124832165,32.4443177
2005-03-07,0.0,0.1123901373,30.7941711
2005-03-08,0.0,0.11241149850000001,32.103692699999996
2005-03-09,0.10182857327163217,0.11233367990000001,31.622418400000004
2005-03-10,0.0,0.1122497555,32.213653799999996
2005-03-11,0.0,0.11221313520000001,33.4984192
2005-03-12,0.0,0.11216430749999999,34.7006897
2005-03-13,0.0,0.1121063237,36.0000547
2005-03-14,0.0,0.11205291669999999,36.903668499999995
2005-03-15,0.0,0.1120208737,35.393121300000004
2005-03-16,0.0,0.11198425199999999,35.882720899999995
2005-03-17,0.0,0.11195831190000001,36.7116761
2005-03-18,0.0,0.11190643360000001,36.6086487
2005-03-19,0.0,0.1118606571,36.875983000000005
2005-03-20,0.0,0.11185150159999999,35.9556215
2005-03-21,0.0,0.1118423453,35.513141000000005
2005-03-22,0.0,0.111753845,34.3156794
2005-03-23,0.0,0.1117218008,33.3309385
2005-03-24,0.0,0.11168975830000001,34.069830100000004
2005-03-25,0.0,0.11163024839999999,35.386236499999995
2005-03-26,0.0,0.1116012574,35.2705628
2005-03-27,0.0,0.11151885939999999,35.4363344
2005-03-28,0.0,0.11150360099999998,34.4535216
2005-03-29,0.0,0.1114776606,34.8967834
2005-03-30,0.0,0.1114303585,35.467779300000004
2005-03-31,0.0,0.1113128656,35.9432189
2005-04-01,0.0,0.1112640375,35.4620664
2005-04-02,0.0,0.1111846933,38.429449399999996
2005-04-03,0.0,0.1111160275,38.7636779
2005-04-04,0.0,0.11108550980000001,36.6543029
2005-04-05,0.0,0.11102752759999998,36.8426326
2005-04-06,0.0,0.11105651899999999,35.5889951
2005-04-07,0.0,0.1111129746,34.9958072
2005-04-08,0.0,0.11144866899999999,35.3416077
2005-04-09,0.0,0.1112655633,35.3729064
2005-04-10,0.0,0.1111068723,36.217535600000005
2005-04-11,0.0,0.11100768999999999,36.7467344
2005-04-12,0.0,0.1109329223,36.9064998
2005-04-13,0.0,0.11084442139999999,35.7386043
2005-04-14,0.0,0.110777283,36.225592
2005-04-15,0.0,0.11074218659999999,36.7024478
2005-04-16,0.0,0.11071319539999999,36.0537659
2005-04-17,0.0,0.1105987554,36.997173999999994
2005-04-18,0.0,0.1105606083,37.456231700000004
2005-04-19,0.0,0.11048431380000001,38.312896699999996
2005-04-20,0.0,0.11044006310000001,38.1043516
2005-04-21,0.0,0.1102767944,36.843268
2005-04-22,0.0,0.1102584838,37.164263899999995
2005-04-23,0.0,0.11144256599999999,37.023004099999994
2005-04-24,0.0,0.1128707891,37.3628477
2005-04-25,0.0,0.1119277966,37.198150399999996
2005-04-26,0.0,0.1114242545,36.4116024
2005-04-27,0.0,0.11117858890000001,36.076763799999995
2005-04-28,0.0,0.1110443117,36.2317199
2005-04-29,0.0,0.11086273149999999,36.5352108
2005-04-30,0.0,0.1107803345,35.8641661
2005-05-01,0.0,0.1107772825,35.9102844
2005-05-02,0.0,0.11095123259999999,36.6742495
2005-05-03,0.0,0.11119690060000001,36.5339172
2005-05-04,0.1714115776121616,0.1281265255,34.52044049999999
2005-05-05,0.0,0.1252731336,35.506354
2005-05-06,0.0,0.121855164,35.6096742
2005-05-07,0.0,0.1195724476,36.0365783
2005-05-08,0.0,0.1176864624,36.4835756
2005-05-09,0.0,0.1166381839,36.47205219999999
2005-05-10,0.0,0.11595459080000001,36.4855777
2005-05-11,0.0,0.1152755733,36.6276673
2005-05-12,0.0,0.11447601329999998,37.1474183
2005-05-13,0.0,0.113906862,36.6730775
2005-05-14,0.0,0.1135238647,36.745367400000006
2005-05-15,0.0,0.1133377083,36.6171693
2005-05-16,0.0,0.1131668092,36.545660399999996
2005-05-17,0.0,0.11324310209999999,36.275347999999994
2005-05-18,0.0,0.1139617915,36.389752
2005-05-19,0.0,0.113633728,36.3741031
2005-05-20,0.0,0.11339721709999999,36.7307437
2005-05-21,0.0,0.11333465670000001,37.1747867
2005-05-22,0.0,0.11321716159999999,36.9534485
2005-05-23,0.0,0.11311340300000002,36.9044735
2005-05-24,0.0,0.11301117050000001,37.0470032
2005-05-25,0.0,0.1131256093,37.2218565
2005-05-26,0.0,0.11313934169999999,37.186456299999996
2005-05-27,0.0,0.11379547240000001,37.2949522
2005-05-28,0.0,0.11428985659999999,36.9149964
2005-05-29,0.0,0.1153228758,36.9912663
2005-05-30,0.0,0.1146408078,37.1878964
2005-05-31,0.0,0.116601562,36.121246299999996
2005-06-01,0.0,0.11636047249999999,35.481011699999996
2005-06-02,0.24347037449479103,0.1217163086,35.6830138
2005-06-03,0.0,0.1186737068,36.907061600000006
2005-06-04,0.0,0.11859588699999998,36.6032779
2005-06-05,0.0,0.1177810685,36.798834299999996
2005-06-06,0.0,0.1168838496,36.6865538
2005-06-07,0.0,0.1161926257,36.7119448
2005-06-08,0.0,0.11845245339999999,36.1782286
2005-06-09,0.0,0.12255554100000002,36.6615296
2005-06-10,0.0,0.132745362,35.1992981
2005-06-11,0.7079069018363953,0.130757141,36.6011773
2005-06-12,0.18073830939829347,0.188334658,32.5744326
2005-06-13,9.720002293586731,0.269462586,33.7003233
2005-06-14,0.2782184220850467,0.24687805300000001,34.0566707
2005-06-15,0.49521641060709953,0.258200073,32.1735718
2005-06-16,2.8739779591560364,0.25389251599999996,33.434857199999996
2005-06-17,0.5478083416819572,0.25010376,33.8354555
2005-06-18,11.238020896911621,0.348359679,31.4953124
2005-06-19,40.84600067138672,0.376321408,28.798327699999998
2005-06-20,15.204950332641602,0.408906554,27.737915199999996
2005-06-21,28.895973205566406,0.41677245999999996,28.8698793
2005-06-22,50.59554862976074,0.408665465,26.017706500000003
2005-06-23,152.34011840820312,0.40680999900000003,26.5086364
2005-06-24,77.13557052612305,0.396932983,27.2800232
2005-06-25,42.050286293029785,0.404341126,26.730676499999998
2005-06-26,21.948724269866943,0.42259826699999997,25.5613586
2005-06-27,23.676105499267578,0.415257265,25.5581663
2005-06-28,52.833967208862305,0.41531066899999997,25.5625792
2005-06-29,21.500051498413086,0.427658083,25.3152039
2005-06-30,22.04882001876831,0.4178833,25.1406619
2005-07-01,24.434606552124023,0.422479246,25.34574
2005-07-02,36.45828914642334,0.41789856,25.387988200000002
2005-07-03,15.675630807876587,0.40948486500000003,26.179449499999997
2005-07-04,9.452544331550598,0.40399627899999996,26.2337831
2005-07-05,8.677567839622498,0.389210507,28.6370362
2005-07-06,0.83751480281353,0.378465274,29.506036599999998
2005-07-07,0.37154532223939896,0.382969664,29.2080625
2005-07-08,1.2378219068050385,0.379176329,27.4590028
2005-07-09,0.0,0.375361636,28.3553405
2005-07-10,0.0,0.379705812,28.4955019
2005-07-11,0.8904418870806694,0.395840456,26.8415955
2005-07-12,1.269263356924057,0.39942169400000005,26.9959898
2005-07-13,0.3344914242625236,0.385316467,29.059112399999997
2005-07-14,7.697024703025818,0.374023437,29.809112399999997
2005-07-15,0.3411252051591873,0.368701171,30.053960999999997
2005-07-16,0.0,0.36512146,29.8997315
2005-07-17,3.7174723744392395,0.356483459,30.318237399999997
2005-07-18,25.36405658721924,0.393263244,29.6879211
2005-07-19,19.917335510253906,0.400585934,28.5686952
2005-07-20,33.608503341674805,0.41626586899999996,27.9809814
2005-07-21,105.46512031555176,0.403257754,27.1232237
2005-07-22,71.02515411376953,0.395028688,27.833246000000003
2005-07-23,12.929133176803589,0.39647979699999997,28.787243699999998
2005-07-24,9.450015187263489,0.40307464499999995,25.6941346
2005-07-25,10.088576912879944,0.408824158,25.40155
2005-07-26,9.35612177848816,0.423941038,25.0204043
2005-07-27,546.4302291870117,0.41822662099999997,24.9592223
2005-07-28,22.71734094619751,0.41022338999999997,25.8022769
2005-07-29,19.30845308303833,0.41424865899999996,24.534961
2005-07-30,52.517093658447266,0.41438141,26.755779999999998
2005-07-31,59.47558403015137,0.41873474499999996,24.6272155
2005-08-01,185.00349807739258,0.42342682,24.2365296
2005-08-02,131.49879264831543,0.40128326799999997,25.4367372
2005-08-03,30.97004222869873,0.399768066,25.4361872
2005-08-04,7.5959309339523315,0.40612945600000006,25.5923645
2005-08-05,13.960923194885254,0.40298156599999996,25.402057
2005-08-06,6.761538505554199,0.396434021,26.240094
2005-08-07,8.844815015792847,0.39720458999999997,26.4624023
2005-08-08,1.9161397218704224,0.39354095499999997,27.6880247
2005-08-09,6.64098584651947,0.381373601,28.7343324
2005-08-10,0.9777968227863312,0.37928162,27.959625199999998
2005-08-11,2.883804440498352,0.376937867,28.206445600000002
2005-08-12,5.859555006027222,0.372541809,28.3407288
2005-08-13,2.3836230635643005,0.381584168,27.975244200000002
2005-08-14,4.259374380111694,0.39126892,27.3272401
2005-08-15,1.091685339808464,0.382083131,27.8914673
2005-08-16,3.5703991055488586,0.39178314200000003,26.0695068
2005-08-17,16.512328386306763,0.393096924,26.1888489
2005-08-18,5.395614862442017,0.393341064,27.1290525
2005-08-19,7.42562210559845,0.40274353300000004,26.765967
2005-08-20,7.978483080863953,0.406446839,25.523523
2005-08-21,24.87769317626953,0.392089844,27.5293519
2005-08-22,2.7479193210601807,0.377813721,27.8746705
2005-08-23,2.627839297056198,0.365617371,28.9148866
2005-08-24,0.08602678775787352,0.36284485,28.7418457
2005-08-25,3.6634031534194946,0.363700865,28.458959800000002
2005-08-26,0.5638450235128403,0.360052489,28.4927731
2005-08-27,7.98613965511322,0.35762176700000003,28.9507021
2005-08-28,3.7691186666488647,0.346565249,29.732549999999996
2005-08-29,0.2774606309831142,0.33389129500000003,29.768695100000002
2005-08-30,0.0,0.325167844,29.481951900000002
2005-08-31,0.0516160726547241,0.337106321,28.3747314
2005-09-01,0.24063047766685486,0.32436676000000003,29.4129635
2005-09-02,0.0,0.31281127799999997,29.839770699999995
2005-09-03,0.9065032824873924,0.316049195,29.356695600000002
2005-09-04,41.673667907714844,0.393516543,26.463690000000003
2005-09-05,24.520699977874756,0.389608768,28.8357848
2005-09-06,10.596212387084961,0.372222901,30.6637266
2005-09-07,0.833636537194252,0.38973083599999997,28.6158079
2005-09-08,8.833483457565308,0.39041900700000004,28.532135
2005-09-09,8.354413747787476,0.409715274,26.561614900000002
2005-09-10,206.98779296875,0.41022491399999994,25.721515
2005-09-11,31.484747409820557,0.41555023,24.9844606
2005-09-12,75.72634315490723,0.407286069,24.8603332
2005-09-13,24.30847978591919,0.405232242,25.573224
2005-09-14,22.233493328094482,0.39580536099999997,26.4971253
2005-09-15,14.478768587112427,0.38809509200000003,27.4685548
2005-09-16,5.807910680770874,0.37738494899999997,27.0572813
2005-09-17,8.223070859909058,0.40386505100000003,25.608898800000002
2005-09-18,11.935275316238403,0.402258298,25.4252928
2005-09-19,4.504553198814392,0.396118166,26.671295299999997
2005-09-20,12.565218210220337,0.40650176699999996,25.7717043
2005-09-21,20.348670482635498,0.412210085,26.3344175
2005-09-22,60.999671936035156,0.411134339,26.0990174
2005-09-23,66.89791202545166,0.41131134100000005,26.227270499999996
2005-09-24,4.9573017954826355,0.38397979800000004,27.324676699999998
2005-09-25,1.3722709268331528,0.368443298,28.274938900000002
2005-09-26,0.46726933121681213,0.360929871,27.938543700000004
2005-09-27,0.0,0.349617003,28.072826900000003
2005-09-28,0.0,0.338407898,28.474987499999997
2005-09-29,0.0,0.331411742,28.4557188
2005-09-30,0.8791988678276539,0.363130187,26.735895
2005-10-01,7.190982818603516,0.344201659,27.771862499999997
2005-10-02,0.0,0.328651429,28.077868799999997
2005-10-03,13.508335590362549,0.35225524999999996,27.2476625
2005-10-04,18.477157831192017,0.361738587,28.042919899999998
2005-10-05,0.0,0.356315612,28.2385679
2005-10-06,0.24910631775856018,0.327098085,29.973748699999998
2005-10-07,0.0,0.306549071,30.773364300000004
2005-10-08,0.0,0.287461851,30.9254638
2005-10-09,0.0,0.2700531,30.5883361
2005-10-10,0.0,0.254946901,30.048932100000002
2005-10-11,0.0,0.23801269600000002,31.1095398
2005-10-12,0.0,0.223402405,31.2692688
2005-10-13,0.0,0.21059875300000003,31.7358337
2005-10-14,0.0,0.232501221,30.1022155
2005-10-15,0.0,0.24319000100000002,29.0797058
2005-10-16,0.0,0.278060913,28.4055909
2005-10-17,0.0,0.29612731800000003,28.4009888
2005-10-18,1.8848219215869904,0.297854615,29.4017945
2005-10-19,0.0,0.275563049,29.8829832
2005-10-20,0.0,0.252641299,30.1060242
2005-10-21,0.0,0.23218841499999998,30.3804016
2005-10-22,0.0,0.213795471,30.1884094
2005-10-23,0.0,0.19837494,30.136016899999998
2005-10-24,0.0,0.18459319999999999,30.4367005
2005-10-25,0.0,0.175247192,30.019342
2005-10-26,0.0,0.169384765,30.028717
2005-10-27,0.6185375899076462,0.175288391,31.2774964
2005-10-28,0.0,0.165661621,30.6919984
2005-10-29,0.0,0.15671844559999998,30.6883359
2005-10-30,0.0,0.1494079596,30.4512025
2005-10-31,0.0,0.1438308705,30.392828199999997
2005-11-01,0.0,0.13968811,30.409918499999996
2005-11-02,0.0,0.13646850500000002,30.4434387
2005-11-03,0.0,0.1335662834,31.1086486
2005-11-04,0.0,0.130473328,32.079254299999995
2005-11-05,0.0,0.1274444586,31.6374819
2005-11-06,0.0,0.1250976564,31.193511899999997
2005-11-07,0.0,0.123251343,31.4684145
2005-11-08,0.0,0.12167511,31.177179000000002
2005-11-09,0.0,0.12034149300000001,30.5990052
2005-11-10,0.0,0.11922149740000001,30.6331602
2005-11-11,0.0,0.11843872100000001,30.618633999999997
2005-11-12,0.0,0.1177886964,30.846588000000004
2005-11-13,0.0,0.1171752945,30.840387
2005-11-14,0.0,0.11663970850000001,31.000201600000004
2005-11-15,0.0,0.11618652410000001,30.959845
2005-11-16,0.0,0.1157943726,31.2460268
2005-11-17,0.0,0.11547698840000001,31.381573500000002
2005-11-18,0.0,0.115156555,31.5754455
2005-11-19,0.0,0.1148941043,31.972052400000003
2005-11-20,0.0,0.1146804816,31.804009999999998
2005-11-21,0.0,0.11449432289999999,31.499200300000002
2005-11-22,0.0,0.1143096933,30.6268371
2005-11-23,0.0,0.1141616816,31.2285461
2005-11-24,0.0,0.1140121462,31.6348695
2005-11-25,0.0,0.1138870241,32.1096984
2005-11-26,0.0,0.11378936739999998,31.0870911
2005-11-27,0.0,0.11376190280000001,30.650152600000002
2005-11-28,0.0,0.113687133,31.942877199999998
2005-11-29,0.0,0.1135955807,31.557379199999996
2005-11-30,0.0,0.11352691699999999,29.977301
2005-12-01,0.0,0.11347198480000001,29.3975158
2005-12-02,0.0,0.113766479,30.860528699999996
2005-12-03,0.0,0.1135543816,31.0708069
2005-12-04,0.0,0.1134368882,32.0614316
2005-12-05,0.0,0.1133163449,32.3856995
2005-12-06,0.0,0.1132308965,31.9518618
2005-12-07,0.0,0.11316986,31.1838437
2005-12-08,0.0,0.1131561276,30.673980699999998
2005-12-09,0.0,0.1131225594,31.3324525
2005-12-10,0.0,0.11305084299999998,31.197149500000002
2005-12-11,0.0,0.11300201300000001,31.225811600000004
2005-12-12,0.0,0.1129638678,30.662872399999998
2005-12-13,0.0,0.1129272464,30.6018373
2005-12-14,0.0,0.11290283139999999,30.3074768
2005-12-15,0.0,0.11287231410000001,30.1523256
2005-12-16,0.0,0.112847901,30.1654603
2005-12-17,0.0,0.1128341669,30.270489399999995
2005-12-18,0.0,0.1127899174,29.168097
2005-12-19,0.0,0.1127853382,29.163653399999998
2005-12-20,0.0,0.1127990724,27.601031499999998
2005-12-21,0.0,0.1127960211,27.7078428
2005-12-22,0.0,0.11279449479999999,27.5726623
2005-12-23,0.0,0.1127899169,27.8378724
2005-12-24,0.0,0.11274109000000002,29.366754099999998
2005-12-25,0.0,0.11269989009999999,30.552545399999996
2005-12-26,0.0,0.1126708976,29.529229700000002
2005-12-27,0.0,0.11266784590000001,29.031451299999997
2005-12-28,0.0,0.1126464844,29.579303
2005-12-29,0.0,0.1126266476,29.581695500000002
2005-12-30,0.0,0.11263580310000001,29.1656556
2005-12-31,0.0,0.112571716,30.522393900000004
2006-01-01,0.0,0.1125518785,30.2076235
2006-01-02,0.0,0.1125625603,28.5721251
2006-01-03,0.0,0.1125549325,29.5276181
2006-01-04,0.0,0.11250152529999999,30.2908506
2006-01-05,0.0,0.112461853,30.941803099999998
2006-01-06,0.0,0.11242828229999999,31.378473200000002
2006-01-07,0.0,0.1124008184,31.978789799999998
2006-01-08,0.0,0.11236877409999999,32.2804508
2006-01-09,0.0,0.11233520420000001,33.0138246
2006-01-10,0.0,0.1123107906,32.6141171
2006-01-11,0.0,0.11228332599999999,31.8372623
2006-01-12,0.0,0.11228027329999998,31.1130678
2006-01-13,0.0,0.1122711171,31.1674377
2006-01-14,0.0,0.11223144519999999,32.727471800000004
2006-01-15,0.0,0.11219024699999999,33.9845763
2006-01-16,0.0,0.11218872040000001,31.860528699999996
2006-01-17,0.0,0.1122055078,31.3253964
2006-01-18,0.0,0.11218414349999999,31.6851379
2006-01-19,0.0,0.11215057340000001,31.8337219
2006-01-20,0.0,0.1121368408,31.6400451
2006-01-21,0.0,0.1121154777,31.420977800000003
2006-01-22,0.0,0.11209411629999999,30.194122299999997
2006-01-23,0.0,0.11206665,28.4419007
2006-01-24,0.0,0.112042237,30.2304016
2006-01-25,0.0,0.1120101923,31.1543031
2006-01-26,0.0,0.11197509750000001,31.942071399999996
2006-01-27,0.0,0.11193542409999999,31.3632631
2006-01-28,0.0,0.1119216918,32.2058655
2006-01-29,0.0,0.11189270059999998,31.8985407
2006-01-30,0.0,0.1118698121,32.932965100000004
2006-01-31,0.0,0.111837768,33.4753968
2006-02-01,0.0,0.11182098439999999,33.1990782
2006-02-02,0.0,0.11179504339999999,33.8459536
2006-02-03,0.0,0.11174621550000001,35.7664123
2006-02-04,0.0,0.11170654309999999,35.0434144
2006-02-05,0.0,0.11165771449999999,34.7498598
2006-02-06,0.0,0.1116333,33.927838099999995
2006-02-07,0.0,0.11160125759999999,33.2550591
2006-02-08,0.0,0.11157684300000001,32.944195300000004
2006-02-09,0.0,0.1115432741,34.778960999999995
2006-02-10,0.0,0.1115341178,33.9808655
2006-02-11,0.0,0.11150054810000001,35.1775936
2006-02-12,0.0,0.11146545459999999,33.8525938
2006-02-13,0.0,0.1114379875,33.840924
2006-02-14,0.0,0.11141815070000001,33.7683169
2006-02-15,0.0,0.1113723757,33.5374575
2006-02-16,0.0,0.1113586422,32.969537100000004
2006-02-17,0.0,0.1112854011,33.4441955
2006-02-18,0.0,0.11124572619999999,35.414801
2006-02-19,0.0,0.11119690060000001,35.5458068
2006-02-20,0.0,0.111140441,37.0295963
2006-02-21,0.0,0.1110992439,36.467877599999994
2006-02-22,0.0,0.11111145019999999,33.683013800000005
2006-02-23,0.0,0.111018371,36.7516664
2006-02-24,0.0,0.1109451301,37.5385315
2006-02-25,0.0,0.110966492,33.4521059
2006-02-26,0.0,0.1109451296,33.9680965
2006-02-27,0.0,0.1108657841,35.1371155
2006-02-28,0.0,0.11085357600000001,35.816364
2006-03-01,0.0,0.11082458390000001,35.177813900000004
2006-03-02,0.0,0.1107910168,36.5729064
2006-03-03,0.0,0.1107391355,34.7869202
2006-03-04,0.0,0.1106826783,34.2377257
2006-03-05,0.0,0.1105987544,33.7656068
2006-03-06,0.0,0.1105819702,33.3959288
2006-03-07,0.0,0.11056823639999999,32.916851300000005
2006-03-08,0.0,0.1105300902,33.6260557
2006-03-09,0.39080139994621277,0.1572097774,28.184051599999997
2006-03-10,4.134700853377581,0.1523315446,30.0334777
2006-03-11,0.0,0.153385926,30.5751282
2006-03-12,0.0,0.1421463,32.4497864
2006-03-13,0.0,0.13429718,32.8537416
2006-03-14,0.0,0.128979492,32.535357999999995
2006-03-15,0.0,0.12722167950000002,32.7554016
2006-03-16,0.0,0.123458862,32.8838683
2006-03-17,0.0,0.12040100200000001,34.2707338
2006-03-18,0.0,0.11835632300000001,34.6983951
2006-03-19,0.0,0.11680145239999999,35.631158600000006
2006-03-20,0.0,0.11571807860000001,35.9023988
2006-03-21,0.0,0.11488342300000001,35.9293027
2006-03-22,0.0,0.1142623899,37.2552309
2006-03-23,0.0,0.113720704,36.4241763
2006-03-24,0.0,0.113403319,36.217145
2006-03-25,0.0,0.11313323859999999,36.0617735
2006-03-26,0.0,0.11294402919999999,35.2873106
2006-03-27,0.0,0.1127548214,35.362530400000004
2006-03-28,0.0,0.11260528610000001,36.9507876
2006-03-29,0.0,0.1124313348,38.0780335
2006-03-30,0.0,0.11234130989999999,35.3158753
2006-03-31,0.0,0.112324523,34.8905337
2006-04-01,0.0,0.1122497557,35.8065002
2006-04-02,0.0,0.11218261680000001,36.1563538
2006-04-03,0.0,0.1120880134,35.1581602
2006-04-04,0.0,0.112008667,35.104376
2006-04-05,0.0,0.11182556099999999,35.86958610000001
2006-04-06,0.0,0.11167907700000002,35.7528382
2006-04-07,0.0,0.11179962219999999,35.7002013
2006-04-08,0.0,0.11168670600000001,36.0808165
2006-04-09,0.0,0.11160125700000001,36.438726700000004
2006-04-10,0.0,0.1115158077,36.0391662
2006-04-11,0.0,0.11150817900000001,35.4817447
2006-04-12,0.0,0.11158142060000001,35.1344789
2006-04-13,0.0,0.11149139500000001,35.365680000000005
2006-04-14,0.0,0.11143035879999999,35.921979
2006-04-15,0.0,0.11139068640000001,36.6211484
2006-04-16,0.0,0.1114501958,35.8489808
2006-04-17,0.0,0.11205902100000001,34.9917782
2006-04-18,0.0,0.1121459961,35.0947082
2006-04-19,0.0,0.111904907,36.3487122
2006-04-20,0.0,0.111703492,35.6592104
2006-04-21,0.0,0.1116043081,36.126300099999995
2006-04-22,0.0,0.11154632690000002,35.6959777
2006-04-23,0.0,0.1115356452,35.329278599999995
2006-04-24,0.0,0.1116256707,35.8179749
2006-04-25,0.0,0.11158294660000001,35.2616271
2006-04-26,0.0,0.1115585321,35.2034241
2006-04-27,0.0,0.11158141969999999,35.1833073
2006-04-28,0.0,0.1115249643,35.1627258
2006-04-29,0.0,0.11157989499999998,35.5115294
2006-04-30,0.0,0.1118225094,35.510308599999995
2006-05-01,0.0,0.1118667614,35.8821593
2006-05-02,0.0,0.1117507937,36.5729798
2006-05-03,0.0,0.11161346429999999,37.170465
2006-05-04,0.0,0.111552429,37.1564028
2006-05-05,0.0,0.11154327319999999,36.5690003
2006-05-06,0.0,0.11153716920000001,36.1500062
2006-05-07,0.0,0.11157074,36.2134091
2006-05-08,0.0,0.11150359969999998,36.4598939
2006-05-09,0.0,0.1114730835,36.7888246
2006-05-10,0.0,0.11188354439999999,36.2519589
2006-05-11,0.0,0.11168670700000001,36.974908600000006
2006-05-12,0.0,0.1115844726,36.922540100000006
2006-05-13,0.0,0.111611938,36.477423099999996
2006-05-14,0.0,0.1116119369,36.4922671
2006-05-15,0.0,0.1115417484,36.7200499
2006-05-16,0.0,0.1115203866,37.193536699999996
2006-05-17,0.0,0.111737061,36.3045472
2006-05-18,0.0,0.1119461062,36.1956606
2006-05-19,0.0,0.1158477784,35.4365294
2006-05-20,0.0,0.1184967042,35.4007137
2006-05-21,0.0,0.1195388793,35.3043268
2006-05-22,0.0,0.1365905755,34.4196347
2006-05-23,0.0,0.1607788095,34.3626774
2006-05-24,0.0,0.164416503,33.3805726
2006-05-25,0.0,0.17197876,33.8970403
2006-05-26,0.0,0.162202453,34.8365783
2006-05-27,0.0,0.1612213135,34.6059876
2006-05-28,0.0,0.15246734499999998,35.1328188
2006-05-29,0.0,0.14821777249999998,34.6146788
2006-05-30,0.0,0.1462997424,34.6756657
2006-05-31,46.55201768875122,0.382548523,27.137829399999998
2006-06-01,110.15496444702148,0.411892701,25.224182300000002
2006-06-02,35.81222915649414,0.395117187,27.2978944
2006-06-03,8.318380892276764,0.390924072,26.929901
2006-06-04,11.155235528945923,0.382192995,27.6035582
2006-06-05,0.0,0.364222719,29.752124
2006-06-06,35.808418691158295,0.35365447899999997,30.4148864
2006-06-07,1.0168113112449646,0.352189636,30.5605409
2006-06-08,0.35616999864578247,0.336427309,30.834008900000004
2006-06-09,0.03142665326595305,0.337081907,30.728533900000002
2006-06-10,0.7239378094673157,0.336952208,30.47937
2006-06-11,3.521357499063015,0.34154968399999996,30.3807007
2006-06-12,2.418912908062339,0.324140929,30.5636844
2006-06-13,0.0,0.332469175,30.510211199999997
2006-06-14,0.21823680400848386,0.32971038999999996,30.8442506
2006-06-15,0.3488558307290077,0.320191955,31.2259701
2006-06-16,1.6598382592201233,0.313645937,31.152374199999997
2006-06-17,1.7528888210654259,0.333782959,30.9534545
2006-06-18,3.004240494221449,0.337138367,31.4613891
2006-06-19,0.23095974326133728,0.367581176,31.4430786
2006-06-20,1.1480037569999695,0.338169861,31.6501466
2006-06-21,6.5211778581142426,0.345782473,30.3377197
2006-06-22,4.5855767801404,0.347180175,30.7108828
2006-06-23,25.175246715545654,0.388723753,29.788373
2006-06-24,14.842039108276367,0.376774596,30.162615900000002
2006-06-25,17.271511554718018,0.43161010600000005,26.994482499999997
2006-06-26,4.005264062434435,0.405874633,27.9366271
2006-06-27,36.05858325958252,0.421968077,27.2232117
2006-06-28,57.8770751953125,0.42365112299999996,28.7619504
2006-06-29,34.51180696487427,0.407543945,27.170031799999997
2006-06-30,55.63704776763916,0.41594238299999997,26.180999800000002
2006-07-01,76.99255561828613,0.41029205500000004,25.6453187
2006-07-02,46.36409664154053,0.41528778,26.243737799999998
2006-07-03,107.53907012939453,0.415007018,25.424212599999997
2006-07-04,153.5699577331543,0.41363830300000004,24.3542787
2006-07-05,150.81253242492676,0.41886291499999995,24.8007081
2006-07-06,98.95916748046875,0.386022945,28.5010314
2006-07-07,7.19278872013092,0.38764648199999996,29.1081547
2006-07-08,1.5031045973300934,0.382383729,28.7549562
2006-07-09,3.5886608958244324,0.38436126800000003,28.042578000000002
2006-07-10,2.852176144719124,0.3797348,28.805084299999997
2006-07-11,9.245132684707642,0.375794981,28.7763549
2006-07-12,7.463159680366516,0.37635040200000003,27.153912400000003
2006-07-13,6.0436506271362305,0.375169373,28.657256999999998
2006-07-14,33.29368770122528,0.369209289,29.158099300000003
2006-07-15,1.876199185848236,0.364778136,28.9553711
2006-07-16,4.562926769256592,0.380113221,28.469793600000003
2006-07-17,4.048442125320435,0.375469967,28.021478300000002
2006-07-18,5.834119573235512,0.382737731,26.983288499999997
2006-07-19,14.06468152999878,0.384327699,27.4940429
2006-07-20,15.356689214706421,0.39456024100000003,26.1290161
2006-07-21,14.332711219787598,0.40440521599999996,25.3104308
2006-07-22,44.75211238861084,0.42058105799999995,24.728875600000002
2006-07-23,75.20871162414551,0.41613311700000005,25.527893
2006-07-24,32.082162380218506,0.39022826899999996,28.1122377
2006-07-25,10.037466526031494,0.38898925700000003,28.314013799999998
2006-07-26,15.006302952766418,0.39573364099999997,27.0739868
2006-07-27,12.11823058128357,0.414952086,25.744341900000002
2006-07-28,34.4586021900177,0.415234376,24.4663879
2006-07-29,37.62871980667114,0.41413421499999997,24.5603941
2006-07-30,29.441153049468994,0.408361817,26.708099299999997
2006-07-31,22.51482081413269,0.399945071,27.311389300000002
2006-08-01,27.09507918357849,0.399404904,25.974011100000002
2006-08-02,28.550682067871094,0.413728336,26.002752500000003
2006-08-03,8.055505216121674,0.404205322,25.1754823
2006-08-04,3.8351805806159973,0.403337097,25.1398622
2006-08-05,7.0616119503974915,0.413186647,24.6018677
2006-08-06,78.6678237915039,0.424562071,24.5358704
2006-08-07,198.31899452209473,0.41809082000000003,24.4910402
2006-08-08,123.39478492736816,0.40773620600000005,26.0752381
2006-08-09,87.67665195465088,0.401545717,26.9196837
2006-08-10,11.680209636688232,0.404690551,25.9440981
2006-08-11,32.468374252319336,0.40972137599999997,25.597943
2006-08-12,11.040629386901855,0.393450928,25.3363525
2006-08-13,13.380678176879883,0.41481781,25.9709657
2006-08-14,9.17037296295166,0.40184783900000004,24.8909363
2006-08-15,20.699787855148315,0.39826965400000003,26.748925800000002
2006-08-16,47.101179122924805,0.39803008900000003,25.1393312
2006-08-17,118.22238349914551,0.40236663699999997,27.0934936
2006-08-18,12.040966510772705,0.387489323,27.861310099999997
2006-08-19,1.0337494388222694,0.38989563,27.9389405
2006-08-20,5.534075200557709,0.396621703,27.786773599999997
2006-08-21,9.088358521461487,0.39131774999999996,27.3294801
2006-08-22,3.7149835377931595,0.400683593,27.0069272
2006-08-23,14.835082769393921,0.385270692,27.943816700000003
2006-08-24,3.774772472679615,0.385470581,27.834594700000004
2006-08-25,16.64234471321106,0.37060546800000005,28.8115661
2006-08-26,5.922485709190369,0.38317108,27.971844299999997
2006-08-27,11.018808722496033,0.381076051,26.5588439
2006-08-28,10.464186668395996,0.368989562,26.420941199999998
2006-08-29,7.413952589035034,0.367048645,28.0496399
2006-08-30,9.820080041885376,0.36129607900000005,28.546252700000004
2006-08-31,2.8222395479679108,0.361393737,27.365460000000002
2006-09-01,0.9487273432314396,0.372770692,27.2719298
2006-09-02,34.706204891204834,0.362664793,28.269287000000002
2006-09-03,13.406195402145386,0.35290832299999997,29.142046900000004
2006-09-04,4.439547896385193,0.349633792,28.562634100000004
2006-09-05,24.821706771850586,0.38928527700000004,27.9065736
2006-09-06,18.43364715576172,0.37632599099999997,27.442859
2006-09-07,6.7043867111206055,0.35362854,28.8729494
2006-09-08,0.0,0.329829405,29.7111818
2006-09-09,0.24664923548698425,0.312129208,29.7942504
2006-09-10,0.0,0.30280609199999997,29.599505699999998
2006-09-11,0.5143940597772598,0.315028382,29.200225699999997
2006-09-12,3.62644000351429,0.336601257,28.824609399999996
2006-09-13,1.765364646911621,0.33594055100000003,28.4250063
2006-09-14,0.9356666132807732,0.39056396600000004,27.7970033
2006-09-15,32.97413468360901,0.386434936,28.7018431
2006-09-16,22.79975914955139,0.385491941,27.889117499999998
2006-09-17,39.6742217540741,0.39258727600000004,26.1296201
2006-09-18,17.883509635925293,0.41083068699999997,25.617395199999997
2006-09-19,25.077987909317017,0.382386778,28.4689086
2006-09-20,0.14478757977485657,0.40068817,27.5654417
2006-09-21,8.307371437549591,0.41263885599999994,25.713140699999997
2006-09-22,4.088009983301163,0.396040344,27.5446533
2006-09-23,0.15224824845790863,0.373022462,28.5346312
2006-09-24,1.2233445271849632,0.36005554100000003,28.853411800000003
2006-09-25,0.03142665326595305,0.36236267099999997,27.673822100000002
2006-09-26,0.0,0.360635375,28.1373717
2006-09-27,2.138364017009735,0.34288024699999997,28.0841675
2006-09-28,0.31668546050786966,0.32774658300000004,29.0501283
2006-09-29,1.6273187398910522,0.359092711,28.901549999999997
2006-09-30,8.869570836424828,0.386889649,28.250232
2006-10-01,17.72030258178711,0.381109618,27.2563538
2006-10-02,80.49478769302368,0.40365753,29.109851099999997
2006-10-03,31.59861969947815,0.388137818,29.3358092
2006-10-04,2.1646076049655676,0.408932495,27.712652600000002
2006-10-05,8.507832154631615,0.391294865,28.0355835
2006-10-06,0.6760776340961457,0.38838195799999997,28.190807799999998
2006-10-07,0.0,0.365274048,28.639788699999997
2006-10-08,0.0,0.341377259,28.892639300000003
2006-10-09,0.0,0.340318296,29.041924900000005
2006-10-10,0.18246835470199582,0.360835268,29.0910278
2006-10-11,5.448801029473543,0.346813967,29.4835876
2006-10-12,0.0,0.327700809,29.8944457
2006-10-13,0.0,0.307878111,30.9170533
2006-10-14,0.0,0.292485046,30.570831500000004
2006-10-15,0.0,0.278028869,30.6418518
2006-10-16,0.0,0.264550783,30.750293
2006-10-17,0.0,0.252828979,30.994415099999998
2006-10-18,0.0,0.241142272,31.008026
2006-10-19,0.0,0.23075103700000002,30.766265800000003
2006-10-20,0.0,0.22141418599999999,31.069903699999998
2006-10-21,0.0,0.212313842,30.803680500000002
2006-10-22,0.0,0.20311889700000002,31.2771545
2006-10-23,0.0,0.194732666,31.0897154
2006-10-24,0.0,0.186517335,31.331561600000004
2006-10-25,0.0,0.178451537,30.4322813
2006-10-26,0.0,0.1713272081,30.836016900000004
2006-10-27,0.0,0.163362123,30.9221742
2006-10-28,0.0,0.1563522345,30.7444154
2006-10-29,0.0,0.151385497,30.737896799999998
2006-10-30,0.0,0.1473876956,30.893438800000002
2006-10-31,0.0,0.1456970216,31.0441711
2006-11-01,0.0,0.14166870199999998,31.514825300000002
2006-11-02,0.0,0.1482131956,30.7108948
2006-11-03,0.0,0.1468429565,30.3411925
2006-11-04,0.0,0.14437408499999999,31.3256407
2006-11-05,0.0,0.1437194814,31.194390700000003
2006-11-06,19.989446580410004,0.14882964950000002,30.2528506
2006-11-07,0.0,0.1445831296,30.226422000000003
2006-11-08,0.0,0.14065246650000002,30.8390442
2006-11-09,0.0,0.136956787,30.7443177
2006-11-10,0.0,0.1323944095,31.1657531
2006-11-11,0.0,0.1287536625,31.205816900000002
2006-11-12,0.0,0.125999452,31.5258849
2006-11-13,0.0,0.12386779839999999,31.359283599999998
2006-11-14,0.0,0.12209930490000001,31.4846983
2006-11-15,0.0,0.12073669540000001,31.851617500000003
2006-11-16,0.0,0.1196090694,31.856671
2006-11-17,0.0,0.11866760350000001,31.915338100000003
2006-11-18,0.0,0.1178421009,31.8126526
2006-11-19,0.0,0.11724395709999999,31.645221199999998
2006-11-20,0.0,0.1167388919,32.2146307
2006-11-21,0.0,0.117037964,30.857184
2006-11-22,0.0,0.1170227058,29.958014100000003
2006-11-23,0.0,0.1164764406,31.211651699999997
2006-11-24,0.0,0.11615600479999999,31.494683900000002
2006-11-25,0.0,0.1159286488,31.360553
2006-11-26,0.0,0.11565246650000001,31.418634100000002
2006-11-27,0.0,0.115228272,30.803936900000004
2006-11-28,0.0,0.114955141,30.9007629
2006-11-29,0.0,0.1159362795,29.144683800000003
2006-11-30,0.0,0.1187316902,31.410992399999998
2006-12-01,0.0,0.11736297650000001,30.9282288
2006-12-02,0.0,0.116467285,30.8710999
2006-12-03,0.0,0.11597290089999998,30.9132631
2006-12-04,0.0,0.11554412750000001,30.891754100000004
2006-12-05,0.0,0.11524505599999998,30.600372299999997
2006-12-06,0.0,0.1148880024,31.2249327
2006-12-07,0.0,0.1146102908,31.277081199999998
2006-12-08,0.0,0.1144058236,31.2829162
2006-12-09,0.0,0.11422729400000001,31.261139000000004
2006-12-10,0.0,0.1140762319,30.6797424
2006-12-11,0.0,0.113977051,29.8507874
2006-12-12,0.0,0.1138229371,30.661480599999997
2006-12-13,0.0,0.11375579799999999,31.299249200000002
2006-12-14,0.0,0.11366271989999999,32.3666565
2006-12-15,0.0,0.11358642560000001,31.6313289
2006-12-16,0.0,0.1135192872,31.409234500000004
2006-12-17,0.0,0.1134399415,30.8507385
2006-12-18,0.0,0.1133789059,30.790972899999996
2006-12-19,0.0,0.1133270257,30.9829406
2006-12-20,0.0,0.1132644653,30.888653599999998
2006-12-21,0.0,0.11323089579999998,31.002569599999998
2006-12-22,0.0,0.11318817169999999,31.482599099999998
2006-12-23,0.0,0.11314849860000001,32.0945618
2006-12-24,0.0,0.1131301885,31.7466858
2006-12-25,0.0,0.1131042485,30.654473799999998
2006-12-26,0.0,0.11312560990000001,30.2268372
2006-12-27,0.0,0.1131118766,30.9459047
2006-12-28,0.0,0.113069153,31.0685608
2006-12-29,0.0,0.11304473769999998,30.9960265
2006-12-30,0.0,0.11300659269999999,30.8810852
2006-12-31,0.0,0.11298675529999999,30.041168399999997
2007-01-01,0.0,0.11294555710000001,29.9759092
2007-01-02,0.0,0.11290893610000001,30.450177000000004
2007-01-03,0.0,0.1128982552,29.3747863
2007-01-04,0.0,0.1128967291,29.2909242
2007-01-05,0.0,0.11289825469999999,29.1297422
2007-01-06,0.0,0.11286773809999999,29.789093
2007-01-07,0.0,0.112809754,31.8026184
2007-01-08,0.0,0.11275939799999998,31.5857484
2007-01-09,0.0,0.1127273558,31.5488585
2007-01-10,0.0,0.11271362339999999,31.140484800000003
2007-01-11,0.0,0.11268463120000001,31.4062075
2007-01-12,0.0,0.11270294169999999,30.321295199999998
2007-01-13,0.0,0.1126953124,30.4859923
2007-01-14,0.0,0.1126861571,30.1579896
2007-01-15,0.0,0.1126480098,30.088799899999998
2007-01-16,0.0,0.112619018,30.2231995
2007-01-17,0.0,0.11257018839999999,30.7266664
2007-01-18,0.0,0.1125289916,32.597174100000004
2007-01-19,0.0,0.1124847407,31.468902500000002
2007-01-20,0.0,0.1124725329,31.110528699999996
2007-01-21,0.0,0.1124435429,31.3749574
2007-01-22,0.0,0.11243133649999999,30.523443500000003
2007-01-23,0.0,0.11244049009999998,30.7683899
2007-01-24,0.0,0.1123764039,33.8569887
2007-01-25,0.0,0.1123565666,32.8046936
2007-01-26,0.0,0.1123321526,32.4040102
2007-01-27,0.0,0.11230621329999999,32.8811829
2007-01-28,0.0,0.11228332599999999,33.5888732
2007-01-29,0.0,0.11568908609999999,30.8781557
2007-01-30,0.0,0.117214966,35.134283700000005
2007-01-31,0.0,0.1158416745,34.6172916
2007-02-01,0.0,0.11494140509999999,33.7437321
2007-02-02,0.0,0.1143325793,31.4270083
2007-02-03,0.0,0.11395568809999998,30.9050838
2007-02-04,0.0,0.11371154720000001,30.9510313
2007-02-05,0.0,0.1135620115,31.4637025
2007-02-06,0.0,0.11333160449999999,32.0446594
2007-02-07,0.0,0.1131530763,31.019415200000005
2007-02-08,0.0,0.11300659309999998,32.0617982
2007-02-09,0.0,0.11315765289999999,31.276300000000003
2007-02-10,0.0,0.11303100479999999,31.3586732
2007-02-11,0.0,0.11353454729999998,31.3967348
2007-02-12,0.0,0.1277725226,28.479449699999996
2007-02-13,0.0,0.1271514899,29.967852699999998
2007-02-14,0.0,0.12711792,29.629034400000002
2007-02-15,0.0,0.12603454649999998,30.3144349
2007-02-16,0.0,0.12317810039999999,31.218463299999996
2007-02-17,0.0,0.12058563120000002,31.690948600000002
2007-02-18,0.0,0.118699646,32.625518899999996
2007-02-19,0.0,0.1170883173,34.256402200000004
2007-02-20,0.0,0.1159362794,33.6335024
2007-02-21,0.0,0.11511688279999999,34.1167301
2007-02-22,0.0,0.11444702120000001,35.1118225
2007-02-23,0.0,0.11399841390000001,34.66402
2007-02-24,0.0,0.1137573244,33.0844788
2007-02-25,0.0,0.1135208129,33.3228821
2007-02-26,0.0,0.11328582790000001,33.3268617
2007-02-27,0.0,0.1131500234,33.268341
2007-02-28,0.0,0.11301116920000001,31.9305966
2007-03-01,0.0,0.11329498099999999,31.521465999999997
2007-03-02,0.0,0.11629333480000001,32.6342834
2007-03-03,0.0,0.1152084363,34.9003478
2007-03-04,0.0,0.1144119259,35.7988831
2007-03-05,0.0,0.11385498000000001,36.0970273
2007-03-06,0.0,0.1134872436,35.063482699999994
2007-03-07,0.0,0.11325378449999998,33.9898985
2007-03-08,0.0,0.11308593730000001,33.7576234
2007-03-09,0.0,0.11297149719999999,33.8391659
2007-03-10,0.0,0.1128494259,34.394390800000004
2007-03-11,0.0,0.11275634770000001,35.2643126
2007-03-12,0.0,0.1126953109,33.7003475
2007-03-13,0.0,0.1132766731,33.2009094
2007-03-14,0.0,0.11292724540000001,35.095318500000005
2007-03-15,0.0,0.1127670306,36.4366757
2007-03-16,0.0,0.11263580339999998,38.382428
2007-03-17,0.0,0.1125564567,36.631305
2007-03-18,0.0,0.1125030513,35.2746153
2007-03-19,0.0,0.1124526975,35.7945373
2007-03-20,0.0,0.1124252319,35.054205
2007-03-21,0.0,0.11241760320000001,34.8126281
2007-03-22,0.0,0.11239166279999999,33.57276
2007-03-23,0.0,0.1123413094,35.1589904
2007-03-24,0.0,0.11228180000000001,35.593755800000004
2007-03-25,0.0,0.11223144519999999,36.5197328
2007-03-26,0.0,0.112164306,36.8544984
2007-03-27,0.0,0.1121109003,37.6092833
2007-03-28,0.0,0.11204681320000001,37.9682189
2007-03-29,0.0,0.1119430545,37.4551329
2007-03-30,0.0,0.1117843621,34.9818175
2007-03-31,0.0,0.11175842300000001,35.6556945
2007-04-01,0.0,0.11171722399999999,36.0848687
2007-04-02,0.0,0.11168670650000001,37.845172500000004
2007-04-03,0.0,0.1116256704,38.1066955
2007-04-04,0.0,0.11157379110000001,39.0660704
2007-04-05,0.0,0.1114837649,39.895220699999996
2007-04-06,0.0,0.1113922123,36.8447818
2007-04-07,0.0,0.11128692739999999,35.9070861
2007-04-08,0.0,0.11130523640000001,36.4737856
2007-04-09,0.0,0.11126556430000001,37.5086976
2007-04-10,0.0,0.11122436449999999,37.0771059
2007-04-11,0.0,0.11116943399999998,36.668926799999994
2007-04-12,0.0,0.11111755429999999,35.352789
2007-04-13,0.0,0.1111587516,35.6286193
2007-04-14,0.0,0.1110641474,35.8014955
2007-04-15,0.0,0.1110183712,35.7763736
2007-04-16,0.0,0.1109878524,36.007599600000006
2007-04-17,0.03693846240639685,0.1109680174,35.8532285
2007-04-18,0.0,0.11112976059999999,35.971612500000006
2007-04-19,0.0,0.1111953738,36.4847715
2007-04-20,0.0,0.1115707409,36.3135317
2007-04-21,0.0,0.11154785249999999,36.181671
2007-04-22,0.0,0.11151733450000001,35.7339655
2007-04-23,0.0,0.11132812569999999,36.1521788
2007-04-24,0.0,0.1111907966,36.3596984
2007-04-25,0.0,0.11099548349999999,36.9296447
2007-04-26,0.0,0.11084442239999999,36.730768
2007-04-27,0.0,0.110816956,36.116754
2007-04-28,0.0,0.11080932660000001,37.0749327
2007-04-29,0.0,0.1107727056,38.5241759
2007-04-30,0.0,0.11070251560000002,38.1562553
2007-05-01,0.0,0.1106109627,38.3073307
2007-05-02,0.0,0.11056213299999999,38.045367
2007-05-03,0.0,0.11053314210000001,36.6684144
2007-05-04,0.7057409733533859,0.11068420459999999,36.9277649
2007-05-05,0.0,0.1107406622,36.6174622
2007-05-06,0.0,0.11079711830000001,36.6502744
2007-05-07,0.0,0.11119995149999999,35.9831117
2007-05-08,0.0,0.11124115059999999,35.7737859
2007-05-09,0.0,0.1111251838,35.7927306
2007-05-10,0.0,0.1111968994,35.8623836
2007-05-11,0.0,0.1111236579,36.0610411
2007-05-12,0.0,0.11122741750000001,35.8648253
2007-05-13,0.0,0.1112716667,36.157720999999995
2007-05-14,0.0,0.1124969474,35.5041812
2007-05-15,0.0,0.1125061026,35.62048969999999
2007-05-16,0.0,0.11206360019999999,36.6732972
2007-05-17,0.0,0.1181716926,37.1127752
2007-05-18,46.73025530576706,0.1188476579,36.880719
2007-05-19,0.0,0.12121276889999999,36.244147399999996
2007-05-20,0.0,0.12103729299999999,36.5452938
2007-05-21,0.0,0.129168702,35.181011999999996
2007-05-22,0.0,0.1502349851,34.9639949
2007-05-23,0.0,0.149774169,35.850518799999996
2007-05-24,0.0,0.1381576535,36.2552798
2007-05-25,0.0,0.1302627556,36.4779604
2007-05-26,0.0,0.1250503536,36.6038881
2007-05-27,41.932506918907166,0.1217056281,36.4051329
2007-05-28,48.45157450437546,0.11951294059999999,36.6031308
2007-05-29,0.45575103908777237,0.12302246000000001,35.5133113
2007-05-30,0.0,0.1310623176,36.0596499
2007-05-31,0.0,0.1528396615,36.3598205
2007-06-01,6.647984027862549,0.215693664,32.1902037
2007-06-02,0.3478736951947212,0.197531129,32.2575504
2007-06-03,2.293319806456566,0.24018097000000002,31.7857484
2007-06-04,15.315513789653778,0.27122039600000003,33.0131775
2007-06-05,0.0,0.264830015,33.3706481
2007-06-06,0.0,0.238566589,33.610210900000006
2007-06-07,0.6190372332930565,0.22575225799999998,33.2112608
2007-06-08,0.0,0.229367066,32.0438906
2007-06-09,0.0,0.225105284,30.956470000000003
2007-06-10,0.14918100461363792,0.23769073500000001,32.7319885
2007-06-11,0.2581979110836983,0.262403873,32.2954407
2007-06-12,0.6590418964624405,0.29493255399999996,31.213275199999998
2007-06-13,0.9203477799892426,0.338710022,30.812737900000002
2007-06-14,13.459310114383698,0.372062685,28.1790771
2007-06-15,26.585130214691162,0.380221556,29.644043
2007-06-16,3.8104599714279175,0.38769073600000004,28.4240723
2007-06-17,2.6200702786445618,0.40774841100000003,28.3730895
2007-06-18,7.898858666419983,0.386550903,29.2351625
2007-06-19,33.5220103263855,0.392445376,28.4856382
2007-06-20,10.216049313545227,0.419480897,27.508850000000002
2007-06-21,16.369637370109558,0.385569763,30.4122192
2007-06-22,7.944735109806061,0.402288816,29.059430100000004
2007-06-23,23.298599243164062,0.422872921,27.0243776
2007-06-24,83.26631164550781,0.41474762,25.8755612
2007-06-25,98.80895042419434,0.41515350399999995,27.721294999999998
2007-06-26,19.16180396080017,0.40541076900000006,28.4559936
2007-06-27,20.772752285003662,0.403509521,28.540045099999997
2007-06-28,27.498960256576538,0.41685333199999997,27.4251036
2007-06-29,70.68573093414307,0.41810150100000004,26.266571399999997
2007-06-30,90.38339233398438,0.407951354,26.1637513
2007-07-01,133.33105659484863,0.41389160199999997,25.9574644
2007-07-02,132.8396701812744,0.41392059400000003,26.123938
2007-07-03,84.64349555969238,0.40486298099999996,26.1346194
2007-07-04,62.646446228027344,0.40676116999999995,27.2836732
2007-07-05,29.21133804321289,0.396809387,27.6682251
2007-07-06,28.463045358657837,0.389964293,28.5872437
2007-07-07,6.427941262722015,0.389982606,26.905822699999998
2007-07-08,3.8187326192855835,0.405335996,25.5759643
2007-07-09,9.51047134399414,0.40650024399999996,26.4283389
2007-07-10,5.861388742923737,0.394465636,26.4184263
2007-07-11,11.395625829696655,0.383708188,27.917571900000002
2007-07-12,8.025893330574036,0.39644012700000003,28.188140599999997
2007-07-13,16.6622154712677,0.39850768599999997,28.059344499999998
2007-07-14,14.199798107147217,0.385487365,28.887402400000003
2007-07-15,14.569052577018738,0.378495788,28.7419923
2007-07-16,3.091801732778549,0.375032046,29.173620399999997
2007-07-17,1.6627943590283394,0.373027037,28.7165101
2007-07-18,5.038521111011504,0.36570434399999996,29.3702819
2007-07-19,3.726216673851013,0.35890960499999996,29.393737799999997
2007-07-20,0.43513208627700806,0.35259551899999997,28.949615299999998
2007-07-21,1.9988506436347961,0.352960205,29.3114257
2007-07-22,7.9275370836257935,0.354428101,29.201190200000003
2007-07-23,0.6306895241141319,0.35936584699999996,29.5724426
2007-07-24,4.736929759383202,0.386595152,28.3921509
2007-07-25,0.0,0.37576141500000004,29.0918091
2007-07-26,0.0,0.387243648,29.373779300000002
2007-07-27,0.3327884301543236,0.394023133,27.132586600000003
2007-07-28,134.0638313293457,0.409744263,26.9132569
2007-07-29,103.15847396850586,0.410408019,25.8241213
2007-07-30,62.94687461853027,0.397125241,28.9110169
2007-07-31,4.1770386435091496,0.397778319,28.502081600000004
2007-08-01,1.8493163585662842,0.390692139,28.4889162
2007-08-02,17.13651317358017,0.42462768300000003,26.755541800000003
2007-08-03,27.270186126232147,0.422480774,25.4761899
2007-08-04,86.00237846374512,0.40937042300000004,25.2028686
2007-08-05,58.58596992492676,0.41053467,25.1744446
2007-08-06,69.00483703613281,0.41167908000000003,25.4680601
2007-08-07,30.326088428497314,0.42023162999999997,24.80672
2007-08-08,113.1982192993164,0.41211242600000003,25.009991300000003
2007-08-09,18.73924058675766,0.397724916,26.3306031
2007-08-10,18.538228154182434,0.398590087,27.4676878
2007-08-11,12.029102444648743,0.41170807,25.8827271
2007-08-12,11.617316126823425,0.40078277599999995,26.3159425
2007-08-13,12.37846326828003,0.404794313,27.037615900000002
2007-08-14,9.73647478222847,0.40287780900000003,26.276575
2007-08-15,11.972277879714966,0.394203184,28.246795600000002
2007-08-16,7.439393579959869,0.379188538,27.7900694
2007-08-17,3.0769790410995483,0.37723846499999997,28.3733155
2007-08-18,3.5580798983573914,0.397920227,27.1059999
2007-08-19,6.6213749051094055,0.40248870999999997,26.146393
2007-08-20,28.326939582824707,0.394943237,26.710357899999998
2007-08-21,6.548959642648697,0.393156434,27.843780499999998
2007-08-22,13.016197085380554,0.383418274,28.2371641
2007-08-23,9.163784980773926,0.374440004,28.645764200000002
2007-08-24,1.8077465072274208,0.364463804,28.997894300000002
2007-08-25,0.0,0.37622833099999997,28.0613222
2007-08-26,11.250241756439209,0.384840393,27.7019958
2007-08-27,6.041100367903709,0.400357058,26.437823400000003
2007-08-28,22.114024996757507,0.407704165,25.7844604
2007-08-29,35.98970174789429,0.41264800700000004,25.4477601
2007-08-30,94.99929809570312,0.40272521899999997,26.426367
2007-08-31,36.99779462814331,0.40918579099999997,26.7163637
2007-09-01,28.04095983505249,0.398168946,26.8754882
2007-09-02,21.72949457168579,0.40147704900000003,27.929785099999997
2007-09-03,4.0013880133628845,0.414196778,27.187896799999997
2007-09-04,3.7249083518981934,0.41685180600000005,27.111731300000002
2007-09-05,19.826614141464233,0.41235809100000004,27.204382499999998
2007-09-06,36.332640171051025,0.40366973999999994,27.852923499999996
2007-09-07,19.51949918270111,0.396755982,27.670813099999997
2007-09-08,13.037684440612795,0.383636471,29.2388671
2007-09-09,0.21756604313850403,0.366175843,29.446612500000004
2007-09-10,0.0,0.35042877100000003,29.664477599999998
2007-09-11,0.0,0.34026184,29.8529175
2007-09-12,0.0,0.329461673,29.5889405
2007-09-13,0.0,0.32771454099999997,28.7530456
2007-09-14,0.0,0.33039551,29.418908700000003
2007-09-15,5.809491895139217,0.332240298,29.463971100000002
2007-09-16,1.926283359527588,0.334352109,29.834979499999996
2007-09-17,1.8803814947605133,0.328277586,29.370703100000004
2007-09-18,0.45234527438879013,0.390904235,26.830749400000002
2007-09-19,72.71714401245117,0.401846312,26.343402200000003
2007-09-20,85.13149642944336,0.42129669200000003,25.5143737
2007-09-21,23.385395288467407,0.41103058299999995,26.320819399999998
2007-09-22,13.319998562335968,0.42406310999999997,26.5251649
2007-09-23,4.001787476241589,0.394406126,27.122448600000002
2007-09-24,10.199772477149963,0.40834197899999997,26.7071837
2007-09-25,7.966232895851135,0.40656127599999997,26.9951965
2007-09-26,23.51928400993347,0.38659973000000003,27.813183700000003
2007-09-27,0.2581979110836983,0.406242372,27.4173829
2007-09-28,7.053271885961294,0.39204254,27.9639953
2007-09-29,32.62436389923096,0.372726441,28.4138
2007-09-30,9.28839860856533,0.35609436,28.867602499999997
2007-10-01,0.0,0.335783384,29.1854308
2007-10-02,0.0,0.32479400599999997,29.185394300000002
2007-10-03,0.0,0.315264894,29.527221700000002
2007-10-04,0.0,0.302647399,29.581591600000003
2007-10-05,0.0,0.289501951,29.437170400000003
2007-10-06,0.0,0.28165283199999996,29.070086800000002
2007-10-07,0.0,0.273602293,28.9916807
2007-10-08,0.0,0.269795226,28.083843899999998
2007-10-09,0.23336094245314595,0.270640564,28.5849733
2007-10-10,0.0,0.25764007600000005,29.861505299999997
2007-10-11,0.0,0.242553709,31.094817999999997
2007-10-12,0.0,0.22969665399999997,31.2820375
2007-10-13,0.0,0.21662597899999997,31.1896912
2007-10-14,0.0,0.203753663,30.835907
2007-10-15,0.0,0.192231749,30.469
2007-10-16,0.0,0.182521057,30.7262267
2007-10-17,0.0,0.173672487,30.695343100000002
2007-10-18,0.0,0.1639144895,31.3196105
2007-10-19,0.0,0.1558334355,31.1918519
2007-10-20,0.0,0.1495010369,31.175567899999997
2007-10-21,0.0,0.144871522,31.175372399999997
2007-10-22,0.0,0.1410217286,31.634747499999996
2007-10-23,0.0,0.136816406,31.4938047
2007-10-24,0.0,0.133052063,31.465679599999998
2007-10-25,0.0,0.12991027900000002,32.1283998
2007-10-26,0.0,0.12706756530000002,31.7738588
2007-10-27,0.0,0.12497863759999998,32.2809143
2007-10-28,0.0,0.12327270500000001,31.414117600000004
2007-10-29,0.0,0.1222198485,31.340191800000003
2007-10-30,0.0,0.12139129560000002,32.3665833
2007-10-31,0.0,0.1228927616,29.829571599999998
2007-11-01,0.0,0.15587615999999999,29.642657300000003
2007-11-02,0.0,0.197792053,30.1268492
2007-11-03,0.0,0.200109865,31.416900499999997
2007-11-04,0.0,0.182948304,32.2169495
2007-11-05,0.0,0.169003295,31.7229067
2007-11-06,0.0,0.159074402,31.9475891
2007-11-07,0.0,0.15256652799999998,31.7655578
2007-11-08,0.0,0.14515228200000002,32.1828185
2007-11-09,0.0,0.13946990850000002,31.716729699999995
2007-11-10,0.0,0.134428405,31.731500099999998
2007-11-11,0.0,0.1302703849,31.832232299999998
2007-11-12,0.0,0.1267868035,32.0037657
2007-11-13,0.0,0.12414703229999999,31.655304
2007-11-14,0.0,0.12151641900000001,32.6323056
2007-11-15,0.0,0.1194503769,32.1203673
2007-11-16,0.0,0.118052674,32.0613098
2007-11-17,0.0,0.11706390390000002,31.3591615
2007-11-18,0.0,0.1163223253,30.9685363
2007-11-19,0.0,0.115748597,31.1035705
2007-11-20,0.0,0.1153335572,31.2169008
2007-11-21,0.0,0.1149292,30.9427552
2007-11-22,0.0,0.11463470469999999,30.729742499999997
2007-11-23,0.0,0.1143905634,30.5655824
2007-11-24,0.0,0.11419067410000001,30.427349900000003
2007-11-25,0.0,0.114033509,30.557818400000002
2007-11-26,0.0,0.1139144894,30.3436099
2007-11-27,0.0,0.1137985235,30.8877746
2007-11-28,0.0,0.1136901848,30.368047999999998
2007-11-29,0.0,0.1136489871,30.5874083
2007-11-30,0.0,0.113548278,31.2359923
2007-12-01,0.0,0.11347045979999999,31.1323301
2007-12-02,0.0,0.11339874359999999,30.99964
2007-12-03,0.0,0.1133438117,31.0275939
2007-12-04,0.0,0.11329040450000001,31.1093568
2007-12-05,0.0,0.1132720951,30.0294981
2007-12-06,0.0,0.113217163,30.637408599999997
2007-12-07,0.0,0.11316680949999999,30.3321595
2007-12-08,0.0,0.1131423955,30.1632629
2007-12-09,0.0,0.11309051449999999,30.420709199999997
2007-12-10,0.0,0.11308288650000001,29.8496398
2007-12-11,0.0,0.11307525789999999,29.6918029
2007-12-12,0.0,0.113085937,29.5089174
2007-12-13,0.0,0.11308136040000001,29.521881200000003
2007-12-14,0.0,0.1130294798,30.026764000000004
2007-12-15,0.0,0.1130004891,30.3222472
2007-12-16,0.0,0.11294403179999998,31.234478799999998
2007-12-17,0.0,0.11287231319999999,32.069342
2007-12-18,0.0,0.11282196019999999,31.552203199999997
2007-12-19,0.0,0.11279144240000001,31.1886048
2007-12-20,0.0,0.11276092499999998,32.3012266
2007-12-21,0.0,0.11271362300000001,33.2388493
2007-12-22,0.0,0.11271514769999999,32.1004212
2007-12-23,0.0,0.11267852650000001,32.3680726
2007-12-24,0.0,0.1126602173,31.6602355
2007-12-25,0.0,0.11264953550000001,31.680645900000002
2007-12-26,0.0,0.11264190560000001,31.161627199999998
2007-12-27,0.0,0.11262054299999999,30.804571199999998
2007-12-28,0.0,0.11260833649999999,29.210016000000003
2007-12-29,0.0,0.1125961298,29.1782776
2007-12-30,0.0,0.11258239699999999,29.4824768
2007-12-31,0.0,0.1125671388,29.5854554
2008-01-01,0.0,0.1125762937,28.6424131
2008-01-02,0.0,0.11257324269999999,28.7690245
2008-01-03,0.0,0.1125610359,29.3819885
2008-01-04,0.0,0.1125411996,30.097711300000004
2008-01-05,0.0,0.1125122069,31.0818665
2008-01-06,0.0,0.11246185369999999,31.876178099999997
2008-01-07,0.0,0.11243743889999999,31.707671700000002
2008-01-08,0.0,0.11242065329999999,31.8183651
2008-01-09,0.0,0.11240081760000001,31.2365785
2008-01-10,0.0,0.112397766,30.779522800000002
2008-01-11,0.0,0.1123931886,30.616412500000003
2008-01-12,0.0,0.1123458857,31.6449767
2008-01-13,0.0,0.11231231859999999,31.3212222
2008-01-14,0.0,0.112266541,32.1488586
2008-01-15,0.0,0.1122055037,33.3343812
2008-01-16,0.0,0.1121459963,34.149224600000004
2008-01-17,0.0,0.11212616099999999,32.5352111
2008-01-18,0.0,0.1121490495,29.7285707
2008-01-19,0.0,0.11214141829999999,29.3180479
2008-01-20,0.0,0.1121322637,29.0366761
2008-01-21,0.0,0.11212463349999999,29.3300599
2008-01-22,0.0,0.11215820350000001,28.3584045
2008-01-23,0.0,0.1121170048,27.959771699999997
2008-01-24,0.0,0.1121017468,28.192193800000002
2008-01-25,0.0,0.11210479799999999,27.208770700000002
2008-01-26,0.0,0.11207885669999999,26.9590147
2008-01-27,0.0,0.1120544429,27.8073793
2008-01-28,0.0,0.11202545110000002,29.967730699999997
2008-01-29,0.0,0.1120315553,29.5283508
2008-01-30,0.0,0.11395874030000001,27.3475403
2008-01-31,0.0,0.113514709,28.720758
2008-02-01,0.0,0.1131561276,29.809747299999998
2008-02-02,0.0,0.1129714983,28.7716614
2008-02-03,0.0,0.11347045900000001,26.9827698
2008-02-04,0.0,0.1131744397,27.022882099999997
2008-02-05,0.0,0.1130157466,26.4813782
2008-02-06,0.0,0.112872313,27.0689272
2008-02-07,0.0,0.1128753666,24.3215392
2008-02-08,0.0,0.1128189095,24.7150452
2008-02-09,0.0,0.1126953131,28.6338683
2008-02-10,0.0,0.112573243,29.3084044
2008-02-11,0.0,0.1124938963,29.9249815
2008-02-12,0.0,0.11241455,31.5463931
2008-02-13,0.0,0.1123565678,31.3335511
2008-02-14,0.0,0.11231841999999999,31.8021058
2008-02-15,0.0,0.1122573868,32.5053779
2008-02-16,0.0,0.112228395,32.2422915
2008-02-17,0.0,0.11219177220000001,32.232086300000006
2008-02-18,0.0,0.1121597282,32.0910705
2008-02-19,0.0,0.1121200556,32.169439499999996
2008-02-20,0.0,0.112094115,32.422857799999996
2008-02-21,0.0,0.1120529173,32.409137099999995
2008-02-22,0.0,0.1120071407,32.9150941
2008-02-23,0.0,0.11199493330000002,31.5778379
2008-02-24,0.0,0.1117950441,31.9964417
2008-02-25,0.0,0.11178893969999999,32.4266662
2008-02-26,0.0,0.1117309568,34.627203300000005
2008-02-27,0.0,0.1116790776,35.536431900000004
2008-02-28,0.0,0.11162109309999999,35.5052797
2008-02-29,0.0,0.1115844735,35.1246156
2008-03-01,0.0,0.1115829474,34.2314512
2008-03-02,0.0,0.111550903,34.0295963
2008-03-03,0.0,0.11150665330000001,33.7358459
2008-03-04,0.0,0.1114227293,33.9473209
2008-03-05,0.0,0.11136016899999998,33.8134339
2008-03-06,0.0,0.1113189698,34.1919983
2008-03-07,0.0,0.11129608229999999,35.389215
2008-03-08,0.0,0.1112442011,36.169098
2008-03-09,0.0,0.1111724855,35.369879
2008-03-10,0.0,0.111170959,33.7928282
2008-03-11,0.0,0.1111633316,33.9536926
2008-03-12,0.0,0.11108398450000001,34.0860903
2008-03-13,0.0,0.11104736280000001,34.2719055
2008-03-14,0.0,0.11100616420000001,34.230963700000004
2008-03-15,0.0,0.1109558101,35.8398502
2008-03-16,0.0,0.11090393039999999,35.778961200000005
2008-03-17,0.0,0.1108612046,36.7565
2008-03-18,0.0,0.1108184825,36.5236881
2008-03-19,0.0,0.11079864310000001,34.465436
2008-03-20,0.0,0.11070404,35.2279356
2008-03-21,0.0,0.1106521604,36.0493228
2008-03-22,0.0,0.11067657450000001,34.9891909
2008-03-23,0.0,0.1108551024,34.0563049
2008-03-24,0.0,0.11071167,34.219562100000005
2008-03-25,0.0,0.11065979000000001,34.8656068
2008-03-26,0.0,0.110620117,34.3857484
2008-03-27,0.0,0.1106506352,34.9272037
2008-03-28,0.0,0.110598755,34.9391908
2008-03-29,0.0,0.11055297849999998,35.4657531
2008-03-30,0.0,0.11051330720000001,34.5599671
2008-03-31,0.0,0.1104476932,33.9691709
2008-04-01,0.0,0.1104034419,33.2462711
2008-04-02,0.0,0.1104049686,33.4776918
2008-04-03,0.0,0.110461426,33.768023500000005
2008-04-04,0.0,0.11157379120000002,33.3519106
2008-04-05,0.0,0.11123657220000001,33.8701232
2008-04-06,0.0,0.11098175079999999,35.3699769
2008-04-07,0.0,0.11094207780000001,36.8526919
2008-04-08,1.42483788728714,0.11074524050000001,36.087554600000004
2008-04-09,5.465946316719055,0.1110733039,36.544439499999996
2008-04-10,0.31708260998129845,0.1106262205,37.27271090000001
2008-04-11,0.0,0.11046600340000001,37.3137269
2008-04-12,0.0,0.1104003893,36.1909242
2008-04-13,0.0,0.110359191,36.4489562
2008-04-14,0.0,0.11029052720000002,37.5122625
2008-04-15,0.0,0.11023406840000001,36.7132383
2008-04-16,0.0,0.11019744769999999,36.5260801
2008-04-17,0.0,0.11012878480000002,36.5923399
2008-04-18,0.0,0.1100555428,36.78677330000001
2008-04-19,0.0,0.1100036624,35.9772033
2008-04-20,0.0,0.1098922725,37.198053
2008-04-21,0.0,0.10983123749999998,38.1523502
2008-04-22,0.0,0.109779357,38.9264712
2008-04-23,0.0,0.10973205459999999,39.0862853
2008-04-24,0.0,0.1096923817,38.044635299999996
2008-04-25,0.0,0.1096801762,36.2418268
2008-04-26,0.0,0.1096603394,36.0938541
2008-04-27,0.0,0.1096344008,36.5641171
2008-04-28,0.0,0.10974426200000001,35.9775204
2008-04-29,0.0,0.1096847537,36.1640932
2008-04-30,0.0,0.10963439959999999,36.4538149
2008-05-01,0.0,0.10962219339999998,37.477593999999996
2008-05-02,0.0,0.10957183819999998,35.8784243
2008-05-03,0.0,0.1096679685,35.390875
2008-05-04,0.0,0.1096862784,35.5520568
2008-05-05,0.0,0.1099487308,35.564459
2008-05-06,0.0,0.10996093709999999,35.459209699999995
2008-05-07,0.0,0.11080474920000001,35.4686827
2008-05-08,0.0,0.1107574465,35.7464906
2008-05-09,0.0,0.1116500839,35.8002746
2008-05-10,0.0,0.115089417,35.144732899999994
2008-05-11,0.0,0.1146652222,35.3725886
2008-05-12,0.0,0.11385955889999999,35.490265
2008-05-13,0.0,0.113142396,35.7442444
2008-05-14,0.0,0.11273040860000001,35.2010073
2008-05-15,0.0,0.11244049009999998,36.080230799999995
2008-05-16,0.0,0.1122116095,36.6616516
2008-05-17,0.0,0.1147247311,36.323785599999994
2008-05-18,0.0,0.11914215040000001,35.912334900000005
2008-05-19,0.0,0.129481505,35.2384338
2008-05-20,0.0,0.1364746086,35.278179900000005
2008-05-21,0.0,0.1362609856,35.5480777
2008-05-22,0.0,0.1392440795,35.9222231
2008-05-23,0.0,0.1318328855,36.1685851
2008-05-24,0.0,0.12799072299999997,36.8412172
2008-05-25,0.0,0.1241500844,36.9434144
2008-05-26,0.0,0.1218719474,36.9120419
2008-05-27,0.0,0.1219131466,36.8824523
2008-05-28,0.0,0.12124176049999999,36.5987122
2008-05-29,0.0,0.12137756339999999,36.986651699999996
2008-05-30,0.0,0.12097015159999999,36.8252499
2008-05-31,0.0,0.12067108150000001,36.5803284
2008-06-01,0.0,0.11881256069999999,37.037359800000004
2008-06-02,0.0,0.11762695240000001,37.7259097
2008-06-03,0.0,0.11701965460000001,37.7619202
2008-06-04,0.0,0.17384338459999998,31.683306999999996
2008-06-05,12.010666608810425,0.22949066199999998,31.486920399999995
2008-06-06,2.309761196374893,0.36213379,26.5033751
2008-06-07,17.28811264038086,0.39342651100000003,25.7039854
2008-06-08,0.7100443094968796,0.42232665999999996,25.081243899999997
2008-06-09,4.183212995529175,0.412380985,26.752124
2008-06-10,11.312459230422974,0.408703613,26.542773099999998
2008-06-11,6.895635962486267,0.411796569,27.1018126
2008-06-12,20.205687999725342,0.39844970700000004,26.6190064
2008-06-13,1.789827138185501,0.385993959,26.722345
2008-06-14,23.358497619628906,0.404400631,26.8032106
2008-06-15,44.50444793701172,0.391040037,28.0143189
2008-06-16,0.4037509113550186,0.390652463,29.081603899999998
2008-06-17,0.0,0.387774657,28.6720582
2008-06-18,0.43273376673460007,0.382843017,29.1882995
2008-06-19,0.0,0.37372894199999995,28.9943908
2008-06-20,0.0,0.370362852,29.879571600000002
2008-06-21,0.0,0.364692687,29.563909799999998
2008-06-22,1.5615586936473846,0.361311341,29.711432000000002
2008-06-23,0.2186918817460537,0.36133880500000004,29.100726400000003
2008-06-24,6.4101210832595825,0.358985903,29.098456
2008-06-25,1.1468779742717743,0.366934204,29.721221800000002
2008-06-26,7.428409695625305,0.365214538,29.1437927
2008-06-27,5.968231678009033,0.363696291,28.3287472
2008-06-28,0.7630188465118408,0.364666749,27.7570376
2008-06-29,0.6889043897390366,0.40097198599999995,26.720220899999997
2008-06-30,19.836275577545166,0.412266539,27.0016724
2008-07-01,75.08204078674316,0.414041137,27.245660400000002
2008-07-02,121.35297393798828,0.409141539,27.533892400000003
2008-07-03,33.76678466796875,0.402713014,27.616565
2008-07-04,34.10226917266846,0.400814819,27.2553223
2008-07-05,24.27053689956665,0.38386077799999996,28.6895507
2008-07-06,1.4806405007839203,0.37340088,29.1283567
2008-07-07,0.0,0.374046323,28.007464499999998
2008-07-08,5.659779191017151,0.36839141799999997,28.7458679
2008-07-09,3.5426231026649475,0.36838379099999996,28.6120668
2008-07-10,5.172965168952942,0.377738955,26.9038392
2008-07-11,109.9118824005127,0.385693361,26.3173767
2008-07-12,56.20488262176514,0.383515929,28.323468100000003
2008-07-13,7.2350757122039795,0.377789304,28.205706900000003
2008-07-14,3.536041259765625,0.36757507500000003,29.267913900000003
2008-07-15,4.458428382873535,0.363993835,29.7692382
2008-07-16,48.18678855895996,0.36660309,28.977118100000002
2008-07-17,6.136415481567383,0.360009767,29.8299868
2008-07-18,0.7640371918678284,0.352107238,29.762091199999997
2008-07-19,0.6458194106817245,0.350581356,29.624835100000002
2008-07-20,7.441706657409668,0.352957156,28.126519899999998
2008-07-21,1.63138347864151,0.349449157,29.4262695
2008-07-22,15.459511995315552,0.34566039800000004,28.407690600000002
2008-07-23,6.769182085990906,0.350752258,28.4862917
2008-07-24,1.5682192742824554,0.393864438,27.0236938
2008-07-25,9.73225212097168,0.418336486,25.5182312
2008-07-26,8.542251825332642,0.422994995,25.313653699999996
2008-07-27,12.194335460662842,0.40836792099999997,25.2353576
2008-07-28,66.00715160369873,0.41281432799999995,24.5705625
2008-07-29,47.408814430236816,0.41259155300000006,24.688128499999998
2008-07-30,145.05786514282227,0.404180906,27.1845947
2008-07-31,20.932406425476074,0.380917359,28.855249199999996
2008-08-01,4.157318413257599,0.403466797,27.2124573
2008-08-02,47.97797203063965,0.41154937900000005,25.348736600000002
2008-08-03,43.095882415771484,0.40741882399999996,27.4986999
2008-08-04,49.876227378845215,0.405590823,26.164819599999998
2008-08-05,40.718140602111816,0.420542906,25.5405337
2008-08-06,29.9370698928833,0.415621947,25.0616515
2008-08-07,47.8932466506958,0.40588531699999997,26.188708300000002
2008-08-08,12.736832857131958,0.408526614,26.0481201
2008-08-09,29.289740562438965,0.417785644,25.1477293
2008-08-10,67.54561042785645,0.418150331,24.3679993
2008-08-11,260.68094635009766,0.422077943,24.361370700000002
2008-08-12,144.3919219970703,0.41043243399999996,25.5503785
2008-08-13,86.56019592285156,0.40829467900000005,25.7638061
2008-08-14,42.11532974243164,0.413835143,26.426611400000002
2008-08-15,35.42655658721924,0.393832397,27.101360999999997
2008-08-16,19.20305347442627,0.383619691,27.502045
2008-08-17,7.198100686073303,0.37789917,28.5337099
2008-08-18,4.161401629447937,0.363487243,28.543206700000002
2008-08-19,0.24342857301235193,0.359336851,28.2823669
2008-08-20,0.0,0.35340575799999996,28.637426800000004
2008-08-21,0.0545673836022615,0.349760437,28.548657300000002
2008-08-22,0.5605111941695213,0.347860718,28.6788451
2008-08-23,3.322665750980377,0.35313720699999995,28.2232911
2008-08-24,4.780879259109497,0.351736454,28.697076300000003
2008-08-25,0.0,0.349266055,29.082214399999998
2008-08-26,0.0,0.346443177,28.9754333
2008-08-27,10.526196002960205,0.33527069200000004,29.114135599999997
2008-08-28,0.2515206709504127,0.32526702900000004,29.8292114
2008-08-29,0.0,0.30955352999999997,29.7960449
2008-08-30,0.0,0.30146637,30.0385195
2008-08-31,0.0,0.29609832599999997,29.8157715
2008-09-01,0.0,0.323062133,28.8273864
2008-09-02,14.74294137954712,0.32967682,30.1709475
2008-09-03,17.094856023788452,0.341760257,30.0403808
2008-09-04,0.0,0.371200562,27.890155
2008-09-05,34.367682456970215,0.38914337099999996,27.609448099999998
2008-09-06,20.429016590118408,0.386779785,27.936029400000002
2008-09-07,7.757528901100159,0.376553345,28.5348389
2008-09-08,0.8540636897087097,0.39411163,27.7116149
2008-09-09,22.867968559265137,0.394157408,27.7603519
2008-09-10,18.665761470794678,0.40710754299999996,26.8597229
2008-09-11,15.08469557762146,0.388040161,28.013506999999997
2008-09-12,12.58439588546753,0.368940734,27.334673700000003
2008-09-13,16.561758041381836,0.388137817,25.5269532
2008-09-14,12.432130336761475,0.42861175300000004,25.9416443
2008-09-15,38.13791370391846,0.377337646,26.0672669
2008-09-16,19.93559980392456,0.413732909,24.2581667
2008-09-17,52.68063545227051,0.38957367,27.187463100000002
2008-09-18,35.35315990447998,0.373713686,27.418059899999996
2008-09-19,114.20123863220215,0.415493773,24.819226
2008-09-20,85.50655746459961,0.40139617899999996,27.026928599999998
2008-09-21,2.735146462917328,0.369491577,28.444385
2008-09-22,0.0,0.368574524,27.997369400000004
2008-09-23,0.0,0.352986144,28.3072693
2008-09-24,0.0,0.331198121,28.939129700000002
2008-09-25,0.0,0.32074432399999997,28.5104921
2008-09-26,0.0,0.31368408200000003,27.9086914
2008-09-27,0.0,0.304167173,27.9082396
2008-09-28,0.0,0.29419860900000006,28.587427
2008-09-29,0.0,0.27886505,28.7594908
2008-09-30,0.0,0.265046692,28.8493226
2008-10-01,0.0,0.254383849,29.120379800000002
2008-10-02,0.0,0.243563843,28.9694029
2008-10-03,0.0,0.24284515299999998,28.2015686
2008-10-04,15.934252977371216,0.261485292,28.3860902
2008-10-05,0.09396372549235818,0.337904357,27.3155031
2008-10-06,8.210152506828308,0.361553958,28.550262499999995
2008-10-07,2.491363376379013,0.35035094899999997,28.5614747
2008-10-08,1.2590555250644684,0.337844849,29.1039673
2008-10-09,0.0,0.33097534399999995,29.440191499999997
2008-10-10,3.887760579586029,0.31725311500000003,30.502777
2008-10-11,0.0,0.297927854,31.762445200000002
2008-10-12,0.0,0.28141327,31.799615799999998
2008-10-13,0.0,0.26192016799999995,31.44422
2008-10-14,0.0,0.243525697,31.372979800000003
2008-10-15,0.0,0.22672576900000002,31.946759200000002
2008-10-16,0.0,0.211033631,31.4298158
2008-10-17,0.0,0.197552489,31.908013800000003
2008-10-18,0.0,0.18593444799999997,32.3570617
2008-10-19,0.0,0.1766265866,32.0013487
2008-10-20,0.0,0.1674896235,31.92735
2008-10-21,0.0,0.159031678,31.837237500000004
2008-10-22,0.0,0.1515151991,31.5077944
2008-10-23,0.0,0.1449859634,31.626129100000004
2008-10-24,0.0,0.1392684948,31.642657500000002
2008-10-25,0.0,0.1350189206,31.5252746
2008-10-26,0.0,0.131987,31.036285400000004
2008-10-27,0.0,0.12986145,30.851128999999997
2008-10-28,0.0,0.12823028549999999,30.8530823
2008-10-29,0.0,0.126344299,31.485528699999996
2008-10-30,0.0,0.1247985841,31.7227842
2008-10-31,0.0,0.1228652965,31.974273800000002
2008-11-01,0.0,0.1213607775,31.909918600000005
2008-11-02,0.0,0.1200622549,32.0450986
2008-11-03,0.0,0.1189910885,32.4141905
2008-11-04,0.0,0.118078614,31.9801329
2008-11-05,0.0,0.1173843381,31.797833400000002
2008-11-06,0.0,0.11692962700000001,31.867852500000005
2008-11-07,0.0,0.11642608699999998,32.5738097
2008-11-08,0.0,0.11604309180000001,31.8160706
2008-11-09,0.0,0.11572418200000001,32.1881654
2008-11-10,0.0,0.1154113774,32.1509339
2008-11-11,0.0,0.11516571049999999,32.013605
2008-11-12,0.0,0.11500701980000001,31.586895900000002
2008-11-13,0.0,0.1148254393,31.2204406
2008-11-14,0.0,0.114721679,30.3251281
2008-11-15,0.0,0.1145187371,31.7789853
2008-11-16,0.0,0.11438445950000001,30.9220032
2008-11-17,0.0,0.1144973753,31.87735
2008-11-18,0.0,0.11789398200000001,31.198321399999998
2008-11-19,0.0,0.11821441660000001,32.441485799999995
2008-11-20,0.0,0.1172454839,32.8288883
2008-11-21,0.2264875881373882,0.116149902,32.940216299999996
2008-11-22,0.0,0.11542053249999999,33.2756406
2008-11-23,0.0,0.1148910531,33.0399481
2008-11-24,0.0,0.1144805901,32.572247399999995
2008-11-25,0.0,0.11419219890000001,32.3886535
2008-11-26,0.0,0.1139816288,31.7140686
2008-11-27,0.0,0.1138244622,31.3656069
2008-11-28,0.0,0.1137557981,29.859771799999997
2008-11-29,0.0,0.15879516659999998,24.9494993
2008-11-30,0.0,0.26616516,26.472229
2008-12-01,12.180304765701294,0.256739807,29.251385600000003
2008-12-02,0.0,0.230615235,29.737298499999998
2008-12-03,0.0,0.21021118200000002,30.294146599999998
2008-12-04,0.0,0.194749449,31.0678895
2008-12-05,0.0,0.176545715,31.4946105
2008-12-06,0.0,0.1623764045,31.1532288
2008-12-07,0.0,0.151649476,30.5133851
2008-12-08,0.0,0.1437561024,30.8002014
2008-12-09,0.0,0.137501527,30.6885071
2008-12-10,0.0,0.1326873771,31.2883361
2008-12-11,0.0,0.1286468504,30.992925800000002
2008-12-12,0.0,0.1255081175,31.1682189
2008-12-13,0.0,0.1229843134,32.063507
2008-12-14,0.0,0.12081603910000001,32.8918765
2008-12-15,0.0,0.1191772454,32.4272278
2008-12-16,0.0,0.118069457,31.843121500000002
2008-12-17,0.0,0.1171539304,33.2484678
2008-12-18,0.0,0.11629638760000001,32.9125062
2008-12-19,0.0,0.11578826899999999,30.7516663
2008-12-20,0.0,0.11717529280000001,28.5583069
2008-12-21,0.0,0.11614990249999999,30.207525600000004
2008-12-22,0.0,0.11540222149999999,31.5577699
2008-12-23,0.0,0.1148803697,32.3554263
2008-12-24,0.0,0.11451568679999999,32.0677794
2008-12-25,0.0,0.11424560530000001,31.454595900000005
2008-12-26,0.0,0.11402740439999999,32.1525941
2008-12-27,0.0,0.11390075689999998,29.7396548
2008-12-28,0.0,0.113737486,29.285333200000004
2008-12-29,0.0,0.1136077878,29.912725899999998
2008-12-30,0.0,0.11351013139999999,30.0651429
2008-12-31,0.0,0.11343536330000001,29.5933166
2009-01-01,0.0,0.1133377066,30.885992299999998
2009-01-02,0.0,0.11327362,30.9823302
2009-01-03,0.0,0.11323699889999998,30.551593000000004
2009-01-04,0.0,0.1132049552,30.617877399999998
2009-01-05,0.0,0.11313476659999999,29.9686584
2009-01-06,0.0,0.1130615224,29.734918399999998
2009-01-07,0.0,0.1130218507,30.196173199999997
2009-01-08,0.0,0.1129684452,30.314581500000003
2009-01-09,0.0,0.11294403010000001,30.0768126
2009-01-10,0.0,0.1129043582,31.082549899999997
2009-01-11,0.0,0.11286163419999999,31.730597
2009-01-12,0.0,0.11283264150000001,32.011798
2009-01-13,0.0,0.11278228670000001,32.2157291
2009-01-14,0.0,0.1127105709,33.0683896
2009-01-15,0.0,0.1126770016,33.3087952
2009-01-16,0.0,0.1126434328,32.4965398
2009-01-17,0.0,0.11261138870000001,33.6529114
2009-01-18,0.0,0.1125991821,32.5386777
2009-01-19,0.0,0.1125717147,32.8174378
2009-01-20,0.0,0.11253051830000001,33.6323547
2009-01-21,0.0,0.1124847416,33.675934
2009-01-22,0.0,0.11244811969999999,33.8980288
2009-01-23,0.0,0.11241912759999999,34.010846
2009-01-24,0.0,0.112432862,32.891925300000004
2009-01-25,0.0,0.11239166250000002,32.280474600000005
2009-01-26,0.0,0.1123947144,31.6654113
2009-01-27,0.0,0.11238708550000001,31.705816699999996
2009-01-28,0.0,0.11236724899999999,32.1761044
2009-01-29,0.0,0.1123916618,30.6500306
2009-01-30,0.0,0.1123199463,32.9718081
2009-01-31,0.0,0.1122787466,32.4390686
2009-02-01,0.0,0.11226196260000001,32.1149476
2009-02-02,0.0,0.11225280629999998,32.2622864
2009-02-03,0.0,0.11222076389999999,31.627789200000002
2009-02-04,0.0,0.11220550389999999,30.7030578
2009-02-05,0.0,0.11213836660000001,31.0109924
2009-02-06,0.0,0.1120407105,31.5246642
2009-02-07,0.0,0.11202697939999999,32.2160951
2009-02-08,0.0,0.11204071010000001,32.9212707
2009-02-09,0.0,0.1120269781,32.2865051
2009-02-10,0.0,0.1119995117,30.8932434
2009-02-11,0.0,0.1119369522,31.429668900000003
2009-02-12,0.0,0.11190490820000001,31.736016700000004
2009-02-13,0.0,0.1118942251,31.5531313
2009-02-14,0.0,0.11180267399999999,31.587457699999998
2009-02-15,0.0,0.1117645263,33.1023498
2009-02-16,0.0,0.1117294307,33.4786195
2009-02-17,0.0,0.11170196489999999,34.0097471
2009-02-18,0.0,0.11166534430000001,33.6684143
2009-02-19,0.0,0.1116195682,33.8162417
2009-02-20,0.0,0.111547851,36.5287171
2009-02-21,0.0,0.1115280155,34.7128477
2009-02-22,0.0,0.1114944467,35.1443907
2009-02-23,0.0,0.11144561739999999,35.1163147
2009-02-24,0.0,0.1114013671,33.772857900000005
2009-02-25,0.0,0.11138000560000001,34.0483947
2009-02-26,0.0,0.1113143918,35.3742736
2009-02-27,0.0,0.1112487789,36.8236878
2009-02-28,0.0,0.1112213133,36.6531311
2009-03-01,0.0,0.11118469260000001,36.7453189
2009-03-02,0.0,0.1111495969,36.9489807
2009-03-03,0.0,0.11110229499999999,36.3725648
2009-03-04,0.0,0.1110885621,35.237213
2009-03-05,0.0,0.11107940590000001,34.0918272
2009-03-06,0.0,0.1110504145,34.704546900000004
2009-03-07,0.0,0.11098327720000001,34.6906066
2009-03-08,0.0,0.11093597520000001,33.2559878
2009-03-09,0.0,0.1108306882,35.2910702
2009-03-10,0.0,0.11078796490000001,36.8457092
2009-03-11,1.9459852054715157,0.1107513435,35.9473695
2009-03-12,0.0,0.11073455800000001,35.5469293
2009-03-13,0.0,0.1107437139,35.1091612
2009-03-14,0.0,0.1108474725,36.225592
2009-03-15,0.0,0.1107543943,35.1026918
2009-03-16,0.0,0.110630798,34.3845518
2009-03-17,0.0,0.1105087276,36.7833559
2009-03-18,0.0,0.1104888915,36.0835752
2009-03-19,0.0,0.110458374,34.755865299999996
2009-03-20,0.0,0.110418702,34.7547672
2009-03-21,0.0,0.1103698743,33.9260803
2009-03-22,0.0,0.1102996826,35.620465
2009-03-23,0.0,0.11028137280000001,36.7858949
2009-03-24,0.0,0.11032562239999999,34.7591371
2009-03-25,0.0,0.11024322369999999,37.0268371
2009-03-26,0.0,0.1101837145,36.2501526
2009-03-27,0.0,0.109999085,34.6716367
2009-03-28,0.0,0.1099258442,35.0607489
2009-03-29,0.0,0.10989837740000001,36.0800842
2009-03-30,0.0,0.1098602296,38.3644107
2009-03-31,0.0,0.1098251343,36.969512599999995
2009-04-01,0.0,0.1096725473,39.017877299999995
2009-04-02,0.0,0.10961608860000001,36.9884829
2009-04-03,0.0,0.1095733649,38.0281801
2009-04-04,0.0,0.10952911309999999,36.2975645
2009-04-05,0.0,0.10945434540000001,38.610894200000004
2009-04-06,0.0,0.1094070442,40.2568421
2009-04-07,0.0,0.1093658456,37.9101621
2009-04-08,0.0,0.10936279239999999,35.3600892
2009-04-09,0.0,0.109223937,37.2884338
2009-04-10,0.0,0.1091598507,39.3368713
2009-04-11,0.0,0.109098816,38.8472228
2009-04-12,0.0,0.10904235849999999,38.570855699999996
2009-04-13,0.0,0.1090057375,37.6660709
2009-04-14,0.0,0.1089706421,36.6642638
2009-04-15,0.0,0.10898590130000001,34.721270700000005
2009-04-16,0.0,0.1091430669,36.6783265
2009-04-17,0.0,0.1090332042,36.9389218
2009-04-18,0.0,0.108903504,37.9767148
2009-04-19,0.0,0.10864105180000001,36.7917297
2009-04-20,0.0,0.108718872,35.186847
2009-04-21,0.0,0.1087997431,35.1371643
2009-04-22,0.0,0.10882110760000001,35.967706699999994
2009-04-23,0.0,0.1086944576,37.3836734
2009-04-24,0.0,0.1086257923,37.418121299999996
2009-04-25,0.0,0.108576965,38.0900941
2009-04-26,0.0,0.1085281373,37.610064699999995
2009-04-27,0.0,0.10844421470000001,37.388507100000005
2009-04-28,0.0,0.10831451430000001,37.287164000000004
2009-04-29,0.0,0.10818786660000002,36.3897767
2009-04-30,0.0,0.1081344605,36.222198299999995
2009-05-01,0.0,0.1081359857,36.363287400000004
2009-05-02,0.0,0.10816650349999998,37.069684
2009-05-03,0.0,0.10809631449999998,37.2743714
2009-05-04,0.0,0.10803833059999998,36.4978336
2009-05-05,0.0,0.1081405634,35.740313900000004
2009-05-06,0.0,0.1082656858,36.4220766
2009-05-07,0.0,0.10818939229999999,37.0201232
2009-05-08,0.0,0.1080474847,37.054571700000004
2009-05-09,0.0,0.10796051,36.7121635
2009-05-10,0.0,0.1079010013,36.6228816
2009-05-11,1.9459852054715157,0.1080017092,36.7027402
2009-05-12,0.0,0.10810852060000001,36.5758845
2009-05-13,0.0,0.10865020759999999,35.9711977
2009-05-14,0.0,0.1086486804,35.8075256
2009-05-15,0.0,0.1087432854,35.0887758
2009-05-16,0.0,0.1097946174,35.9339659
2009-05-17,0.0,0.10950622489999999,36.5606266
2009-05-18,0.0,0.10998687730000001,36.059112600000006
2009-05-19,0.0,0.1096954349,35.7005916
2009-05-20,0.0,0.10955352889999999,35.3863583
2009-05-21,0.8713888972997665,0.10957794309999999,36.507696800000005
2009-05-22,0.0,0.10969238299999999,36.638385
2009-05-23,0.0,0.1101531982,36.7547669
2009-05-24,0.0,0.1117904671,36.441681
2009-05-25,0.0,0.1113769537,35.8994448
2009-05-26,0.0,0.11110077,36.1858454
2009-05-27,0.0,0.1108276372,36.4278626
2009-05-28,0.0,0.1112045291,36.8818182
2009-05-29,0.0,0.1109191899,36.861138499999996
2009-05-30,0.0,0.1109664918,36.3511293
2009-05-31,0.0,0.111975097,36.2460023
2009-06-01,0.0,0.129222109,34.9513242
2009-06-02,0.0,0.155090331,33.889129600000004
2009-06-03,0.0,0.161720276,34.6691225
2009-06-04,0.0828372500836849,0.19165802,32.242632900000004
2009-06-05,0.07831605896353719,0.201408387,33.085931
2009-06-06,0.0,0.21762695399999998,32.336859
2009-06-07,0.0470716468989849,0.22113189699999997,31.4194521
2009-06-08,1.6132011711597443,0.227612302,32.7294128
2009-06-09,0.0,0.20496368399999998,33.006084900000005
2009-06-10,0.0,0.18902740499999998,33.3101133
2009-06-11,0.0,0.173554992,33.9772526
2009-06-12,0.0,0.17042694,34.2739075
2009-06-13,0.0,0.1558547975,35.0607969
2009-06-14,0.0,0.1539032,33.947564299999996
2009-06-15,0.0,0.1549819955,33.4240537
2009-06-16,0.0,0.1485961904,34.8836977
2009-06-17,0.0,0.1489150996,34.848321399999996
2009-06-18,0.0,0.1452987676,34.7504458
2009-06-19,0.06882143020629883,0.14012146050000002,35.0735412
2009-06-20,3.5739064812660217,0.169633484,32.349737999999995
2009-06-21,0.8011337742209435,0.223591614,30.1807926
2009-06-22,2.0241637527942657,0.23055114799999998,30.848358400000002
2009-06-23,5.141329646110535,0.294194033,27.702289
2009-06-24,10.59310531616211,0.344989014,29.0728332
2009-06-25,13.342731475830078,0.358291625,29.2568418
2009-06-26,41.07970905303955,0.367346189,28.9361755
2009-06-27,101.03168487548828,0.390724182,28.6430907
2009-06-28,18.237363815307617,0.395312498,28.3719846
2009-06-29,40.0969934463501,0.40681762499999996,28.1861268
2009-06-30,14.12407922744751,0.3681427,29.6939211
2009-07-01,2.8189420104026794,0.402656556,28.423303299999997
2009-07-02,8.846614480018616,0.406726073,26.4356385
2009-07-03,54.514970779418945,0.41010742,25.367511099999998
2009-07-04,25.303958415985107,0.41742401099999993,25.4580749
2009-07-05,181.2245979309082,0.39639434900000003,27.492816299999998
2009-07-06,2.225617229938507,0.388931276,28.179546900000002
2009-07-07,4.3998313546180725,0.410406493,26.0188355
2009-07-08,47.8725471496582,0.420700074,25.8719176
2009-07-09,35.39831209182739,0.415081788,25.5143982
2009-07-10,45.101603507995605,0.41439361799999996,25.671808
2009-07-11,18.708868980407715,0.40662078900000004,26.715209800000004
2009-07-12,12.234840154647827,0.39232483,28.6358703
2009-07-13,8.993618369102478,0.407798766,27.3485717
2009-07-14,131.81689262390137,0.42096405,25.2250061
2009-07-15,191.4236068725586,0.42443847300000004,25.3792052
2009-07-16,18.662678241729736,0.41282959,24.8828004
2009-07-17,14.392533302307129,0.39557952799999996,28.0064575
2009-07-18,18.608147621154785,0.393070984,28.108923299999997
2009-07-19,14.318603277206421,0.38510284100000003,28.4824768
2009-07-20,19.520511150360107,0.41778869499999993,26.1996155
2009-07-21,19.092655181884766,0.416552734,25.683142099999998
2009-07-22,14.634124279022217,0.421667482,25.032403699999996
2009-07-23,32.49022817611694,0.41650848399999996,24.9774843
2009-07-24,40.66635322570801,0.405928038,26.4810609
2009-07-25,5.740682780742645,0.394401552,26.604882600000003
2009-07-26,3.976343333721161,0.392388915,27.346160700000002
2009-07-27,8.969673037528992,0.395982363,26.8266662
2009-07-28,6.133027791976929,0.379557801,28.1776976
2009-07-29,1.8498483300209045,0.375515745,28.0023498
2009-07-30,0.9835900217294693,0.377720643,27.880523599999997
2009-07-31,1.273702710866928,0.372062683,28.852459699999997
2009-08-01,0.32414510846138,0.37020263999999997,28.915319899999997
2009-08-02,0.9705474525690079,0.37318572699999997,28.269378699999997
2009-08-03,1.2627265751361847,0.373181151,28.778314299999998
2009-08-04,0.0516160726547241,0.38650055,28.278869500000003
2009-08-05,0.3002263605594635,0.391522215,28.265173299999997
2009-08-06,0.4036204516887665,0.3833313,28.4657775
2009-08-07,2.4560978412628174,0.375105288,28.5584413
2009-08-08,0.1290401816368103,0.373370363,28.4940367
2009-08-09,0.9077112711966038,0.37245941299999996,28.9835634
2009-08-10,0.778018444776535,0.371139524,28.239203099999997
2009-08-11,1.3370586335659027,0.372425842,28.0396424
2009-08-12,7.250374674797058,0.366900636,28.5546264
2009-08-13,1.8498326241970062,0.35696411299999997,29.1103273
2009-08-14,0.9753594696521759,0.352943417,29.1028993
2009-08-15,0.8783037513494492,0.355487063,27.853027200000003
2009-08-16,6.129457235336304,0.357994078,28.877813800000002
2009-08-17,1.3533998280763626,0.350332641,29.2920227
2009-08-18,0.37604202702641487,0.34018402000000003,29.848345899999998
2009-08-19,0.5767954587936401,0.363494872,29.1598694
2009-08-20,42.77473449707031,0.395724489,27.3382996
2009-08-21,41.667548179626465,0.383360293,28.7232299
2009-08-22,9.641701817512512,0.39122314199999997,27.8179076
2009-08-23,20.953433513641357,0.382678222,28.636138699999997
2009-08-24,21.267303943634033,0.375318908,28.576477
2009-08-25,39.07905673980713,0.37476654,28.358123799999998
2009-08-26,20.34968900680542,0.370294188,28.287243699999998
2009-08-27,2.12005028873682,0.381326295,26.990344299999997
2009-08-28,2.228498935699463,0.376289367,27.6434143
2009-08-29,6.120232939720154,0.405143736,26.217090000000002
2009-08-30,20.50594997406006,0.393840026,26.900433299999996
2009-08-31,6.293500065803528,0.377128601,28.333032100000004
2009-09-01,6.589553713798523,0.373951723,28.584564399999998
2009-09-02,48.84123229980469,0.401858521,26.7535339
2009-09-03,12.302817344665527,0.41844177,25.4534729
2009-09-04,169.31235122680664,0.41377716099999995,25.1901367
2009-09-05,26.355347156524658,0.398197939,26.284051599999998
2009-09-06,16.656338214874268,0.38279418499999995,28.3627868
2009-09-07,18.790348052978516,0.374363708,27.952886799999998
2009-09-08,4.955104947090149,0.371173098,28.226086300000002
2009-09-09,5.372611165046692,0.36791229,28.6603456
2009-09-10,0.07962972111999986,0.371199038,27.772351099999998
2009-09-11,0.16059761121869084,0.36472015199999996,28.7313294
2009-09-12,4.322998642921448,0.386711121,28.8301574
2009-09-13,0.7160639353096485,0.401544191,28.6946595
2009-09-14,24.925647735595703,0.392835999,28.742858599999998
2009-09-15,16.611642360687256,0.371537782,29.322204499999998
2009-09-16,3.0676662623882294,0.353904725,29.488836900000003
2009-09-17,0.0,0.332667539,29.671466
2009-09-18,0.0,0.315182497,30.0744931
2009-09-19,0.0,0.306961058,30.0161805
2009-09-20,0.0,0.305578612,29.578619500000002
2009-09-21,0.0,0.29515075399999996,29.774469
2009-09-22,1.6137352883815765,0.30312957799999996,29.7270691
2009-09-23,36.720497131347656,0.381620788,28.9547181
2009-09-24,1.6398073136806488,0.39741211,28.5320985
2009-09-25,1.02736971154809,0.363412473,29.4388427
2009-09-26,0.48924849182367325,0.356907654,29.7320921
2009-09-27,0.0,0.33777160500000003,29.9947021
2009-09-28,0.0,0.33553161600000003,29.441717599999997
2009-09-29,0.7964133620262146,0.358853146,28.7986024
2009-09-30,0.0,0.355229189,28.7970033
2009-10-01,0.432393416762352,0.335136414,30.1707582
2009-10-02,0.0,0.319651797,30.515783499999998
2009-10-03,2.3054363131523132,0.326486203,28.3215269
2009-10-04,41.35384750366211,0.404266353,26.452203400000002
2009-10-05,75.80752563476562,0.404449465,26.896807799999998
2009-10-06,73.51539611816406,0.381874085,27.972344900000003
2009-10-07,3.7705735564231873,0.37013549599999995,28.0675963
2009-10-08,0.13764286041259766,0.350596618,28.331744300000004
2009-10-09,0.0,0.337243652,28.1001525
2009-10-10,0.0,0.32021637,28.194561800000002
2009-10-11,0.0,0.306594848,28.690570100000002
2009-10-12,0.0,0.297808838,29.8083495
2009-10-13,1.230537623167038,0.291329957,30.079650700000002
2009-10-14,0.0,0.295022582,29.894983000000003
2009-10-15,0.0,0.27690734699999997,30.429589800000002
2009-10-16,0.0,0.264179994,31.1064456
2009-10-17,0.0,0.251210018,30.4197387
2009-10-18,0.0,0.24015350400000002,30.1722107
2009-10-19,0.0,0.22929992700000001,29.9805359
2009-10-20,0.0,0.21907196099999998,29.669647199999996
2009-10-21,0.0,0.209602357,30.4457825
2009-10-22,0.0,0.20132904100000001,30.7316834
2009-10-23,0.0,0.19143219,30.7862976
2009-10-24,0.0,0.182844543,30.6050842
2009-10-25,0.0,0.17507171700000002,30.23338
2009-10-26,0.0,0.1680770874,30.611553800000003
2009-10-27,0.0,0.160998535,30.718634100000003
2009-10-28,0.0,0.154719545,31.139972
2009-10-29,0.0,0.1488449106,31.638336099999997
2009-10-30,0.0,0.1441650387,31.526886100000002
2009-10-31,0.0,0.1401123045,31.359600699999998
2009-11-01,0.0,0.1367645266,31.2949767
2009-11-02,0.0,0.13359985349999998,31.0793273
2009-11-03,0.0,0.130862428,31.080352799999996
2009-11-04,0.0,0.12852935699999998,31.0613585
2009-11-05,0.0,0.12659759539999998,31.197784300000002
2009-11-06,0.0,0.1251617425,31.435015599999996
2009-11-07,0.0,0.12399139370000001,31.874103
2009-11-08,0.0,0.12418212899999999,32.2869204
2009-11-09,0.0,0.1304443364,29.748748999999997
2009-11-10,4.182683601975441,0.240881348,24.0384891
2009-11-11,36.91555118560791,0.382267759,23.4541258
2009-11-12,30.126165866851803,0.35531464,26.440502900000002
2009-11-13,2.6270798668265343,0.334603881,27.353381300000002
2009-11-14,0.0,0.322204588,27.210614
2009-11-15,19.306158304214478,0.326831051,27.7821412
2009-11-16,0.498955398797989,0.344593811,27.518988
2009-11-17,0.0,0.328182984,28.095110999999996
2009-11-18,0.0,0.306900024,28.050763
2009-11-19,0.0,0.289697266,28.6747377
2009-11-20,0.0,0.274853515,27.9301879
2009-11-21,0.0,0.26271820100000004,27.6419128
2009-11-22,0.0,0.25124664399999996,27.8632079
2009-11-23,0.0,0.240684509,28.361273399999998
2009-11-24,0.0,0.23050537100000001,28.209063800000003
2009-11-25,1.405433762818575,0.221949768,28.4562318
2009-11-26,0.0,0.21273956099999997,29.0815735
2009-11-27,0.0,0.20268554700000002,29.7121763
2009-11-28,0.0,0.192857361,29.1511901
2009-11-29,0.0,0.18430786000000002,28.5106018
2009-11-30,0.0,0.176336669,28.2339906
2009-12-01,0.0,0.16909485,28.2255921
2009-12-02,0.0,0.16262817400000001,28.8497253
2009-12-03,0.0,0.15724487199999998,29.078668400000005
2009-12-04,0.0,0.15306549060000002,28.5200622
2009-12-05,0.0,0.14953613400000001,28.615460000000002
2009-12-06,0.0,0.14617614799999998,29.0569152
2009-12-07,0.0,0.1429504386,29.181671
2009-12-08,0.0,0.13960723800000002,29.4543274
2009-12-09,0.0,0.136595152,29.607061700000003
2009-12-10,0.0,0.1341552738,29.9449769
2009-12-11,0.0,0.1317443841,30.477764999999998
2009-12-12,0.0,0.1294708256,30.1561828
2009-12-13,0.0,0.1276641845,30.417657400000003
2009-12-14,0.0,0.1260665899,30.725226
2009-12-15,0.0,0.12478485210000001,31.048223999999998
2009-12-16,0.0,0.123731996,29.975787500000003
2009-12-17,0.0,0.12297515749999999,29.9344056
2009-12-18,0.0,0.1222152705,30.087579499999997
2009-12-19,0.0,0.12267608700000002,30.953033499999997
2009-12-20,0.0,0.1227050766,31.242584299999997
2009-12-21,0.0,0.1212615981,31.2470278
2009-12-22,0.0,0.1200927726,31.3669982
2009-12-23,0.0,0.11917724599999999,30.853155500000003
2009-12-24,0.0,0.1184249875,30.4839906
2009-12-25,0.0,0.11784973139999999,29.6867248
2009-12-26,0.0,0.11749267560000001,29.038922000000003
2009-12-27,0.0,0.117243956,28.2110902
2009-12-28,0.0,0.1169509892,28.3616029
2009-12-29,0.0,0.11666565,28.0563538
2009-12-30,0.0,0.1163192751,28.553033499999998
2009-12-31,0.0,0.1159881591,29.773199499999997
2010-01-01,0.0,0.1156463625,30.7637024
2010-01-02,0.0,0.115405274,31.261236299999997
2010-01-03,0.0,0.11530914349999999,30.7714174
2010-01-04,0.0,0.11515197939999999,29.5058412
2010-01-05,0.0,0.115019226,30.048150600000003
2010-01-06,0.0,0.1147888185,31.742827899999998
2010-01-07,0.0,0.11460266109999999,31.6283751
2010-01-08,0.0,0.114428712,31.638531399999998
2010-01-09,0.0,0.1142974849,31.885821399999998
2010-01-10,0.0,0.11417083759999999,31.371466199999997
2010-01-11,0.0,0.1141143805,30.827911399999998
2010-01-12,0.0,0.11435852129999999,29.538165299999996
2010-01-13,0.0,0.1142242429,29.0312073
2010-01-14,0.0,0.1139953614,30.994244300000002
2010-01-15,0.0,0.1138366706,32.5912659
2010-01-16,0.0,0.1137283318,32.5657534
2010-01-17,0.0,0.11364288339999999,30.8889954
2010-01-18,0.0,0.1135971069,30.457037300000003
2010-01-19,0.0,0.11348877040000001,32.091900700000004
2010-01-20,0.0,0.1134063733,32.0571839
2010-01-21,0.0,0.1132949829,32.6957582
2010-01-22,0.0,0.11322021419999999,31.761920399999997
2010-01-23,0.0,0.1131805411,31.459893799999996
2010-01-24,0.0,0.113171387,31.261724800000003
2010-01-25,0.0,0.1131088244,32.498785299999994
2010-01-26,0.0,0.11301574699999999,32.9589906
2010-01-27,0.0,0.11295623689999998,32.727716199999996
2010-01-28,0.0,0.1129348752,32.4200741
2010-01-29,0.0,0.11287994450000001,32.5786929
2010-01-30,0.0,0.1128311153,33.1960509
2010-01-31,0.0,0.11281433069999999,32.337921
2010-02-01,0.0,0.11283264070000001,31.571954599999998
2010-02-02,0.0,0.1128295887,31.5544738
2010-02-03,0.0,0.11284637480000001,30.7835752
2010-02-04,0.0,0.1128295896,31.2346006
2010-02-05,0.0,0.11275787290000001,32.6481993
2010-02-06,0.0,0.1127151485,33.3121155
2010-02-07,0.0,0.11267242340000001,33.1527162
2010-02-08,0.0,0.11269531159999999,31.4566469
2010-02-09,0.0,0.1138442985,31.402521
2010-02-10,0.0,0.11354064959999999,30.393463099999998
2010-02-11,0.0,0.1133331296,30.696637199999998
2010-02-12,0.0,0.113136291,32.0105044
2010-02-13,0.0,0.1130050664,31.6464905
2010-02-14,0.0,0.11288604719999999,31.3981262
2010-02-15,0.0,0.1146484368,32.2174616
2010-02-16,0.0,0.11405487080000001,32.2638004
2010-02-17,0.0,0.11361389200000001,32.805694900000006
2010-02-18,0.0,0.1133682256,32.562432799999996
2010-02-19,0.0,0.11321563720000001,32.382867399999995
2010-02-20,0.0,0.11309356740000001,33.1332582
2010-02-21,0.0,0.11421814020000001,32.0151917
2010-02-22,0.0,0.114205933,32.5675843
2010-02-23,0.0,0.113819885,32.272686799999995
2010-02-24,0.0,0.1135482779,31.144220100000002
2010-02-25,0.0,0.1133880612,31.776886
2010-02-26,0.0,0.11317596540000001,33.567535199999995
2010-02-27,0.0,0.1129989629,35.8552308
2010-02-28,0.0,0.11286773669999998,36.4797913
2010-03-01,0.0,0.1128158556,35.5079648
2010-03-02,0.0,0.1127746583,34.298150699999994
2010-03-03,0.0,0.11271057129999999,33.293219
2010-03-04,0.0,0.11268768209999999,33.3045227
2010-03-05,0.0,0.11284637360000001,32.788018699999995
2010-03-06,0.0,0.112919616,32.6713437
2010-03-07,0.0,0.11282806199999999,32.840191700000005
2010-03-08,0.0,0.11270752020000001,34.5599673
2010-03-09,0.0,0.11263275180000001,36.0528378
2010-03-10,0.0,0.11256408659999999,36.8158754
2010-03-11,0.0,0.113017273,35.288824
2010-03-12,0.0,0.1127929692,37.9684146
2010-03-13,0.0,0.1126525872,37.6508848
2010-03-14,0.0,0.11259307830000001,35.1822814
2010-03-15,0.0,0.1125320438,34.4773493
2010-03-16,0.0,0.11249542189999999,35.0255432
2010-03-17,0.0,0.1124450686,35.0263731
2010-03-18,0.0,0.11240692160000001,37.5086
2010-03-19,0.0,0.11233062760000001,35.464727800000006
2010-03-20,0.0,0.11221160970000002,35.1400207
2010-03-21,0.0,0.1120941159,36.1494936
2010-03-22,0.0,0.11206512530000001,36.9178772
2010-03-23,0.0,0.1120559696,35.6558653
2010-03-24,0.0,0.1120178221,35.5845763
2010-03-25,0.0,0.11199340769999999,35.6033263
2010-03-26,0.0,0.11198577940000001,34.684234700000005
2010-03-27,0.0,0.1119293213,35.624176
2010-03-28,0.0,0.1119155875,35.2094541
2010-03-29,0.0,0.11190795810000001,36.370221
2010-03-30,0.0,0.1118942265,35.2551821
2010-03-31,0.0,0.1119049076,34.5231995
2010-04-01,0.0,0.11220550659999999,34.5546448
2010-04-02,0.0,0.112245178,35.3927066
2010-04-03,0.0,0.11197204549999999,37.1031312
2010-04-04,0.0,0.1118728635,37.523639100000004
2010-04-05,0.0,0.1117828377,37.398443099999994
2010-04-06,0.0,0.1117492676,37.7842347
2010-04-07,0.0,0.1117156984,36.5261782
2010-04-08,0.0,0.1117355346,36.828155300000006
2010-04-09,0.0,0.1118865963,32.012213200000005
2010-04-10,0.0,0.11180419960000001,36.7551087
2010-04-11,0.0,0.111689759,37.0375057
2010-04-12,0.0,0.11163940450000001,36.850299
2010-04-13,0.0,0.11153106640000002,36.126031499999996
2010-04-14,0.0,0.11149597110000001,36.406939699999995
2010-04-15,0.0,0.1115081788,36.3424383
2010-04-16,0.0,0.1114883431,37.6293519
2010-04-17,0.0,0.111485291,37.2258855
2010-04-18,0.0,0.11143799000000001,35.9937073
2010-04-19,0.0,0.1116821297,35.8520574
2010-04-20,0.0,0.11163177449999999,36.4235661
2010-04-21,0.0,0.1115829457,36.5215392
2010-04-22,0.0,0.11152038420000002,36.4345029
2010-04-23,0.0,0.1132278447,38.5267153
2010-04-24,0.0,0.11281280499999999,37.9458069
2010-04-25,0.0,0.112379457,37.2227114
2010-04-26,0.0,0.1120407111,38.0618226
2010-04-27,0.0,0.1117706294,37.688507200000004
2010-04-28,0.0,0.11160430969999999,37.7750792
2010-04-29,0.0,0.1114913947,38.1488344
2010-04-30,0.18438944220542908,0.11209411620000001,37.4378725
2010-05-01,0.0,0.1138305661,37.0115301
2010-05-02,0.0,0.11305542040000001,37.3572329
2010-05-03,0.0,0.1129074078,37.5843565
2010-05-04,0.0,0.1126525876,36.2226623
2010-05-05,0.0,0.112481689,36.8316466
2010-05-06,0.0,0.1126510623,37.1054507
2010-05-07,0.0,0.1125305161,37.4509582
2010-05-08,0.0,0.1126968394,38.5298161
2010-05-09,0.0,0.1123931882,39.5747133
2010-05-10,0.0,0.1123565683,38.288775799999996
2010-05-11,0.0,0.11216430609999999,38.191412400000004
2010-05-12,0.0,0.1121475217,37.4209777
2010-05-13,0.0,0.112226867,37.1967349
2010-05-14,0.0,0.1123123165,36.689288399999995
2010-05-15,0.0,0.1124618527,37.008429
2010-05-16,0.0,0.11240539539999998,37.377887
2010-05-17,0.0,0.11287536769999999,37.4331114
2010-05-18,0.0,0.1128479,38.4044007
2010-05-19,0.0,0.11276092549999998,37.3779359
2010-05-20,0.0,0.11328735329999999,36.8841613
2010-05-21,0.0,0.11493225110000001,36.7304507
2010-05-22,0.0,0.1168212886,36.34006960000001
2010-05-23,0.0,0.11665801949999999,36.6426086
2010-05-24,0.0,0.1158859267,36.632403599999996
2010-05-25,0.0,0.1154891978,36.7396307
2010-05-26,0.0,0.120225524,34.8789853
2010-05-27,0.0,0.12093505950000001,36.2617486
2010-05-28,0.0,0.12188415560000002,36.3437558
2010-05-29,0.0,0.12097320549999999,36.8512023
2010-05-30,0.0,0.1184432983,37.264386200000004
2010-05-31,0.0,0.11884460589999998,36.943292
2010-06-01,0.13533915579319,0.1237655644,35.3734433
2010-06-02,3.678062215447426,0.14079589939999998,35.078496799999996
2010-06-03,0.0,0.178602599,35.602545199999994
2010-06-04,0.4267171546816826,0.16705017039999998,35.779864599999996
2010-06-05,0.056838791817426675,0.171533204,35.3143617
2010-06-06,0.15865091979503632,0.196784973,32.875579800000004
2010-06-07,5.963331699371338,0.275737,31.0067446
2010-06-08,21.020009994506836,0.264179993,33.712127800000005
2010-06-09,24.40227818489075,0.252365112,33.7002747
2010-06-10,4.372814744710922,0.25599518,33.8209904
2010-06-11,32.29394054412842,0.269071958,33.3752134
2010-06-12,2.1139899492263794,0.29957427999999997,33.1266053
2010-06-13,2.6137199699878693,0.270523069,31.8408506
2010-06-14,3.6182472705841064,0.419190979,26.6068053
2010-06-15,44.32563352584839,0.42386474500000004,27.255603200000003
2010-06-16,67.373215675354,0.41244659300000003,26.064221500000002
2010-06-17,75.39706516265869,0.39318084799999997,27.831427099999996
2010-06-18,1.4946025609970093,0.423857117,28.119525
2010-06-19,56.881961822509766,0.39194793699999997,31.127752700000002
2010-06-20,5.0542928874492645,0.370724488,29.5347109
2010-06-21,2.234961152076721,0.396629331,30.0996216
2010-06-22,3.861383339390158,0.382423399,30.3255493
2010-06-23,76.61476039886475,0.422647093,27.578009099999996
2010-06-24,60.51641845703125,0.41213683999999995,28.461279100000002
2010-06-25,85.65391826629639,0.39754944000000003,28.5008118
2010-06-26,8.11657851934433,0.380038453,31.4056519
2010-06-27,0.0,0.386431884,28.6467953
2010-06-28,12.083374083042145,0.36321106,28.876647900000002
2010-06-29,13.232565999031067,0.35745392000000004,29.522900500000002
2010-06-30,2.2516672760248184,0.36035766599999997,28.2063782
2010-07-01,4.107367366552353,0.36890564000000003,28.925836299999997
2010-07-02,36.20518493652344,0.391419981,27.469940200000003
2010-07-03,0.4558117985725403,0.413607787,25.7275575
2010-07-04,86.39829444885254,0.388648987,27.9452635
2010-07-05,5.604400813579559,0.40361480400000005,28.435192699999998
2010-07-06,37.18535089492798,0.4072464,26.6536559
2010-07-07,27.701100826263428,0.406335447,26.5548158
2010-07-08,64.81209564208984,0.406637574,26.5468385
2010-07-09,62.10249900817871,0.404930113,27.7918642
2010-07-10,15.723061442375183,0.418356324,28.829888900000004
2010-07-11,32.60175275802612,0.39360962,29.0047792
2010-07-12,4.969325810670853,0.380436705,27.4854676
2010-07-13,25.44862461090088,0.382122803,29.3637757
2010-07-14,20.674582719802856,0.378405762,29.0294374
2010-07-15,12.111243605613708,0.378663633,29.104553
2010-07-16,11.205618023872375,0.410891719,27.967694
2010-07-17,53.35518264770508,0.3951416,28.332971099999998
2010-07-18,10.720719814300537,0.426197814,28.5494567
2010-07-19,27.66277027130127,0.41040497,27.5622009
2010-07-20,17.776017904281616,0.404766847,26.4406313
2010-07-21,17.922698616981506,0.40642700200000004,25.665679899999997
2010-07-22,96.14513778686523,0.42074432100000003,25.5815612
2010-07-23,91.9298095703125,0.40610504000000003,26.795257399999997
2010-07-24,46.7874813079834,0.40657195999999995,25.627826
2010-07-25,136.0688934326172,0.400431822,25.091254
2010-07-26,28.710951805114746,0.422813416,24.8521973
2010-07-27,62.57084655761719,0.39846344,26.8348207
2010-07-28,24.430084943771362,0.403765867,27.463476300000004
2010-07-29,16.468056201934814,0.400932309,26.917383100000002
2010-07-30,36.75146770477295,0.4062438970000001,26.276867600000003
2010-07-31,33.515869140625,0.407426452,25.3059506
2010-08-01,93.25898265838623,0.410125733,25.3782777
2010-08-02,27.943750619888306,0.41976928999999996,26.6305725
2010-08-03,40.716774463653564,0.419657898,27.0500426
2010-08-04,28.935438156127933,0.388531494,27.3644774
2010-08-05,4.050044238567352,0.379057314,29.001776200000002
2010-08-06,3.0405676141381264,0.381222536,26.981939699999998
2010-08-07,3.165743410587311,0.411268616,24.8949646
2010-08-08,47.477179527282715,0.390580749,27.290575999999998
2010-08-09,4.127494186162949,0.399656679,28.3196838
2010-08-10,11.986729979515076,0.389767455,28.7881468
2010-08-11,2.4669560492038727,0.39100647,28.8397403
2010-08-12,19.566733717918396,0.37682037199999996,28.0526245
2010-08-13,10.517901420593262,0.378157042,27.719122399999996
2010-08-14,8.161384344100952,0.37419739,27.9127075
2010-08-15,9.091246128082275,0.368670654,29.6944214
2010-08-16,8.976309418678284,0.37089385999999996,28.4604984
2010-08-17,46.63897519558668,0.390954589,26.917645
2010-08-18,69.12050580978394,0.403710938,25.601971300000002
2010-08-19,53.450995445251465,0.392169189,27.5186035
2010-08-20,22.904768109321594,0.383903501,28.0929686
2010-08-21,21.49893856048584,0.405439756,27.047155600000004
2010-08-22,11.17844557762146,0.39099579100000004,28.1553404
2010-08-23,4.884450972080231,0.38789977800000003,28.483831700000003
2010-08-24,8.902733206748962,0.380140684,28.8443114
2010-08-25,21.51353693008423,0.38795624100000003,29.091729500000003
2010-08-26,35.1726450920105,0.390081785,27.5248961
2010-08-27,13.023395657539368,0.399600218,27.3575258
2010-08-28,35.64772379398346,0.402836608,27.688189899999998
2010-08-29,70.73975801467896,0.42135315,25.3048401
2010-08-30,123.0738410949707,0.40348052799999995,25.21015
2010-08-31,125.75265121459961,0.41862335,25.028375099999998
2010-09-01,111.72232246398926,0.409735109,26.492364600000002
2010-09-02,12.359359741210938,0.38236084,28.365612899999995
2010-09-03,5.371463775634766,0.384585572,28.4520263
2010-09-04,1.9804133027791977,0.401632691,25.7190858
2010-09-05,22.25987136363983,0.40497894199999995,25.7985839
2010-09-06,20.92171597480774,0.414079289,26.3567932
2010-09-07,21.104358911514282,0.40942993000000005,25.7092041
2010-09-08,30.151652336120605,0.412866211,25.4493226
2010-09-09,59.01656436920166,0.389753723,26.6584655
2010-09-10,9.308581352233887,0.375271606,28.1197693
2010-09-11,1.1011087000370026,0.370147706,27.6204163
2010-09-12,1.0981672704219818,0.365948488,28.5047913
2010-09-13,0.4913599044084549,0.364465333,28.12287
2010-09-14,0.8398565873503684,0.376841736,28.469317699999998
2010-09-15,2.0442938059568405,0.36772155500000003,28.941460999999997
2010-09-16,6.726185783743858,0.390333554,28.308398699999998
2010-09-17,30.946290254592896,0.37218323,29.121636799999997
2010-09-18,17.835678100585938,0.385333249,27.881176800000002
2010-09-19,20.64433252811432,0.362371827,29.087066800000002
2010-09-20,9.223432660102844,0.376737974,28.122985900000003
2010-09-21,0.028419395908713323,0.372120665,27.7519105
2010-09-22,0.0,0.35351867400000003,29.0723814
2010-09-23,0.0,0.342074586,28.9940919
2010-09-24,0.0,0.33863525299999997,29.4612977
2010-09-25,0.09737903624773026,0.33818054399999997,29.790600599999998
2010-09-26,0.0,0.326678466,30.128710599999998
2010-09-27,0.04714083671569823,0.324830628,31.471191499999996
2010-09-28,19.55558294057846,0.36297759900000004,30.309356700000002
2010-09-29,1.433631882071495,0.363311767,30.339770499999997
2010-09-30,3.458424746990204,0.35922698999999997,30.8382568
2010-10-01,2.0910783912986517,0.339564517,31.5012085
2010-10-02,0.0,0.316426087,31.628643699999998
2010-10-03,0.0,0.300056459,31.380566299999998
2010-10-04,0.09888989478349686,0.316833495,30.422351099999997
2010-10-05,5.277101665735245,0.347775267,29.544964600000004
2010-10-06,5.326249036937952,0.324983214,30.7073057
2010-10-07,0.0,0.302755739,31.2090756
2010-10-08,0.0,0.28562469300000004,30.9854922
2010-10-09,0.0,0.27514801,29.5789919
2010-10-10,0.0,0.274781797,29.0800599
2010-10-11,2.663615345954895,0.285514834,28.453582599999997
2010-10-12,13.408309251070023,0.30491180399999995,28.1539063
2010-10-13,0.2462845295667648,0.291848755,28.9565063
2010-10-14,0.8253362886607647,0.28647461,28.625262600000003
2010-10-15,0.18079279176890845,0.301290894,28.518390099999998
2010-10-16,0.0,0.305589297,28.7778687
2010-10-17,0.0,0.309887696,29.383587799999997
2010-10-18,0.0,0.40338134800000003,27.590527400000003
2010-10-19,3.710360426455736,0.391618349,28.0828672
2010-10-20,15.387004852294922,0.393028259,27.7118469
2010-10-21,3.1994359605014324,0.404730226,26.998925800000002
2010-10-22,8.427035719156265,0.389498903,27.6156983
2010-10-23,8.445019870996475,0.370570375,28.3675416
2010-10-24,1.5627807527780533,0.34722595199999995,28.071936
2010-10-25,0.0,0.36065520900000003,27.5574097
2010-10-26,0.11615041643381117,0.336372373,30.3475708
2010-10-27,0.0,0.319299316,29.909045400000004
2010-10-28,0.0,0.301870727,29.918524100000003
2010-10-29,0.0,0.287623596,29.5022767
2010-10-30,0.0,0.272993469,29.2999817
2010-10-31,0.0,0.25727539,29.2006715
2010-11-01,0.0,0.24344330000000003,28.6945069
2010-11-02,0.0,0.23031005599999999,28.5487245
2010-11-03,0.0,0.219563293,29.1610657
2010-11-04,5.163349043577909,0.212913511,29.793084800000003
2010-11-05,6.8641504645347595,0.25737152,28.8455444
2010-11-06,0.11172875016927718,0.24911499099999998,29.5523438
2010-11-07,0.16148528456687927,0.23936462500000003,29.115252700000003
2010-11-08,0.0,0.231248473,27.9672057
2010-11-09,0.0,0.282872009,26.3578919
2010-11-10,4.352924153208733,0.275315857,28.9712892
2010-11-11,0.04395705834031105,0.294943238,28.1793699
2010-11-12,0.0,0.305410766,28.395538199999997
2010-11-13,0.0,0.31043090900000003,28.814770499999998
2010-11-14,8.553082585334778,0.292526245,30.0274049
2010-11-15,10.107289776206017,0.289987182,29.23678
2010-11-16,12.930407047271729,0.313343811,29.344238400000002
2010-11-17,0.0,0.2957077,29.895410199999997
2010-11-18,0.5462310314178467,0.273614503,30.020153800000003
2010-11-19,0.0,0.278874203,29.6010132
2010-11-20,0.027650406584143625,0.265528868,28.5914731
2010-11-21,3.4456260204315186,0.268594361,28.551263499999997
2010-11-22,19.219841718673706,0.27030792400000003,27.651886
2010-11-23,0.22296779602766037,0.295677187,27.7776735
2010-11-24,7.303466737270355,0.32305298,27.2051207
2010-11-25,0.26102832704782486,0.29094238099999997,28.718676900000002
2010-11-26,0.0,0.27104949899999997,28.8032349
2010-11-27,0.0,0.255484008,28.8616273
2010-11-28,0.0,0.23823394699999997,29.151995799999998
2010-11-29,0.0,0.22469635000000002,29.616742
2010-11-30,0.0,0.212811279,29.7475525
2010-12-01,0.0,0.20312805100000003,29.800579900000002
2010-12-02,0.0,0.19421539399999999,29.632440100000004
2010-12-03,0.0,0.185829161,29.8672302
2010-12-04,0.0,0.17901153600000003,29.529254100000003
2010-12-05,0.0,0.173513793,29.660089199999998
2010-12-06,0.0,0.166172791,28.9210265
2010-12-07,0.0,0.1595672605,27.749347
2010-12-08,0.0,0.1538787849,28.4561828
2010-12-09,0.0,0.1500854494,27.6867004
2010-12-10,0.0,0.146780395,26.696246600000002
2010-12-11,0.0,0.14405059739999998,25.6238097
2010-12-12,0.0,0.143348694,24.8986387
2010-12-13,0.0,0.140390016,25.4376037
2010-12-14,0.0,0.1374282845,27.5232482
2010-12-15,0.0,0.134371949,28.866339099999998
2010-12-16,0.0,0.1318099966,28.703594900000002
2010-12-17,0.0,0.12975921640000002,28.8034972
2010-12-18,0.0,0.12775878999999998,28.4263978
2010-12-19,0.0,0.1261199955,28.3114809
2010-12-20,0.0,0.12465972839999999,28.184039300000002
2010-12-21,0.0,0.1234268189,28.4253723
2010-12-22,0.0,0.1226654053,27.0896545
2010-12-23,0.0,0.12203826840000001,26.848687899999998
2010-12-24,0.0,0.1215621935,27.2958312
2010-12-25,0.0,0.120974732,28.4028869
2010-12-26,0.0,0.1205139156,27.660674999999998
2010-12-27,0.0,0.1201019275,28.1227354
2010-12-28,0.0,0.119665527,28.357721199999997
2010-12-29,0.0,0.119218445,28.4562563
2010-12-30,0.0,0.1188156115,28.162847699999997
2010-12-31,0.0,0.118309021,26.8401183
2011-01-01,0.0,0.1177001965,27.992730899999998
2011-01-02,0.0,0.1172622686,28.923834
2011-01-03,0.0,0.11686859109999999,29.760919
2011-01-04,0.0,0.1165344245,30.5733949
2011-01-05,0.0,0.11615447949999999,30.7714418
2011-01-06,0.0,0.1157989508,29.480401699999998
2011-01-07,0.0,0.11550903400000001,29.131426899999997
2011-01-08,0.0,0.115286255,29.038336199999996
2011-01-09,0.0,0.1150848385,29.6943422
2011-01-10,0.0,0.1148559584,30.087945400000002
2011-01-11,0.0,0.114733887,29.4013736
2011-01-12,0.0,0.1145980845,29.9026673
2011-01-13,0.0,0.114524841,29.4591859
2011-01-14,0.0,0.11445464999999999,29.442974900000003
2011-01-15,0.0,0.114343261,29.372051899999995
2011-01-16,0.0,0.1142395016,29.4877748
2011-01-17,0.0,0.11412048289999999,29.9970521
2011-01-18,0.0,0.11403350999999999,29.965997599999998
2011-01-19,0.0,0.113922119,30.324590999999998
2011-01-20,0.0,0.11380310099999999,31.2262998
2011-01-21,0.0,0.113650513,31.512969700000003
2011-01-22,0.0,0.1135665884,30.9629212
2011-01-23,0.0,0.11349182199999999,31.3257876
2011-01-24,0.0,0.1134185799,31.203399400000002
2011-01-25,0.0,0.11336517399999999,30.8914124
2011-01-26,0.0,0.11327362199999999,31.5345277
2011-01-27,0.0,0.1131851196,31.0796451
2011-01-28,0.0,0.11318664599999999,30.114703099999996
2011-01-29,0.0,0.1131408685,29.869927999999998
2011-01-30,0.0,0.1130844119,30.8937071
2011-01-31,0.0,0.11299896229999999,31.6312561
2011-02-01,0.0,0.1129470816,32.0243227
2011-02-02,0.0,0.1128463747,33.4101623
2011-02-03,0.0,0.11277465849999999,33.472272
2011-02-04,0.0,0.1127304071,32.9718324
2011-02-05,0.0,0.11269988959999999,32.8737366
2011-02-06,0.0,0.11264953549999998,32.8560119
2011-02-07,0.0,0.11260375869999999,31.6436827
2011-02-08,0.0,0.11256561299999998,31.5829165
2011-02-09,0.0,0.1125732421,30.8427552
2011-02-10,0.0,0.11253509610000001,32.409186
2011-02-11,0.0,0.11249084410000001,32.8252499
2011-02-12,0.0,0.1124496456,33.1696839
2011-02-13,0.0,0.1124420159,31.500543
2011-02-14,0.0,0.11242980920000001,31.193121400000003
2011-02-15,0.0,0.112364197,30.8319394
2011-02-16,0.0,0.1174163819,29.524542200000003
2011-02-17,0.0,0.11590881289999999,30.5891174
2011-02-18,0.0,0.1151062013,30.4949281
2011-02-19,0.0,0.11455078160000001,30.763018799999998
2011-02-20,0.0,0.11417236319999999,30.3340392
2011-02-21,0.0,0.1137756349,32.409674100000004
2011-02-22,0.0,0.1134780876,34.1496153
2011-02-23,0.0,0.11332397450000001,32.607378999999995
2011-02-24,0.0,0.11319579989999999,32.2160218
2011-02-25,0.0,0.1130615247,32.3632875
2011-02-26,0.0,0.1129714962,33.423736500000004
2011-02-27,0.0,0.1128601056,35.3214415
2011-02-28,0.0,0.11278228809999999,34.641314699999995
2011-03-01,0.0,0.1127807617,34.9553286
2011-03-02,0.0,0.11270904609999999,35.1435608
2011-03-03,0.0,0.1126770014,34.084820300000004
2011-03-04,0.0,0.11272582950000001,33.412652800000004
2011-03-05,0.0,0.1126678453,34.6628481
2011-03-06,0.0,0.1125930796,36.6020078
2011-03-07,0.0,0.11248474230000001,37.5771059
2011-03-08,0.0,0.1124328614,36.1975646
2011-03-09,0.0,0.1124465949,33.9227603
2011-03-10,0.0,0.11239318890000001,34.024859400000004
2011-03-11,0.0,0.11233520599999999,35.496539
2011-03-12,0.0,0.1122940061,36.050006
2011-03-13,0.0,0.11225585899999999,36.1516665
2011-03-14,0.0,0.11221466150000001,35.5684626
2011-03-15,0.0,0.11215362469999998,37.6334043
2011-03-16,0.0,0.1120712272,39.4596742
2011-03-17,0.0,0.1120391852,35.992730699999996
2011-03-18,0.0,0.11201782279999999,35.1188536
2011-03-19,0.0,0.11202545289999999,35.3402891
2011-03-20,0.0,0.1119827264,34.6429747
2011-03-21,0.0,0.1119400018,34.4682186
2011-03-22,0.0,0.11198425460000001,34.4271057
2011-03-23,0.0,0.11181182869999999,34.2785704
2011-03-24,0.0,0.111791993,34.2647766
2011-03-25,0.0,0.11175537119999998,34.516851700000004
2011-03-26,0.0,0.11167602709999999,35.1777894
2011-03-27,0.0,0.1115798941,37.5967833
2011-03-28,0.0,0.11153411799999999,37.157525400000004
2011-03-29,0.0,0.11149444559999999,36.3630432
2011-03-30,0.0,0.11143035800000001,37.6377014
2011-03-31,0.0,0.11140136689999999,36.0372619
2011-04-01,0.0,0.11131591730000001,34.6191467
2011-04-02,0.0,0.11126556430000001,34.455694400000006
2011-04-03,0.0,0.1114227287,34.0293276
2011-04-04,0.0,0.11120758180000001,34.954254299999995
2011-04-05,0.0,0.11113586500000001,35.122661900000004
2011-04-06,0.0,0.1110153201,35.8812558
2011-04-07,0.0,0.11095733649999999,34.8157044
2011-04-08,0.0,0.1109390268,35.5013734
2011-04-09,0.0,0.110861206,35.058722
2011-04-10,0.0,0.1108642586,35.411626999999996
2011-04-11,0.0,0.1108489982,35.8635316
2011-04-12,0.0,0.110810852,36.848492500000006
2011-04-13,0.0,0.1107971186,36.1713439
2011-04-14,0.0,0.110775757,36.466412000000005
2011-04-15,0.0,0.1107330329,35.9422426
2011-04-16,0.0,0.11069183419999999,36.2585752
2011-04-17,0.0,0.11094207839999999,36.5845761
2011-04-18,0.0,0.11072235059999999,36.6327451
2011-04-19,0.0,0.1106384276,36.3979556
2011-04-20,0.0,0.1105926518,35.957892199999996
2011-04-21,0.0,0.1105361933,36.0230039
2011-04-22,0.0,0.1105499279,35.3853333
2011-04-23,0.0,0.1104278571,36.1632873
2011-04-24,0.0,0.11027221709999999,36.11594839999999
2011-04-25,0.0,0.1102447505,36.6470035
2011-04-26,0.0,0.11020355200000001,36.931305
2011-04-27,0.0,0.1101684576,37.0657779
2011-04-28,0.0,0.1101440427,36.9248599
2011-04-29,0.0,0.1104461662,35.9159973
2011-04-30,0.0,0.1103729255,37.3225153
2011-05-01,0.0,0.11038055440000001,36.3488829
2011-05-02,0.0,0.110865784,36.3442439
2011-05-03,0.0,0.1111663815,35.730426
2011-05-04,0.0,0.11175079299999999,35.9518856
2011-05-05,0.0,0.1116439813,35.7729315
2011-05-06,0.0,0.11240692159999999,35.6854556
2011-05-07,0.0,0.1123580945,35.2538878
2011-05-08,0.0,0.114683533,34.8810366
2011-05-09,0.0,0.11389617860000001,34.930987800000004
2011-05-10,0.0,0.11351776039999999,35.461016799999996
2011-05-11,0.0,0.1131118767,36.0066224
2011-05-12,0.0,0.1130371089,35.5436094
2011-05-13,0.0,0.1129196163,36.148785499999995
2011-05-14,0.0,0.1128250126,36.3342345
2011-05-15,0.0,0.1126586914,36.4953673
2011-05-16,0.0,0.1131195065,34.9629453
2011-05-17,0.0,0.1127593989,36.873468200000005
2011-05-18,0.0,0.11306457439999999,36.3900936
2011-05-19,0.0,0.1131210338,35.8847471
2011-05-20,0.0,0.1131179811,35.402911599999996
2011-05-21,0.0,0.11973571899999999,33.9480284
2011-05-22,0.0,0.1561462404,32.7948062
2011-05-23,0.0,0.1780410755,33.9481387
2011-05-24,0.0,0.172018433,35.1972351
2011-05-25,0.0,0.1562210085,35.8363831
2011-05-26,0.0,0.145561217,35.7658025
2011-05-27,0.0,0.13696746850000002,35.808623999999995
2011-05-28,0.0,0.1308334345,36.1649963
2011-05-29,0.0,0.1292480474,36.4122617
2011-05-30,0.0,0.130105592,36.3059628
2011-05-31,0.06721339374780655,0.1276062016,36.4722966
2011-06-01,0.0,0.141383362,35.114361200000005
2011-06-02,0.0,0.186122131,33.403485
2011-06-03,11.10215675830841,0.244020079,29.608630299999998
2011-06-04,17.29927583038807,0.35755309999999996,27.9245304
2011-06-05,38.35386562347412,0.39672241399999997,29.4433655
2011-06-06,35.0502405166626,0.394735719,31.7015927
2011-06-07,8.30392211675644,0.339385985,30.5462158
2011-06-08,0.0,0.324060058,30.315374600000002
2011-06-09,0.05761148035526275,0.420912169,26.293170299999996
2011-06-10,28.525249183177948,0.420426944,25.480975100000002
2011-06-11,61.572381019592285,0.40385284199999993,26.392620599999997
2011-06-12,107.53630638122559,0.386495974,28.314410700000003
2011-06-13,29.627307891845703,0.388623048,28.837384200000002
2011-06-14,2.9382169991731644,0.389218141,28.9111695
2011-06-15,31.583989143371582,0.386585999,27.3183168
2011-06-16,36.53459024429321,0.40512542900000004,26.6699889
2011-06-17,44.95172357559204,0.385241699,30.0017089
2011-06-18,2.7529680132865906,0.37705688299999995,29.850561499999998
2011-06-19,4.364543527364731,0.380158994,29.465454299999998
2011-06-20,0.7521465569734573,0.38040161299999997,28.489642500000002
2011-06-21,11.99247121810913,0.374572756,29.330865499999998
2011-06-22,3.946755673736334,0.369496154,29.428112999999996
2011-06-23,2.8723123744130135,0.362159728,29.924841400000002
2011-06-24,1.8523665368556976,0.3616333,29.1571106
2011-06-25,0.3373306319117546,0.366784667,28.518109199999998
2011-06-26,3.8440177738666534,0.370133972,28.1538391
2011-06-27,14.536975145339966,0.365530395,29.2980163
2011-06-28,12.649456977844238,0.379740904,28.412194699999997
2011-06-29,27.68799066543579,0.366358949,28.889098999999998
2011-06-30,3.183685541152954,0.364941405,29.2952087
2011-07-01,2.099340695887804,0.359942629,30.0884277
2011-07-02,2.8583094775676727,0.36127624599999997,28.7090454
2011-07-03,27.356621503829956,0.366366577,28.351110799999997
2011-07-04,4.050827976316214,0.373149108,27.928894000000003
2011-07-05,4.942611942067742,0.361489869,28.705901899999997
2011-07-06,2.1487427353858948,0.390794372,25.8983336
2011-07-07,18.970874190330505,0.41424713,25.5316346
2011-07-08,97.07241821289062,0.41740417799999996,25.1903505
2011-07-09,89.94741439819336,0.41015930100000003,25.9925111
2011-07-10,38.246985912323,0.41077117999999996,26.3680724
2011-07-11,18.214073657989502,0.407154845,25.3577333
2011-07-12,56.79241466522217,0.394427492,27.616919000000003
2011-07-13,50.7816948890686,0.40756378,25.756304899999996
2011-07-14,126.0221519470215,0.41366271699999996,25.0188538
2011-07-15,82.486328125,0.40720825200000005,27.6434143
2011-07-16,4.068900976330042,0.40520629999999996,25.729125599999996
2011-07-17,78.91357421875,0.402951049,25.6189513
2011-07-18,56.367414474487305,0.41795196399999995,25.4248412
2011-07-19,48.75482940673828,0.408235171,26.145953400000003
2011-07-20,55.093411445617676,0.398139952,26.465094
2011-07-21,3.5364886820316315,0.38645171899999997,27.2141844
2011-07-22,2.623728945851326,0.382276916,27.558202900000005
2011-07-23,9.333070635795593,0.396109007,26.943811
2011-07-24,11.237315401434898,0.39216156,26.633282400000002
2011-07-25,7.738726049661636,0.394544982,27.995385699999996
2011-07-26,23.351616144180298,0.392747497,27.811548
2011-07-27,28.269235014915466,0.395147706,26.478112699999997
2011-07-28,26.96426916122436,0.420097351,26.221222
2011-07-29,98.43929290771484,0.403306579,26.5886293
2011-07-30,142.80404090881348,0.41957855200000005,25.4655338
2011-07-31,127.11946392059326,0.41848907300000004,25.015088
2011-08-01,71.25599098205566,0.39539489899999997,25.5003848
2011-08-02,25.10830855369568,0.40458679399999997,25.522882
2011-08-03,8.65908682346344,0.395736694,26.8047486
2011-08-04,11.409180760383606,0.39414978,25.8241268
2011-08-05,13.75919759273529,0.39035644399999997,26.3539061
2011-08-06,18.926598072052002,0.395637514,27.332946900000003
2011-08-07,10.302502632141113,0.384133913,28.4215212
2011-08-08,5.164168506860733,0.377394104,28.0232483
2011-08-09,2.5572207123041153,0.379225157,27.5682677
2011-08-10,1.7168065905570984,0.37463684,27.7427796
2011-08-11,1.814442366361618,0.387567141,27.3446042
2011-08-12,14.493198275566101,0.39430694600000005,25.6465637
2011-08-13,12.75144374370575,0.40648651100000005,25.5115967
2011-08-14,14.665110111236572,0.399565127,26.629882700000003
2011-08-15,13.613883972167969,0.389190674,28.699908599999997
2011-08-16,8.622277736663818,0.392971801,28.1622499
2011-08-17,15.191187620162964,0.3825531,28.4923583
2011-08-18,6.675518214702606,0.391941835,27.529040700000003
2011-08-19,36.912864685058594,0.386706546,27.709088100000002
2011-08-20,2.563527524471283,0.389015201,27.948431399999997
2011-08-21,11.555256813764572,0.38086853,27.392382700000002
2011-08-22,23.01960015296936,0.373585512,28.514410500000004
2011-08-23,24.234885931015015,0.39386139,27.099078300000002
2011-08-24,17.562593936920166,0.393177797,25.835254
2011-08-25,28.182071447372437,0.40177154699999995,25.860565200000003
2011-08-26,21.55531072616577,0.403060914,25.352362
2011-08-27,49.801634788513184,0.414668274,24.6477602
2011-08-28,159.33755111694336,0.417395018,25.013751199999998
2011-08-29,177.1273422241211,0.400930785,25.1198731
2011-08-30,73.3437852859497,0.390016175,27.4520568
2011-08-31,3.3535006679594517,0.394129944,27.528790299999997
2011-09-01,6.3914220333099365,0.39235229299999996,27.0236939
2011-09-02,25.90932130813599,0.410293579,26.924780499999997
2011-09-03,42.7947940826416,0.414634706,25.7214537
2011-09-04,40.815260887145996,0.40822601399999997,27.1563966
2011-09-05,24.07984447479248,0.395419312,27.041607699999997
2011-09-06,15.953981637954712,0.407592771,25.6137878
2011-09-07,35.1370632648468,0.389793394,27.6313477
2011-09-08,3.5127675756812096,0.380398564,27.6465332
2011-09-09,0.28747954964637756,0.378056339,26.805609399999998
2011-09-10,3.209255628287792,0.37979126,27.3061461
2011-09-11,5.333840012550354,0.394398499,26.9231381
2011-09-12,36.376166343688965,0.377622986,28.047900600000002
2011-09-13,11.58883011341095,0.372099303,27.9118712
2011-09-14,12.88092416524887,0.39430237,27.440850899999997
2011-09-15,11.450385212898254,0.39053955,26.8915769
2011-09-16,6.90916234254837,0.381433103,28.3240723
2011-09-17,0.21601428091526031,0.386662292,27.2477539
2011-09-18,9.04526737332344,0.367263793,28.348541599999997
2011-09-19,2.8356582075357437,0.355805971,28.4809386
2011-09-20,0.5504752099514008,0.356349183,27.9683474
2011-09-21,8.579157054424286,0.358856201,27.5021487
2011-09-22,6.726184137165546,0.35391388,28.109198
2011-09-23,13.283228784799576,0.343331909,27.976617599999997
2011-09-24,0.7232527136802673,0.33902893500000003,27.9970213
2011-09-25,0.18081317842006683,0.329881291,27.986389099999997
2011-09-26,0.0,0.314906309,28.2342831
2011-09-27,0.0,0.297979736,28.913446099999998
2011-09-28,0.0,0.290734861,28.9400331
2011-09-29,0.0,0.284991454,29.187994200000002
2011-09-30,0.0,0.27684478700000004,28.947937000000003
2011-10-01,1.6378565281629562,0.27244262799999996,29.525811800000003
2011-10-02,0.0,0.279409791,28.555371200000003
2011-10-03,0.06508069485425948,0.276182555,29.0810606
2011-10-04,0.9481334686279297,0.270193483,28.768109300000003
2011-10-05,0.0,0.257249452,29.334588500000002
2011-10-06,3.0386544167995453,0.24526825,29.9552428
2011-10-07,0.0,0.229945374,30.772967599999998
2011-10-08,0.02863550558686255,0.21754913299999998,31.2014588
2011-10-09,0.0,0.20655212499999998,31.2241395
2011-10-10,0.0,0.194950868,32.0888119
2011-10-11,0.0,0.188752746,30.680499200000003
2011-10-12,0.5712614357471466,0.192599485,30.096295199999997
2011-10-13,34.7404088973999,0.19260559100000002,30.6620237
2011-10-14,12.393202066421509,0.290219118,31.0185363
2011-10-15,16.05555284023285,0.293815614,30.3740845
2011-10-16,4.870386004447937,0.305522156,30.5979983
2011-10-17,21.558673858642578,0.293566896,30.8979918
2011-10-18,0.4422562662512064,0.28117523,31.0414003
2011-10-19,0.0,0.261967469,30.707464299999998
2011-10-20,0.0,0.243266296,31.0453429
2011-10-21,0.0,0.22692566000000003,30.6222352
2011-10-22,0.0,0.210502623,31.728594800000003
2011-10-23,0.0,0.1954177875,31.458429000000002
2011-10-24,0.0,0.18213348499999998,31.1936093
2011-10-25,0.0,0.1706909174,31.469415500000004
2011-10-26,0.0,0.1616577154,31.4125791
2011-10-27,0.0,0.15442962600000001,32.3033511
2011-10-28,0.0,0.1481933605,32.707013
2011-10-29,0.0,0.1453384405,31.9207583
2011-10-30,0.0,0.140829468,32.127667599999995
2011-10-31,0.0,0.13632354659999998,32.6179749
2011-11-01,0.0,0.1326583855,32.403839
2011-11-02,0.0,0.1296524046,32.4513733
2011-11-03,0.0,0.1272735593,32.504058900000004
2011-11-04,0.0,0.125166322,33.0221246
2011-11-05,0.0,0.1232772825,33.4594298
2011-11-06,0.0,0.121836853,33.4497862
2011-11-07,0.0,0.1208557124,32.7070128
2011-11-08,0.0,0.11998901499999999,32.9390686
2011-11-09,0.0,0.11903686449999999,33.0883608
2011-11-10,0.0,0.11804046559999999,32.7213195
2011-11-11,0.0,0.1174591065,32.4153871
2011-11-12,0.0,0.11677703799999999,32.360675
2011-11-13,0.0,0.11622161859999999,32.9389462
2011-11-14,0.0,0.11587066580000001,33.0951965
2011-11-15,0.0,0.1154861455,33.312237499999995
2011-11-16,0.0,0.1151382441,32.3849426
2011-11-17,0.0,0.1148406988,32.2006897
2011-11-18,0.0,0.11458129859999999,32.2110657
2011-11-19,0.0,0.1143768321,32.4546937
2011-11-20,0.0,0.1141860957,32.7880678
2011-11-21,0.0,0.1139907845,32.9049623
2011-11-22,0.0,0.1138458265,32.3099914
2011-11-23,0.0,0.11373901289999999,31.9362363
2011-11-24,0.0,0.11362915039999999,31.8187072
2011-11-25,0.0,0.11354370220000001,32.1871886
2011-11-26,0.0,0.1134613024,32.0370913
2011-11-27,0.0,0.1133697518,33.3557434
2011-11-28,0.0,0.11767120360000001,30.3353089
2011-11-29,0.0,0.129759216,31.2867006
2011-11-30,0.0,0.1253921519,32.1186826
2011-12-01,0.0,0.122460937,32.5043762
2011-12-02,0.0,0.1201431284,31.7797177
2011-12-03,0.0,0.11819458009999999,32.350543099999996
2011-12-04,0.0,0.1169967655,31.5428771
2011-12-05,0.0,0.116267396,32.062237599999996
2011-12-06,0.0,0.1156295781,32.30164190000001
2011-12-07,0.0,0.11506805500000002,31.931011899999998
2011-12-08,0.0,0.11464996300000001,31.922393399999997
2011-12-09,0.0,0.11433105569999999,31.7622863
2011-12-10,0.0,0.11403656039999999,31.8230285
2011-12-11,0.0,0.1138290399,30.8206117
2011-12-12,0.0,0.11365661600000002,31.1646057
2011-12-13,0.0,0.113546754,32.6045469
2011-12-14,0.0,0.11343536359999999,31.5225405
2011-12-15,0.0,0.11335601879999999,30.8042053
2011-12-16,0.0,0.1132522587,31.7225652
2011-12-17,0.0,0.11319274799999998,31.0599918
2011-12-18,0.0,0.11312561039999999,31.7779605
2011-12-19,0.0,0.1130828858,30.871783399999998
2011-12-20,0.0,0.11304016189999999,31.3342589
2011-12-21,0.0,0.1130035404,31.2058409
2011-12-22,0.0,0.11297607410000002,30.8993468
2011-12-23,0.0,0.1129364012,31.3158754
2011-12-24,0.0,0.11291656450000001,30.8974914
2011-12-25,0.0,0.11287078889999999,30.6979064
2011-12-26,0.0,0.11287078880000001,29.690533499999997
2011-12-27,0.0,0.11284332319999998,28.4802797
2011-12-28,0.0,0.11284179600000002,28.8262267
2011-12-29,0.0,0.11282043559999999,30.0306701
2011-12-30,0.0,0.11279602,30.032257300000005
2011-12-31,0.0,0.1127960213,29.502105699999998
2012-01-01,0.0,0.1127990716,28.4858947
2012-01-02,0.0,0.11278533900000001,29.183502299999997
2012-01-03,0.0,0.11277923539999998,29.761724800000003
2012-01-04,0.0,0.1127090452,29.499395900000003
2012-01-05,0.0,0.11273040810000001,30.152643
2012-01-06,0.0,0.1127365119,29.8280334
2012-01-07,0.0,0.112619018,29.290045099999997
2012-01-08,0.0,0.112593078,28.490533399999997
2012-01-09,0.0,0.1125778191,27.6291807
2012-01-10,0.0,0.1125625611,28.8530823
2012-01-11,0.0,0.1125167848,29.4246644
2012-01-12,0.0,0.1125045781,29.9205629
2012-01-13,0.0,0.1124694822,30.561309899999998
2012-01-14,0.0,0.1124435412,30.7110901
2012-01-15,0.0,0.11242980949999999,29.7430481
2012-01-16,0.0,0.1124420159,29.1214905
2012-01-17,0.0,0.1124084455,28.6307188
2012-01-18,0.0,0.1124374386,27.1171202
2012-01-19,0.0,0.1125000003,27.103985599999998
2012-01-20,0.0,0.11246032710000001,28.6591859
2012-01-21,0.0,0.1124176031,29.565679799999998
2012-01-22,0.0,0.1124069214,28.312994500000002
2012-01-23,0.0,0.11233520589999998,29.584893799999996
2012-01-24,0.0,0.11229553290000001,31.0567445
2012-01-25,0.0,0.1123077391,29.3748352
2012-01-26,0.0,0.11228485070000001,29.732086099999997
2012-01-27,0.0,0.1122604355,29.233062699999998
2012-01-28,0.0,0.1122451763,28.509430199999997
2012-01-29,0.0,0.1122161876,27.8380433
2012-01-30,0.0,0.11217193569999999,29.620782400000003
2012-01-31,0.0,0.1121398928,31.5324769
2012-02-01,0.0,0.11209411570000001,32.381109200000004
2012-02-02,0.0,0.11203003019999999,33.0195373
2012-02-03,0.0,0.1119934082,32.5833553
2012-02-04,0.0,0.11198883100000001,30.997760399999997
2012-02-05,0.0,0.11197967579999998,31.3172181
2012-02-06,0.0,0.1119888299,30.1356996
2012-02-07,0.0,0.1120010377,28.5927794
2012-02-08,0.0,0.1119934073,27.0127258
2012-02-09,0.0,0.1119522097,29.4097962
2012-02-10,0.0,0.11191711419999999,30.8033998
2012-02-11,0.0,0.1118850713,30.9002747
2012-02-12,0.0,0.1118911741,30.1938784
2012-02-13,0.0,0.11180114699999999,30.5070374
2012-02-14,0.0,0.11175842279999999,31.101129099999998
2012-02-15,0.0,0.1117401115,30.759673900000003
2012-02-16,0.0,0.11170959490000001,29.7041565
2012-02-17,0.0,0.11164703220000001,32.4346742
2012-02-18,0.0,0.11159362689999999,33.8697809
2012-02-19,0.0,0.1115554806,33.8946356
2012-02-20,0.0,0.1114974988,34.6561585
2012-02-21,0.0,0.1114364629,35.4888731
2012-02-22,0.0,0.11141815159999999,34.5645082
2012-02-23,0.0,0.11138153170000001,34.109625
2012-02-24,0.0,0.11138763520000002,33.3282287
2012-02-25,0.0,0.111335754,34.015972999999995
2012-02-26,0.0,0.111282349,34.7540098
2012-02-27,0.0,0.11125488319999999,34.387262199999995
2012-02-28,0.0,0.11124572790000001,32.9390197
2012-02-29,0.0,0.1112442021,31.7286683
2012-03-01,0.0,0.1112411503,30.996026699999998
2012-03-02,0.0,0.111201477,30.6126528
2012-03-03,0.0,0.1110778818,31.531255800000004
2012-03-04,0.0,0.1109802245,33.3532286
2012-03-05,0.0,0.1109313964,35.1669982
2012-03-06,0.0,0.1108886729,32.0717348
2012-03-07,0.0,0.1109298702,30.993682999999997
2012-03-08,0.0,0.11088256960000001,30.8425597
2012-03-09,0.0,0.11080322199999999,31.700055
2012-03-10,0.0,0.1107559199,33.228912300000005
2012-03-11,0.0,0.110739137,32.033599800000005
2012-03-12,0.0,0.1106674191,32.3011781
2012-03-13,0.0,0.11061554,34.6896547
2012-03-14,0.0,0.110534668,35.6014221
2012-03-15,0.0,0.11049957340000001,35.2399473
2012-03-16,0.0,0.1104614258,34.8697812
2012-03-17,0.0,0.110423279,35.0429263
2012-03-18,0.0,0.110391236,36.1419496
2012-03-19,0.0,0.11033477729999999,35.55962530000001
2012-03-20,0.0,0.11026916490000001,35.9945855
2012-03-21,0.0,0.1102203369,35.9661197
2012-03-22,0.0,0.1101821905,35.967096000000005
2012-03-23,0.0,0.1101318371,36.5148986
2012-03-24,0.0,0.1100738526,37.7101138
2012-03-25,0.0,0.1100234984,37.5307189
2012-03-26,0.0,0.10995941140000001,36.1434634
2012-03-27,0.0,0.10991210900000001,34.3621641
2012-03-28,0.0,0.10978393609999999,36.6166078
2012-03-29,0.0,0.1096969605,35.7261782
2012-03-30,0.0,0.10940399140000001,34.2765684
2012-03-31,0.0,0.10937652440000001,34.6840388
2012-04-01,0.0,0.1093551623,36.903473
2012-04-02,0.0,0.1093353268,35.810357800000006
2012-04-03,0.0,0.1092880254,35.447125500000006
2012-04-04,0.0,0.10917968689999999,35.289703200000005
2012-04-05,0.0,0.109231567,35.2100158
2012-04-06,0.0,0.1092163078,35.392193500000005
2012-04-07,0.0,0.10916442870000001,34.8357485
2012-04-08,0.0,0.1091415413,35.0535462
2012-04-09,0.0,0.10900726229999999,35.2770323
2012-04-10,0.0,0.1090698253,35.402057
2012-04-11,0.0,0.10909576410000002,35.3330629
2012-04-12,0.0,0.1090042117,34.2956356
2012-04-13,0.0,0.10897979669999999,34.699444299999996
2012-04-14,0.0,0.1088928223,34.2698793
2012-04-15,0.0,0.1088378904,37.5640687
2012-04-16,0.0,0.1096740716,36.4506168
2012-04-17,0.0,0.10938415509999999,36.1631897
2012-04-18,0.0,0.10922088640000001,34.3204897
2012-04-19,0.0,0.10911865139999999,35.5835512
2012-04-20,0.0,0.109054566,38.118170299999996
2012-04-21,0.0,0.1091201776,37.3787174
2012-04-22,0.0,0.10898437450000001,36.522222799999994
2012-04-23,0.0,0.1088699335,35.29475720000001
2012-04-24,0.0,0.1095108042,34.9530823
2012-04-25,0.0,0.1093658445,35.6490299
2012-04-26,0.0,0.1091735836,36.8635557
2012-04-27,0.0,0.10904998749999999,37.3731018
2012-04-28,0.0,0.1089675903,35.9796202
2012-04-29,0.0,0.10914764269999999,34.8074768
2012-04-30,0.0,0.10916595409999999,35.0800841
2012-05-01,0.0,0.10911407440000001,35.4246396
2012-05-02,0.0,0.10924072309999999,35.2653136
2012-05-03,0.0,0.10914001440000001,35.1607727
2012-05-04,0.0,0.10950622539999999,34.4231993
2012-05-05,0.0,0.10973205420000001,34.5136051
2012-05-06,0.0,0.110876465,34.96177350000001
2012-05-07,0.0,0.11086883510000001,35.2421205
2012-05-08,0.0,0.110818481,35.322589
2012-05-09,0.0,0.1107833861,35.300958200000004
2012-05-10,0.0,0.1117950432,35.1388487
2012-05-11,0.0,0.11176910440000001,35.8195129
2012-05-12,0.0,0.1123519892,35.242853100000005
2012-05-13,0.0,0.1123321532,35.4532289
2012-05-14,0.0,0.11243133400000001,35.4560609
2012-05-15,0.0,0.1127166744,35.2770078
2012-05-16,0.0,0.1124114979,35.40173969999999
2012-05-17,0.0,0.1121688841,36.1869688
2012-05-18,0.0,0.11214904740000001,36.5262023
2012-05-19,0.0,0.11190032850000001,35.9849183
2012-05-20,0.0,0.11183013779999999,35.4307922
2012-05-21,0.0,0.112191771,35.6095764
2012-05-22,0.0,0.1131774896,35.9814026
2012-05-23,0.0,0.1138778675,35.7562562
2012-05-24,0.0,0.11403198350000002,35.5281066
2012-05-25,0.0,0.11470489499999999,35.5128724
2012-05-26,0.0,0.1151824954,35.744561700000006
2012-05-27,0.0,0.1155761719,35.4863831
2012-05-28,0.0,0.117720032,35.4586728
2012-05-29,0.0,0.11808471709999999,35.9873111
2012-05-30,0.0,0.1177688599,35.7589903
2012-05-31,0.0,0.1180541984,35.3317686
2012-06-01,0.0,0.1195388794,35.830645600000004
2012-06-02,0.0,0.1290603635,34.912066700000004
2012-06-03,0.0,0.13212585599999999,35.5729308
2012-06-04,0.0,0.1304306026,36.148443199999996
2012-06-05,0.0,0.1299011226,35.0067198
2012-06-06,1.3464640974998474,0.1415298461,30.063086199999997
2012-06-07,3.283990740776062,0.16369018500000002,31.931317
2012-06-08,15.299653112888336,0.20992584399999997,32.3260803
2012-06-09,17.82414174079895,0.25320892700000003,31.0436462
2012-06-10,8.475533127784729,0.26168212999999996,29.9568175
2012-06-11,17.14934653043747,0.26524963599999996,30.833477500000004
2012-06-12,0.11475463956594466,0.23329162600000003,32.450030500000004
2012-06-13,0.3213129788637161,0.34154510299999996,29.7586364
2012-06-14,0.0,0.291061403,31.3482726
2012-06-15,0.0,0.275738527,31.0824524
2012-06-16,4.46915066242218,0.36191711299999996,28.4875426
2012-06-17,48.90183925628662,0.396243283,26.8369323
2012-06-18,72.8642749786377,0.37155303900000003,28.8326353
2012-06-19,0.47382477298378944,0.368959046,29.1258424
2012-06-20,1.3162981271743774,0.36003875599999996,28.8660462
2012-06-21,0.6590418964624405,0.351489258,30.3906432
2012-06-22,0.03900230675935745,0.34136047199999997,30.5552918
2012-06-23,0.0,0.339608764,29.728796499999998
2012-06-24,15.634703278541565,0.36812744199999997,28.1287292
2012-06-25,30.423615217208862,0.34794616700000003,29.937554999999996
2012-06-26,1.2904824167490005,0.350650024,29.008435100000003
2012-06-27,10.269587278366089,0.360755919,29.3215762
2012-06-28,10.015876650810242,0.364302063,26.9674437
2012-06-29,20.858845949172974,0.38296661200000004,28.271502700000003
2012-06-30,2.275303430855274,0.384756469,29.400518899999998
2012-07-01,3.7929490730166435,0.398928833,29.145758100000002
2012-07-02,0.0,0.390686038,28.8635559
2012-07-03,39.19105052947998,0.421977232,26.0103457
2012-07-04,41.94312572479248,0.406536866,27.5285096
2012-07-05,89.68057060241699,0.41887207000000004,27.731256100000003
2012-07-06,57.808979511260986,0.401025391,27.599798599999996
2012-07-07,13.235859751701355,0.406990052,25.378320300000002
2012-07-08,14.436090350151062,0.404495242,26.7684816
2012-07-09,27.25482988357544,0.389933777,28.744854800000002
2012-07-10,36.99729108810425,0.392137148,28.465405399999998
2012-07-11,16.71908688545227,0.40459594899999995,28.3696045
2012-07-12,78.19592666625977,0.388032532,28.491095100000003
2012-07-13,12.220811128616333,0.402200315,28.4914063
2012-07-14,17.556199073791504,0.383395384,29.2710877
2012-07-15,4.936064422130585,0.383714295,28.2240052
2012-07-16,12.067105889320374,0.37860107200000004,27.6864441
2012-07-17,4.291618287563324,0.391380309,28.904785299999997
2012-07-18,29.532118797302246,0.40564728099999997,25.4284975
2012-07-19,80.29943656921387,0.40042266699999995,26.0418642
2012-07-20,18.466377019882202,0.391053775,28.123473999999998
2012-07-21,7.8535051345825195,0.38729247899999997,29.448095799999997
2012-07-22,1.54077760130167,0.378630068,27.9020507
2012-07-23,5.5550816655159,0.391166686,26.979632600000002
2012-07-24,7.9331653118133545,0.40013122599999995,25.6984801
2012-07-25,12.716530442237854,0.40539245600000007,25.8236025
2012-07-26,3.3881067037582397,0.396348571,26.969854700000003
2012-07-27,8.28234738111496,0.387501528,27.5652039
2012-07-28,2.2668856382369995,0.389080812,27.7498717
2012-07-29,10.79089343547821,0.41033630099999996,25.227667099999998
2012-07-30,9.945175886154175,0.418020633,25.4983399
2012-07-31,21.730625867843628,0.411584474,24.8157047
2012-08-01,44.866254806518555,0.39598999199999996,26.0838989
2012-08-02,4.916676998138428,0.397131348,26.186871199999995
2012-08-03,9.506425142288208,0.394448854,27.099066299999997
2012-08-04,8.956598043441772,0.400666808,26.143932999999997
2012-08-05,7.036504626274109,0.39677429599999997,26.7514953
2012-08-06,3.6979154348373413,0.402716061,25.7765319
2012-08-07,30.009087085723877,0.40576934800000003,26.243933199999997
2012-08-08,13.66745376586914,0.395033264,27.835522400000002
2012-08-09,7.909748077392578,0.400970461,26.508599800000002
2012-08-10,35.857890129089355,0.403924562,26.9784608
2012-08-11,15.282394409179688,0.388804627,26.4641051
2012-08-12,27.00034236907959,0.38930359000000003,27.344366200000003
2012-08-13,7.228504538536072,0.376815796,28.3608093
2012-08-14,3.2860532999038696,0.368568419,28.5879517
2012-08-15,5.4948084354400635,0.365817261,28.973620800000003
2012-08-16,5.433330953121185,0.360603335,28.9391417
2012-08-17,2.9040344022214413,0.360321047,28.9398682
2012-08-18,4.6686936020851135,0.35970306500000004,28.778790299999997
2012-08-19,43.42406988143921,0.386929321,26.2493165
2012-08-20,48.69143581390381,0.375907898,27.568695100000003
2012-08-21,20.775432586669922,0.37281494400000004,27.6784178
2012-08-22,9.482927203178406,0.382914736,26.989288199999997
2012-08-23,11.422717690467834,0.374900819,28.938946299999998
2012-08-24,2.332140427082777,0.361738589,29.5456482
2012-08-25,0.0,0.36841278099999997,29.1094055
2012-08-26,14.080704808235168,0.39373168999999997,26.8587707
2012-08-27,36.118035316467285,0.41333160199999996,25.2729798
2012-08-28,125.58967399597168,0.409687808,25.5135862
2012-08-29,28.390533924102783,0.410203553,25.932476700000002
2012-08-30,5.007708787918092,0.404821776,27.416711299999996
2012-08-31,15.02823132276535,0.404873657,27.706494199999998
2012-09-01,17.217035174369812,0.399946595,26.9594971
2012-09-02,5.012584924697876,0.397994996,27.5438722
2012-09-03,31.533530712127686,0.400962827,26.811413599999998
2012-09-04,124.40157508850098,0.410375978,25.052960000000002
2012-09-05,38.253753781318665,0.41295166099999997,25.378307999999997
2012-09-06,69.44724202156067,0.40843048299999996,25.524316199999998
2012-09-07,25.28179430961609,0.390000915,27.724847399999998
2012-09-08,12.624320030212402,0.39062500099999997,27.7008911
2012-09-09,35.53761434555054,0.402326968,27.227056700000002
2012-09-10,41.20215606689453,0.407266237,26.8323181
2012-09-11,47.57456874847412,0.396429445,26.4059936
2012-09-12,21.351327180862427,0.376828004,28.154724299999998
2012-09-13,4.821373760700226,0.373417668,27.785461299999998
2012-09-14,13.731901526451113,0.366679384,27.5444947
2012-09-15,24.905619621276855,0.38040161,27.8889649
2012-09-16,8.20166289806366,0.367488096,28.2291199
2012-09-17,1.8809837065637112,0.364686589,27.807184
2012-09-18,2.6969147734344006,0.357678223,28.508368
2012-09-19,12.792146801948547,0.351611328,28.8083192
2012-09-20,0.0,0.34947052100000003,28.554254200000003
2012-09-21,0.0,0.343231201,28.1857912
2012-09-22,1.204231172800064,0.358349611,27.513983200000002
2012-09-23,0.0,0.345829774,27.8139953
2012-09-24,0.0,0.33530578499999997,28.1625855
2012-09-25,0.0,0.329136656,28.5479676
2012-09-26,0.0,0.317541505,28.9508668
2012-09-27,0.0,0.30782470900000003,29.0379395
2012-09-28,0.06508069485425948,0.304362486,28.8341249
2012-09-29,0.0,0.286914062,30.031366000000002
2012-09-30,0.21691810339689252,0.27023773100000004,30.440277
2012-10-01,0.8262333571910858,0.266264342,30.4162963
2012-10-02,53.59673023223877,0.38389129899999996,27.8820007
2012-10-03,3.0541108548641205,0.39683075,26.795977599999997
2012-10-04,1.6049757897853851,0.408343508,26.154730100000002
2012-10-05,5.088464260101318,0.41342468400000004,27.610729900000003
2012-10-06,4.2548801973462105,0.401681519,27.5953308
2012-10-07,31.576023250818253,0.39638061599999996,26.214532300000002
2012-10-08,6.581664688885212,0.361906433,30.0997192
2012-10-09,5.90443492680788,0.357130434,29.7265317
2012-10-10,0.0,0.34727936000000004,30.071172999999998
2012-10-11,0.18934516236186028,0.324736025,30.1170593
2012-10-12,0.0,0.308578492,29.810467499999998
2012-10-13,0.0,0.295570374,29.5690429
2012-10-14,0.0,0.28200073400000003,30.281256300000003
2012-10-15,0.0,0.269644165,30.0519897
2012-10-16,0.0,0.256970214,30.105188
2012-10-17,0.0,0.24420013499999998,29.954974299999996
2012-10-18,0.0,0.23178253099999999,29.9477908
2012-10-19,0.0,0.21814117399999997,30.3538391
2012-10-20,0.0,0.20592193500000003,29.9719178
2012-10-21,0.0,0.198306275,30.392852599999998
2012-10-22,0.0,0.19096374700000002,30.5666565
2012-10-23,0.0,0.185327148,31.1183531
2012-10-24,0.0,0.190278624,31.046526899999996
2012-10-25,0.0,0.181249998,31.312872399999996
2012-10-26,0.04670193418860435,0.17328338699999998,31.211810300000003
2012-10-27,0.0,0.166223143,31.3529603
2012-10-28,0.0,0.159346009,31.2825987
2012-10-29,0.0,0.153897096,30.816460999999997
2012-10-30,0.0,0.1474212655,30.397222899999996
2012-10-31,0.0,0.1424468995,29.963262800000003
2012-11-01,0.0,0.1400039687,29.1824279
2012-11-02,0.0,0.1362335206,30.4545226
2012-11-03,0.0,0.1343338004,30.8384094
2012-11-04,0.0,0.135446167,31.046124099999997
2012-11-05,0.0,0.132966614,31.243096700000002
2012-11-06,0.0,0.1306503295,30.9216857
2012-11-07,0.0,0.1283844005,30.8967102
2012-11-08,0.0,0.12684325999999999,30.2722472
2012-11-09,0.0,0.1255691525,30.0336486
2012-11-10,0.0,0.12436065560000001,30.664239700000003
2012-11-11,0.0,0.123373413,30.4454161
2012-11-12,0.0,0.12271270860000001,30.3943177
2012-11-13,0.0,0.122018433,31.093780600000002
2012-11-14,0.0,0.1210128779,31.217803800000002
2012-11-15,0.0,0.12012023899999999,31.1211487
2012-11-16,0.0,0.11920318599999999,30.0996156
2012-11-17,0.0,0.11840667759999998,29.5840639
2012-11-18,0.0,0.1178070076,29.514727699999998
2012-11-19,0.0,0.1172714225,29.5085509
2012-11-20,0.0,0.116787719,29.785846199999998
2012-11-21,0.0,0.116461182,30.0937561
2012-11-22,0.0,0.1162033075,30.0877992
2012-11-23,0.0,0.1158920295,30.051104900000002
2012-11-24,0.0,0.115628052,30.227740599999997
2012-11-25,0.0,0.11540069609999999,30.887506100000003
2012-11-26,0.0,0.115281677,30.267632900000002
2012-11-27,0.0,0.11514282449999999,30.457061600000003
2012-11-28,0.0,0.1150222774,29.7735656
2012-11-29,0.0,0.114866639,29.432867299999998
2012-11-30,0.0,0.11470947140000001,29.4310609
2012-12-01,0.0,0.11460113359999999,29.3824522
2012-12-02,0.0,0.1145156866,29.562848100000004
2012-12-03,0.0,0.1143814081,30.915387099999997
2012-12-04,0.0,0.114230346,31.598761200000002
2012-12-05,0.0,0.1140090949,31.8092591
2012-12-06,0.0,0.11389923099999999,31.615484400000003
2012-12-07,0.0,0.1138061515,31.7157286
2012-12-08,0.0,0.1137695326,31.8044491
2012-12-09,0.0,0.1136886604,31.235308800000002
2012-12-10,0.0,0.11364288360000001,30.000079399999997
2012-12-11,0.0,0.1136627206,29.3698059
2012-12-12,0.0,0.11356506200000001,29.7109434
2012-12-13,0.0,0.113475038,28.8102844
2012-12-14,0.0,0.1134490966,28.802032500000003
2012-12-15,0.0,0.11336059650000001,29.980645700000004
2012-12-16,0.0,0.1132476802,30.8724182
2012-12-17,0.0,0.11313781730000001,31.550640800000004
2012-12-18,0.0,0.11304931630000001,31.118585000000003
2012-12-19,0.0,0.11296997010000001,30.3079162
2012-12-20,0.0,0.1129104605,30.754742299999997
2012-12-21,0.0,0.1128692625,31.1426576
2012-12-22,0.0,0.1128311153,31.015338199999995
2012-12-23,0.0,0.1127777106,31.1326236
2012-12-24,0.0,0.11274108899999999,30.526397600000003
2012-12-25,0.0,0.11268463070000001,31.529474099999998
2012-12-26,0.0,0.112605285,30.7855283
2012-12-27,0.0,0.11255035449999999,30.563067699999998
2012-12-28,0.0,0.11253662090000001,29.588824499999998
2012-12-29,0.0,0.1125350951,29.567388900000005
2012-12-30,0.0,0.11254730230000001,29.0686095
2012-12-31,0.0,0.112524416,30.3272033
2013-01-01,0.0,0.11250305229999999,29.861138700000005
2013-01-02,0.0,0.11247253449999998,29.971758899999998
2013-01-03,0.0,0.11242523200000001,29.1111146
2013-01-04,0.0,0.11243133679999999,28.0698058
2013-01-05,0.0,0.11242065400000001,28.062237399999997
2013-01-06,0.0,0.11241149850000001,27.4138734
2013-01-07,0.0,0.1123809818,28.679254300000004
2013-01-08,0.0,0.11233673079999999,30.1478086
2013-01-09,0.0,0.11228790179999999,30.784503
2013-01-10,0.0,0.11223144599999998,30.5826475
2013-01-11,0.0,0.1121841434,31.9099425
2013-01-12,0.0,0.1121322624,31.594439299999998
2013-01-13,0.0,0.11209106389999998,31.9604308
2013-01-14,0.0,0.11208801269999999,31.395758
2013-01-15,0.0,0.1120910633,30.8998109
2013-01-16,0.0,0.1121032719,31.0851624
2013-01-17,0.0,0.1121215828,29.6498353
2013-01-18,0.0,0.1122314442,27.779864499999995
2013-01-19,0.0,0.11214752269999999,29.4285703
2013-01-20,0.0,0.1120788565,30.185504099999996
2013-01-21,0.0,0.11203918530000001,29.885382099999998
2013-01-22,0.0,0.1120025639,30.3154603
2013-01-23,0.0,0.11199645979999999,29.668487700000004
2013-01-24,0.0,0.1119735723,29.888165400000002
2013-01-25,0.0,0.1119613657,29.8528136
2013-01-26,0.0,0.111927796,30.4243713
2013-01-27,0.0,0.11188049280000001,30.495001300000002
2013-01-28,0.0,0.1117553716,30.669855000000002
2013-01-29,0.0,0.1117187492,30.4987366
2013-01-30,0.0,0.11171417269999999,30.6779357
2013-01-31,0.0,0.11169738739999999,30.8074769
2013-02-01,0.0,0.1116683969,31.3212708
2013-02-02,0.0,0.11167907699999999,31.4281067
2013-02-03,0.0,0.1116683949,31.154058900000003
2013-02-04,0.0,0.11169128310000001,30.1121641
2013-02-05,0.0,0.1141510005,29.910235399999998
2013-02-06,0.0,0.1136840822,29.044415199999996
2013-02-07,0.0,0.11328735350000001,29.303790100000004
2013-02-08,0.0,0.1129745481,31.3629946
2013-02-09,0.0,0.11270904499999998,33.3024962
2013-02-10,0.0,0.1125656132,32.3745421
2013-02-11,0.0,0.11241912889999998,33.7864808
2013-02-12,0.0,0.1122894284,34.731793599999996
2013-02-13,0.0,0.1121719363,34.7411684
2013-02-14,0.0,0.1121032716,34.198932
2013-02-15,0.0,0.112171936,31.861432
2013-02-16,0.0,0.11383972140000001,29.661749200000003
2013-02-17,0.0,0.11319122290000001,30.672369500000002
2013-02-18,0.0,0.1128280636,32.8957827
2013-02-19,0.0,0.11258850039999999,32.7305724
2013-02-20,0.0,0.1124053956,33.9796935
2013-02-21,0.0,0.11228027250000001,33.363678
2013-02-22,0.0,0.1122268676,33.0214419
2013-02-23,0.0,0.11208801319999999,32.641876100000005
2013-02-24,0.0,0.1120407119,33.7999085
2013-02-25,0.0,0.1119766235,33.522418099999996
2013-02-26,0.0,0.111903381,32.0100893
2013-02-27,0.0,0.1118270874,32.389556899999995
2013-02-28,0.0,0.11179809560000001,34.6802306
2013-03-01,0.0,0.1117202768,36.1374574
2013-03-02,0.0,0.11166076650000001,35.5626526
2013-03-03,0.0,0.1116058357,36.5565
2013-03-04,0.0,0.1115509025,36.7694395
2013-03-05,0.0,0.111520387,37.480523700000006
2013-03-06,0.0,0.1114776606,37.481744400000004
2013-03-07,0.0,0.1114257805,38.5461975
2013-03-08,0.0,0.1114089954,36.1291564
2013-03-09,0.0,0.11137695249999999,35.9344791
2013-03-10,0.0,0.1113616937,34.9805729
2013-03-11,0.0,0.11132507359999999,35.1007384
2013-03-12,0.0,0.1113143923,34.038043599999995
2013-03-13,0.0,0.1112823494,33.0925601
2013-03-14,0.0,0.11121521050000001,33.8507144
2013-03-15,0.0,0.1110961912,35.608013799999995
2013-03-16,0.0,0.11131286650000001,35.4762269
2013-03-17,0.0,0.1111969014,35.8787662
2013-03-18,0.0,0.11112213289999999,35.9426821
2013-03-19,0.0,0.11102600119999999,35.2743225
2013-03-20,0.0,0.1109313964,35.172857900000004
2013-03-21,0.0,0.1108459482,35.0389704
2013-03-22,0.0,0.110803223,34.0398008
2013-03-23,0.0,0.11076965329999999,33.8886775
2013-03-24,0.0,0.11067657410000001,35.2777893
2013-03-25,0.0,0.11067047290000001,35.3314271
2013-03-26,0.0,0.1106704705,33.9136533
2013-03-27,0.0,0.1106613149,34.1780578
2013-03-28,0.0,0.11084594750000001,34.2566469
2013-03-29,0.0,0.11078643660000001,34.2275696
2013-03-30,0.0,0.110655213,35.4831117
2013-03-31,0.0,0.11056823810000001,36.225885399999996
2013-04-01,0.0,0.1104919443,34.7376528
2013-04-02,0.0,0.11047820950000001,34.0430481
2013-04-03,0.0,0.11076355019999999,34.0892395
2013-04-04,0.0,0.1106613158,35.2902894
2013-04-05,0.0,0.11051483179999999,36.0398006
2013-04-06,0.0,0.1103240964,35.3440486
2013-04-07,0.0,0.1102294935,35.739410199999995
2013-04-08,0.0,0.11016693129999999,34.9850889
2013-04-09,0.0,0.11004486,35.3958802
2013-04-10,0.0,0.1104827875,35.3596742
2013-04-11,0.0,0.1104095463,35.58306280000001
2013-04-12,0.0,0.11032257109999999,36.4277891
2013-04-13,0.0,0.1102478034,36.6988341
2013-04-14,0.0,0.1101821915,36.1893614
2013-04-15,0.0,0.11009216299999999,34.874688500000005
2013-04-16,0.0,0.11012420619999999,34.430646
2013-04-17,0.0,0.11032714799999999,34.1490295
2013-04-18,0.0,0.1103759774,34.1361141
2013-04-19,0.0,0.1112213129,33.8490293
2013-04-20,0.0,0.111329649,33.708771
2013-04-21,0.0,0.11211853050000001,34.7673402
2013-04-22,0.0,0.11166534480000001,34.8542296
2013-04-23,0.0,0.1113647468,35.8980281
2013-04-24,0.0,0.1112121568,37.0616034
2013-04-25,0.0,0.1109832775,38.865045099999996
2013-04-26,0.0,0.11080780009999999,38.847272
2013-04-27,0.0,0.1106750492,38.1115294
2013-04-28,0.0,0.11056213379999999,37.9862366
2013-04-29,0.0,0.110494995,37.9363344
2013-04-30,0.0,0.1104507446,37.6245908
2013-05-01,0.0,0.1103836061,39.0768126
2013-05-02,0.0,0.1102615351,37.6424871
2013-05-03,0.0,0.11027679509999999,36.5935852
2013-05-04,0.0,0.11049194359999999,36.4858948
2013-05-05,0.0,0.11064910800000001,36.7510804
2013-05-06,0.0,0.11143493559999999,35.767877399999996
2013-05-07,0.0,0.111401368,36.1447578
2013-05-08,0.0,0.1112548833,36.6469786
2013-05-09,0.0,0.1115341184,36.6278377
2013-05-10,0.0,0.11143798899999999,36.47505460000001
2013-05-11,0.0,0.1113891591,36.415607
2013-05-12,0.0,0.1115417491,36.4827938
2013-05-13,0.0,0.1124557495,35.8434391
2013-05-14,0.0,0.11245117150000002,35.4596006
2013-05-15,0.0,0.11228485080000002,35.4306457
2013-05-16,0.0,0.11243743879999998,35.160016
2013-05-17,0.0,0.1121887215,36.322638
2013-05-18,0.0,0.11200561549999999,36.5410706
2013-05-19,0.0,0.1123352057,36.713800400000004
2013-05-20,0.0,0.11212158139999999,36.941705400000004
2013-05-21,0.0,0.1122024536,36.666949599999995
2013-05-22,0.0,0.1123184204,36.4916564
2013-05-23,0.0,0.1126388553,36.6388002
2013-05-24,0.0,0.11378784180000001,36.6732241
2013-05-25,0.0,0.12040862960000001,36.220635599999994
2013-05-26,0.0,0.125935365,36.2547423
2013-05-27,0.0,0.1366424556,35.0462467
2013-05-28,0.0,0.154057311,34.392950400000004
2013-05-29,9.321135401725769,0.17511749199999999,34.0942936
2013-05-30,0.0,0.1639312759,34.6049623
2013-05-31,0.0,0.160566711,34.6104309
2013-06-01,0.0,0.1492126472,35.5465639
2013-06-02,0.0,0.1513336181,34.6897525
2013-06-03,8.378271698951721,0.27445983799999996,30.6040226
2013-06-04,1.0033326297998428,0.288261414,31.0588137
2013-06-05,2.3230085372924805,0.280773924,31.960040400000004
2013-06-06,0.0,0.349116518,31.4532962
2013-06-07,0.8372415602207184,0.37313842999999997,29.052398699999998
2013-06-08,59.70993709564209,0.42159423799999995,28.4051451
2013-06-09,26.215981014072895,0.41871490600000005,25.964678900000003
2013-06-10,173.35391807556152,0.427882384,27.105609300000005
2013-06-11,70.04797744750977,0.394430541,29.0686218
2013-06-12,12.209601759910583,0.39416351400000005,28.0878785
2013-06-13,18.690929412841797,0.400051881,27.1764341
2013-06-14,25.092247486114502,0.40216217099999996,26.8185729
2013-06-15,80.72075843811035,0.427090454,25.691443
2013-06-16,101.53418636322021,0.41361694700000007,25.447943000000002
2013-06-17,181.43352127075195,0.414756777,25.446289099999998
2013-06-18,21.76908254623413,0.408961489,26.9625
2013-06-19,57.50361633300781,0.408805845,27.3234557
2013-06-20,10.696972846984863,0.413861083,28.8557741
2013-06-21,24.911620616912842,0.410565186,27.2332214
2013-06-22,17.94554889202118,0.395803835,27.3889588
2013-06-23,3.247734844684601,0.400431826,27.616876100000002
2013-06-24,11.27272355556488,0.412089539,26.570098899999998
2013-06-25,60.19516563415527,0.40357818300000003,25.005865399999998
2013-06-26,53.36891269683838,0.41118469299999993,25.4392274
2013-06-27,21.98407530784607,0.399578859,26.137610000000002
2013-06-28,12.61023736000061,0.409320066,26.3973021
2013-06-29,16.059662580490112,0.39078216600000004,27.989892700000002
2013-06-30,10.989761233329773,0.40030212499999995,26.573870699999997
2013-07-01,3.651739716529846,0.402288818,25.442498800000003
2013-07-02,23.618299961090088,0.394915772,27.687469599999996
2013-07-03,23.484103441238403,0.39038391,27.0270451
2013-07-04,4.229627788066864,0.393601992,26.498834199999997
2013-07-05,4.330332815647125,0.396763614,26.9797972
2013-07-06,10.770470142364502,0.393687437,28.171673600000002
2013-07-07,15.283353805541992,0.392329405,27.1194393
2013-07-08,10.517584204673767,0.399751284,26.2815489
2013-07-09,34.98941087722778,0.40502624200000004,27.6832214
2013-07-10,44.72813177108765,0.425770567,25.4954711
2013-07-11,92.83908367156982,0.423414608,24.8111758
2013-07-12,67.40430927276611,0.433601379,24.3367857
2013-07-13,114.10709953308105,0.406964112,25.1334533
2013-07-14,13.954716444015505,0.389251711,28.545117499999996
2013-07-15,3.9914338290691376,0.38827667200000004,26.315624800000002
2013-07-16,9.330498337745667,0.414195252,24.7730165
2013-07-17,31.50063133239746,0.417619323,24.7367858
2013-07-18,58.96864032745361,0.410577391,25.315960699999998
2013-07-19,35.858158111572266,0.418957519,24.7344667
2013-07-20,68.32071447372437,0.40789642200000004,24.5084287
2013-07-21,79.51999473571777,0.41144256700000004,25.3802859
2013-07-22,32.35970115661621,0.407444762,25.976196199999997
2013-07-23,34.80558156967163,0.414480592,24.4881166
2013-07-24,160.0097427368164,0.40494689800000006,24.85838
2013-07-25,52.028520584106445,0.395979311,25.0668335
2013-07-26,21.760085821151733,0.406433108,25.125872899999997
2013-07-27,17.547056436538696,0.40825958599999995,25.987445200000003
2013-07-28,19.886459589004517,0.40324859799999996,25.9507567
2013-07-29,23.784356832504272,0.39392242299999997,27.445715200000002
2013-07-30,8.863011598587036,0.407005311,24.7395938
2013-07-31,32.4369740486145,0.408529664,24.504876799999998
2013-08-01,13.585015416145325,0.41479034400000003,24.0771059
2013-08-02,69.05491638183594,0.412809753,23.7539427
2013-08-03,20.664286494255066,0.39036560200000003,27.156451399999998
2013-08-04,7.3949021100997925,0.385032653,28.0195313
2013-08-05,3.042198956012726,0.382398988,28.1195311
2013-08-06,2.2123388051986694,0.386878968,26.554339399999996
2013-08-07,7.2043153047561646,0.39892273,26.5675963
2013-08-08,10.436558723449707,0.396777344,27.3340088
2013-08-09,8.867475748062134,0.39938507300000003,26.474115
2013-08-10,18.585357427597046,0.40680847,25.8328552
2013-08-11,11.996522665023804,0.402040101,26.798931900000003
2013-08-12,15.947431802749634,0.40197601,27.1130311
2013-08-13,11.37363088130951,0.404801941,25.0113464
2013-08-14,31.072429656982422,0.399020383,26.167327899999997
2013-08-15,31.630680561065674,0.399845887,27.647522
2013-08-16,6.521302580833435,0.394969177,27.6447268
2013-08-17,10.482008218765259,0.401014713,26.780694599999997
2013-08-18,33.33108162879944,0.386308291,27.911987399999997
2013-08-19,4.447450399398804,0.373222349,27.908117600000004
2013-08-20,1.709918200969696,0.369026183,27.768127399999997
2013-08-21,0.26897746697068214,0.372961423,27.345031799999997
2013-08-22,2.3840865939855576,0.367124937,27.5956483
2013-08-23,0.6623905226588249,0.36791687,25.992370599999997
2013-08-24,14.179582834243774,0.374946593,27.3509459
2013-08-25,22.84790074825287,0.400160216,24.955267600000003
2013-08-26,6.9131118953228,0.379238894,26.2476197
2013-08-27,7.083416730165482,0.367353823,28.0776858
2013-08-28,2.5217739678919315,0.370593262,27.617035299999998
2013-08-29,4.7533650398254395,0.376593018,27.8551572
2013-08-30,3.8433386087417603,0.365019227,28.3504089
2013-08-31,6.110709190368652,0.35550232,29.1638305
2013-09-01,2.5303346514701843,0.349438476,28.838439799999996
2013-09-02,0.0,0.34520111,29.103454499999998
2013-09-03,0.0,0.34028015,28.7536742
2013-09-04,2.4334062933921814,0.34113921999999997,28.3105407
2013-09-05,0.9970059990882874,0.367068482,27.1584718
2013-09-06,6.497378945350647,0.363848882,28.366717599999998
2013-09-07,1.9009485840797424,0.34487609900000005,28.657964900000003
2013-09-08,3.022891327738762,0.33144226099999996,29.197577000000003
2013-09-09,1.664824664592743,0.341195676,27.049108999999998
2013-09-10,4.191318154335022,0.399311829,26.326232799999996
2013-09-11,19.69680953025818,0.384126279,27.6574891
2013-09-12,15.13468050956726,0.371591185,28.6356324
2013-09-13,12.125097811222076,0.360997008,30.020129400000002
2013-09-14,11.41540813446045,0.37396545400000003,29.5186218
2013-09-15,14.135656714439392,0.412878418,26.2587157
2013-09-16,36.23062467575073,0.386283877,28.3807251
2013-09-17,2.9293644428253174,0.394308473,28.459197999999997
2013-09-18,5.2182207107543945,0.396372987,27.154315000000004
2013-09-19,27.697070121765137,0.395578005,27.144018699999997
2013-09-20,20.251466393470764,0.395423894,28.271569899999996
2013-09-21,0.3081797584891319,0.376116945,27.2916319
2013-09-22,0.028419395908713323,0.384051514,25.8826599
2013-09-23,0.3046423941850662,0.385383605,25.876556299999997
2013-09-24,15.386702299118042,0.40751953399999996,24.9485109
2013-09-25,31.383150339126587,0.382192993,25.693847499999997
2013-09-26,11.975078821182251,0.376208496,27.3025635
2013-09-27,13.169577836990356,0.37616576999999995,27.468969800000004
2013-09-28,8.090991795063019,0.362145998,28.0648864
2013-09-29,6.235951662063599,0.369987487,27.780786
2013-09-30,2.4594666622579098,0.36560364,28.0413206
2013-10-01,0.07237782329320908,0.363864134,28.2975281
2013-10-02,3.2085490729659796,0.359806823,28.2703981
2013-10-03,0.0,0.34062805100000004,28.7957581
2013-10-04,1.4493276998400688,0.35893707199999997,27.0593749
2013-10-05,0.0,0.33558502199999996,28.733251799999998
2013-10-06,0.5021577030420303,0.35547180100000003,28.3287842
2013-10-07,8.768860220909119,0.340684509,28.716003399999998
2013-10-08,3.5675086677074432,0.329484559,28.8746461
2013-10-09,4.0004550367593765,0.32520904700000003,28.178790099999997
2013-10-10,1.241310678422451,0.329603579,27.9030275
2013-10-11,2.692465841770172,0.362113953,27.423724399999998
2013-10-12,17.501569598913193,0.348376464,28.1716063
2013-10-13,3.5531774759292603,0.344030761,28.6191284
2013-10-14,1.6134924292564392,0.341412355,28.8014099
2013-10-15,5.036076009273529,0.340571594,29.1717468
2013-10-16,5.261539995670319,0.33603515700000003,28.7145508
2013-10-17,2.6605575680732727,0.322854617,30.7159974
2013-10-18,0.5772810131311417,0.30261383,30.995227
2013-10-19,0.0,0.284881591,30.6929687
2013-10-20,0.0,0.273042298,30.081829900000002
2013-10-21,0.0,0.259988406,30.082568300000002
2013-10-22,0.0,0.245245364,29.924048
2013-10-23,0.0,0.231028745,29.9021299
2013-10-24,0.0,0.219108583,30.417840599999998
2013-10-25,0.0,0.208078003,30.3698304
2013-10-26,0.5019078254699707,0.214660645,29.538128699999998
2013-10-27,0.12547695636749268,0.220335387,29.1703062
2013-10-28,0.0,0.228015138,29.485186499999998
2013-10-29,0.0,0.21457366900000002,30.046698000000003
2013-10-30,0.0,0.201144408,30.458185000000004
2013-10-31,0.0,0.188861082,30.606768799999998
2013-11-01,0.0,0.1783203115,30.1954651
2013-11-02,0.0,0.169465638,30.5297184
2013-11-03,0.0,0.161796569,31.398223899999998
2013-11-04,0.0,0.1551788334,31.6611634
2013-11-05,0.6666472218930721,0.1492935184,31.287066700000004
2013-11-06,0.0,0.144937134,30.6876281
2013-11-07,0.0,0.1413619996,30.7813539
2013-11-08,0.0,0.138240052,30.585479600000003
2013-11-09,0.0,0.135687256,30.850152400000002
2013-11-10,0.0,0.132679749,30.990215999999997
2013-11-11,0.0,0.13023681599999998,30.049249200000002
2013-11-12,0.0,0.128161621,29.94317
2013-11-13,0.0,0.126597597,30.213677999999998
2013-11-14,0.0,0.1251800536,30.3952698
2013-11-15,0.0,0.12384796150000002,30.679132099999997
2013-11-16,0.0,0.1224639895,29.7390441
2013-11-17,0.0,0.1213241566,30.209234700000003
2013-11-18,0.0,0.12021637,31.0663878
2013-11-19,0.0,0.1193496704,30.8332093
2013-11-20,0.0,0.118696595,29.763336199999998
2013-11-21,0.0,0.11823730399999999,29.8921447
2013-11-22,0.0,0.11775512610000001,30.653643799999998
2013-11-23,0.0,0.11730957,30.3818908
2013-11-24,0.0,0.11702880850000001,30.8351136
2013-11-25,2.368503153324127,0.1167953488,31.0685607
2013-11-26,0.0,0.11811370939999999,31.2116762
2013-11-27,0.0,0.1180725086,31.8435608
2013-11-28,0.0,0.1169937134,32.308868000000004
2013-11-29,0.0,0.11636657859999999,30.848956400000002
2013-11-30,0.0,0.1159988405,31.4920957
2013-12-01,0.0,0.11569976820000001,32.004204900000005
2013-12-02,0.0338539034128189,0.1162078865,31.1976134
2013-12-03,0.0,0.1158020004,31.6965393
2013-12-04,0.15990608930587769,0.11710662860000001,31.5729555
2013-12-05,0.0,0.1170913694,31.5580869
2013-12-06,0.0,0.116194154,30.8408509
2013-12-07,0.0,0.1156326288,30.5730775
2013-12-08,0.0,0.1152435286,29.5654604
2013-12-09,0.0,0.11495208850000001,29.8744201
2013-12-10,0.0,0.11467132529999999,30.2675109
2013-12-11,0.0,0.1144760145,29.855694700000004
2013-12-12,0.0,0.114303588,30.0405821
2013-12-13,0.0,0.11412506200000001,29.535357599999998
2013-12-14,0.0,0.11399841200000001,29.6281311
2013-12-15,0.0,0.113905334,29.443658399999997
2013-12-16,0.0,0.1138229365,29.578326200000003
2013-12-17,0.0,0.11371459980000001,29.9708312
2013-12-18,0.0,0.1136306767,29.281402500000002
2013-12-19,0.0,0.1135940561,29.0676087
2013-12-20,0.0,0.113569641,28.731133999999997
2013-12-21,0.0,0.1135910032,28.8487364
2013-12-22,0.0,0.11352844150000001,29.5142882
2013-12-23,0.0,0.1134292611,30.3375792
2013-12-24,0.0,0.1133697517,30.604400500000004
2013-12-25,0.0,0.11332397409999999,29.6932678
2013-12-26,0.0,0.1132858266,30.0649721
2013-12-27,0.0,0.1132690432,29.188629099999996
2013-12-28,0.0,0.1132522579,28.5436828
2013-12-29,0.0,0.113186645,28.726031499999998
2013-12-30,0.0,0.11324768199999999,27.9717103
2013-12-31,0.0,0.1132324214,28.774835200000002
2014-01-01,0.0,0.1131271355,30.607941
2014-01-02,0.0,0.113069152,30.982403599999998
2014-01-03,0.0,0.1130340578,30.44317
2014-01-04,0.0,0.1130203256,29.4005675
2014-01-05,0.0,0.1130233768,28.297223000000002
2014-01-06,0.0,0.11295623780000001,29.478033600000003
2014-01-07,0.0,0.1128921499,30.9042055
2014-01-08,0.0,0.11289062629999999,29.957940999999998
2014-01-09,0.0,0.112850953,28.7772278
2014-01-10,0.0,0.11284484889999999,27.603985599999998
2014-01-11,0.0,0.1128311158,26.9330871
2014-01-12,0.0,0.11280364949999999,28.342852799999996
2014-01-13,0.0,0.1128112791,28.5388732
2014-01-14,0.0,0.1128051753,29.0805236
2014-01-15,0.0,0.11280059819999999,29.603204299999998
2014-01-16,0.0,0.1127380384,29.4552797
2014-01-17,0.0,0.11276397739999999,27.690508799999996
2014-01-18,0.0,0.1126800547,29.186749199999998
2014-01-19,0.0,0.1126144419,29.2941954
2014-01-20,0.0,0.11264495830000001,29.1005923
2014-01-21,0.0,0.11812286359999999,27.920538299999997
2014-01-22,0.2854641564190388,0.1168624874,30.1165101
2014-01-23,0.0,0.11593780499999999,30.1188047
2014-01-24,0.0,0.11542358450000001,30.4657289
2014-01-25,0.0,0.1149124144,30.856597899999997
2014-01-26,0.0,0.11448516859999999,32.704473899999996
2014-01-27,0.0,0.1140472406,33.8752503
2014-01-28,0.0,0.1137481692,32.2677066
2014-01-29,0.0,0.1135360715,32.044269
2014-01-30,0.0,0.11336822490000001,32.9623841
2014-01-31,0.0,0.11324005150000001,33.4433656
2014-02-01,0.0,0.1131591784,32.788677899999996
2014-02-02,0.0,0.11309661819999998,33.112482299999996
2014-02-03,0.0,0.1130081176,33.3382877
2014-02-04,0.0,0.112954713,33.3569156
2014-02-05,0.0,0.1129150396,33.1055477
2014-02-06,0.0,0.11290588449999998,31.8873836
2014-02-07,0.0,0.1128494279,31.2508849
2014-02-08,0.0,0.1128097521,30.5917053
2014-02-09,0.0,0.1127716087,29.7377016
2014-02-10,0.0,0.1127471924,29.871515
2014-02-11,0.0,0.112771607,29.072882
2014-02-12,0.0,0.11275329569999999,29.4967104
2014-02-13,0.0,0.114707947,28.353912200000003
2014-02-14,0.0887748636305332,0.1223205566,28.710211199999996
2014-02-15,0.0,0.12420196450000001,27.6250791
2014-02-16,2.6018385887145996,0.1220504741,29.6418761
2014-02-17,0.0,0.119326781,32.3871153
2014-02-18,0.0,0.1172714228,33.883453
2014-02-19,0.0,0.1159286487,33.5498112
2014-02-20,0.0,0.11520385660000002,31.8925112
2014-02-21,0.0,0.1148254398,30.6601136
2014-02-22,0.0,0.115376283,30.963434
2014-02-23,0.0,0.114761352,32.4388975
2014-02-24,0.0,0.1143463124,32.330206399999994
2014-02-25,0.0,0.1141403209,32.8146548
2014-02-26,0.0,0.1139465325,32.5594788
2014-02-27,0.0,0.1137512204,31.8891906
2014-02-28,0.0,0.11356353820000001,30.657550099999998
2014-03-01,0.0,0.1133544927,31.1996886
2014-03-02,0.0,0.113186645,32.128546
2014-03-03,0.0,0.11306915399999999,31.9552554
2014-03-04,0.0,0.11298065239999999,31.954132200000004
2014-03-05,0.0,0.11293792650000001,32.0703186
2014-03-06,0.0,0.1131973266,32.197686899999994
2014-03-07,0.0,0.11467437750000001,31.9855773
2014-03-08,0.0,0.11391449010000002,33.0687809
2014-03-09,0.0,0.1136398313,32.7435365
2014-03-10,0.0726339779794216,0.11338806130000001,32.9106016
2014-03-11,0.0,0.11317443899999999,33.925885199999996
2014-03-12,0.0,0.11295013400000001,34.929302899999996
2014-03-13,0.0,0.115663148,35.5666565
2014-03-14,0.0,0.11461791830000001,36.0016662
2014-03-15,0.0,0.1139343258,35.628765800000004
2014-03-16,0.0,0.1134994523,36.4050352
2014-03-17,0.0,0.1131683346,36.997515400000005
2014-03-18,0.0,0.1130111697,35.5899967
2014-03-19,0.0,0.1129791252,36.9877987
2014-03-20,0.0,0.1127853402,36.321539200000004
2014-03-21,0.0,0.1127090462,34.748931299999995
2014-03-22,0.0,0.11265411300000001,33.813287100000004
2014-03-23,0.0,0.11250152500000002,34.9606508
2014-03-24,0.0,0.1124282835,34.776885799999995
2014-03-25,0.0,0.1123519896,35.2343319
2014-03-26,0.0,0.11230468629999998,35.9754947
2014-03-27,0.0,0.1123092654,35.2687072
2014-03-28,0.0,0.1122497566,35.8033752
2014-03-29,0.0,0.1122146614,36.3099179
2014-03-30,0.0,0.1121582021,37.11441000000001
2014-03-31,0.0,0.11214141740000001,36.0382877
2014-04-01,0.0,0.112071228,35.5844789
2014-04-02,0.0,0.1119766234,35.765729199999996
2014-04-03,0.0,0.11178588739999999,35.8642151
2014-04-04,0.0,0.1117553711,38.2962466
2014-04-05,0.0,0.11170959529999999,36.7005431
2014-04-06,0.0,0.11166534540000002,36.2799128
2014-04-07,0.0,0.11167449839999999,36.301398
2014-04-08,0.0,0.1116607664,36.0256166
2014-04-09,0.0,0.11161651660000001,35.577642600000004
2014-04-10,0.0,0.1115570084,35.4632386
2014-04-11,0.0,0.111402892,35.1672422
2014-04-12,0.0,0.1112686151,35.272955100000004
2014-04-13,0.0,0.1111175534,34.5710021
2014-04-14,0.0,0.11109161249999999,34.764093100000004
2014-04-15,0.0,0.111056518,34.979742
2014-04-16,0.0,0.11106567380000001,34.7968323
2014-04-17,0.0,0.1110855111,35.0402648
2014-04-18,0.0,0.11116638059999999,35.4550598
2014-04-19,0.0,0.111235046,35.3697329
2014-04-20,0.0,0.1111282352,35.8017148
2014-04-21,0.0,0.1118011477,37.6761779
2014-04-22,0.0,0.11156310929999999,38.8193427
2014-04-23,0.0,0.111303711,39.4754943
2014-04-24,0.0,0.1111709587,38.1835997
2014-04-25,0.0,0.11109771630000001,37.434869299999995
2014-04-26,0.0,0.11104583850000001,37.8466857
2014-04-27,0.0,0.1109848028,37.3152649
2014-04-28,0.0,0.110942078,37.135064899999996
2014-04-29,0.0,0.110887145,37.4174374
2014-04-30,0.0,0.11083221359999999,37.3213929
2014-05-01,0.0,0.11081084999999999,37.0126525
2014-05-02,0.0,0.1107604972,36.851959
2014-05-03,0.0,0.11071929890000001,36.7734192
2014-05-04,0.0,0.1106780991,36.7254212
2014-05-05,0.0,0.11063842689999999,36.016875600000006
2014-05-06,0.0,0.1105773932,38.1561583
2014-05-07,0.0,0.1106628419,37.9187559
2014-05-08,0.0,0.1113296507,37.5490047
2014-05-09,0.0,0.11186523480000002,37.4684144
2014-05-10,0.0,0.1115722664,36.430255
2014-05-11,0.0,0.11132049660000001,36.1529115
2014-05-12,0.0,0.111421203,36.1185363
2014-05-13,0.0,0.1125518802,35.8092352
2014-05-14,0.0,0.1153564463,35.211651
2014-05-15,0.0,0.1153213502,35.6910215
2014-05-16,0.0,0.11636505,35.7312071
2014-05-17,0.0,0.11830749389999999,35.5462463
2014-05-18,0.0,0.1168624871,36.342047
2014-05-19,0.0,0.1169570923,38.6877501
2014-05-20,0.0,0.1156265267,37.3420475
2014-05-21,0.0,0.114993287,37.7142154
2014-05-22,0.0,0.1144775379,36.60239850000001
2014-05-23,0.0,0.1139602663,37.011431800000004
2014-05-24,0.0,0.11356353670000001,36.910797
2014-05-25,0.0,0.11334838870000001,36.5963926
2014-05-26,0.0,0.1135375979,36.8562559
2014-05-27,0.0,0.11381683499999999,36.0371157
2014-05-28,0.2923996150493622,0.1133972169,36.6049129
2014-05-29,0.0,0.1133956898,36.4860901
2014-05-30,0.0,0.1132308944,36.5534974
2014-05-31,0.0,0.1132507334,36.9637023
2014-06-01,0.0,0.1130935667,37.5591128
2014-06-02,0.0,0.1138122565,36.805499600000005
2014-06-03,0.0,0.11527557449999999,35.623468
2014-06-04,0.4841082841157913,0.11553497240000002,36.7122133
2014-06-05,0.0,0.1159637445,36.2327944
2014-06-06,0.0,0.116418456,36.3622134
2014-06-07,0.0,0.11519470140000002,36.6065491
2014-06-08,0.0,0.114582824,37.2357236
2014-06-09,0.0,0.11995239049999999,35.208672899999996
2014-06-10,0.0,0.1338424685,33.5076966
2014-06-11,0.0,0.1290649406,34.2667785
2014-06-12,0.3874000236392021,0.1527343761,34.1806942
2014-06-13,2.1577291786670685,0.184817506,31.0200867
2014-06-14,6.448213670402765,0.217372131,31.118963700000002
2014-06-15,15.32306456565857,0.29328766100000003,29.357067899999997
2014-06-16,14.391906261444092,0.298213199,29.960614
2014-06-17,31.610773324966434,0.310719299,28.865674000000002
2014-06-18,2.659014582633972,0.29511413200000003,30.5255068
2014-06-19,2.4706413745880127,0.318623351,30.392035
2014-06-20,2.942155510187149,0.31665039300000003,30.442486600000002
2014-06-21,1.8310900032520294,0.31746673799999997,30.319183099999997
2014-06-22,0.6600518673658371,0.324624633,30.016101300000003
2014-06-23,0.5707119442522525,0.316291807,30.354217799999997
2014-06-24,0.0,0.308670046,30.660242099999998
2014-06-25,0.0,0.306687928,30.365380700000003
2014-06-26,0.4886471852660179,0.291120911,31.152880699999997
2014-06-27,0.0,0.287664797,31.473327599999998
2014-06-28,0.0,0.28055877799999995,31.4531312
2014-06-29,0.0,0.266592407,31.5808412
2014-06-30,0.0,0.266317747,31.010894999999998
2014-07-01,1.3148575872182846,0.275961305,31.196246300000002
2014-07-02,13.647938966751099,0.303356934,29.483093200000003
2014-07-03,94.87113380432129,0.33519592,29.1425049
2014-07-04,46.17326354980469,0.33403930800000003,29.120928900000003
2014-07-05,5.179118990898132,0.318814084,30.470465
2014-07-06,1.9505707621574402,0.314109803,30.484832899999997
2014-07-07,1.2867054715752602,0.32470397900000003,30.6616942
2014-07-08,51.636016607284546,0.32986602600000003,29.3964597
2014-07-09,22.215119063854218,0.352864077,26.675604099999997
2014-07-10,37.40153479576111,0.41679534900000004,25.663244900000002
2014-07-11,56.99574136734009,0.420043948,26.1693175
2014-07-12,108.28332328796387,0.411721802,25.5947755
2014-07-13,57.309335231781006,0.391734314,27.2276001
2014-07-14,31.38573169708252,0.40448456000000005,27.2429869
2014-07-15,32.103230476379395,0.41793670699999996,25.7133848
2014-07-16,133.18791961669922,0.406376647,25.2992063
2014-07-17,66.45353126525879,0.417034912,27.6646424
2014-07-18,40.919464111328125,0.40334014900000004,26.4034607
2014-07-19,23.542999267578125,0.392939758,27.9919373
2014-07-20,22.67593026161194,0.38836975100000004,27.751703199999998
2014-07-21,11.205569863319397,0.397622682,25.9556825
2014-07-22,13.122580289840698,0.40245666599999996,25.0436035
2014-07-23,21.077016592025757,0.40723724299999997,24.8852967
2014-07-24,15.460389137268066,0.4028656,27.820684899999996
2014-07-25,8.352465271949768,0.383966066,28.6157837
2014-07-26,10.518214464187622,0.387062073,28.7644837
2014-07-27,9.906319379806519,0.404632567,26.317364599999998
2014-07-28,117.14975357055664,0.412471008,25.4717711
2014-07-29,92.35573291778564,0.428259276,24.6993106
2014-07-30,141.0948715209961,0.42046051,25.2843567
2014-07-31,54.98596477508545,0.42088775500000003,25.619745
2014-08-01,105.65261268615723,0.401023864,27.032251000000002
2014-08-02,18.78566288948059,0.40220947100000004,27.651293900000002
2014-08-03,30.908714771270752,0.421119692,27.7262939
2014-08-04,59.178346157073975,0.398190306,26.7936402
2014-08-05,49.73452186584473,0.408311462,25.624560600000002
2014-08-06,24.638174057006836,0.40687713499999995,25.8174864
2014-08-07,27.517569541931152,0.398167418,26.569647200000002
2014-08-08,20.893704175949097,0.395118714,27.3265626
2014-08-09,4.997519306838512,0.388671875,27.296643
2014-08-10,21.230002880096436,0.38923034300000003,28.3594604
2014-08-11,10.747537791728973,0.390339661,27.5838563
2014-08-12,8.268908858299255,0.397993468,28.199762
2014-08-13,8.266635715961456,0.387522889,28.045849399999998
2014-08-14,4.314842760562897,0.39268188400000004,27.568213000000004
2014-08-15,15.493321180343628,0.39253539800000004,27.5638732
2014-08-16,9.467560052871704,0.379199217,27.830310200000003
2014-08-17,2.273172438144684,0.378677367,28.4428405
2014-08-18,2.0795433968305588,0.360229493,29.5510805
2014-08-19,4.27014821767807,0.355473326,29.510186700000002
2014-08-20,0.32418402656912804,0.38455352600000003,28.6698913
2014-08-21,12.27137553691864,0.392120364,27.8985049
2014-08-22,2.119861662387848,0.399322513,26.3855773
2014-08-23,16.14504051208496,0.366171262,30.1755492
2014-08-24,7.809903770685196,0.40669860799999996,28.8806518
2014-08-25,7.666599556803703,0.40393066400000005,28.176233000000003
2014-08-26,12.393969655036926,0.403341676,25.9008058
2014-08-27,28.593003749847412,0.40502777500000003,25.53396
2014-08-28,9.761223316192627,0.405993652,26.9454649
2014-08-29,3.620429128408432,0.404147338,28.082702599999998
2014-08-30,3.890397608280182,0.396681212,26.744708300000003
2014-08-31,42.4139986038208,0.42412567,24.9792604
2014-09-01,87.7059154510498,0.43181152300000003,24.6279846
2014-09-02,66.6864595413208,0.39904175,25.731072899999997
2014-09-03,38.62185764312744,0.40519867100000007,26.676758200000002
2014-09-04,14.812442898750305,0.408259582,26.7886051
2014-09-05,29.629135131835938,0.40299988100000006,26.242492900000002
2014-09-06,52.28656721115112,0.38557129,28.537084900000004
2014-09-07,2.2567292153835297,0.38214263800000003,26.946039000000003
2014-09-08,1.0610445737838745,0.400569154,25.008569299999998
2014-09-09,9.361101508140564,0.396391296,25.293529999999997
2014-09-10,24.51558804512024,0.393902586,26.063946299999998
2014-09-11,10.15603220462799,0.37710113500000003,27.823883000000002
2014-09-12,2.4930315613746643,0.385810856,27.523486300000002
2014-09-13,2.057589193806052,0.382757569,27.636712699999997
2014-09-14,6.834912613034248,0.363478089,28.7318543
2014-09-15,0.09292033314704895,0.353834533,28.878619500000003
2014-09-16,0.2439158707857132,0.352723693,28.7867371
2014-09-17,0.8785886019468307,0.34410248,29.011242700000004
2014-09-18,2.497752606868744,0.335310363,28.956316700000002
2014-09-19,8.07629930973053,0.335798646,28.4554443
2014-09-20,7.934034049510956,0.34496917800000004,28.5347839
2014-09-21,9.559660077095032,0.335511779,29.145996200000003
2014-09-22,2.0481933653354645,0.325598141,29.3950013
2014-09-23,0.0,0.308045957,29.6565979
2014-09-24,0.0,0.30217743,29.774029300000002
2014-09-25,0.0,0.29358215099999996,29.8671448
2014-09-26,15.411796241998672,0.29903107,30.822393499999997
2014-09-27,0.027579566463828076,0.274971005,31.5837465
2014-09-28,0.0,0.25494384800000003,32.108038
2014-09-29,0.0,0.238635252,32.4652159
2014-09-30,0.0,0.22790374600000002,31.933160500000003
2014-10-01,16.47308921813965,0.227243042,31.6344298
2014-10-02,2.9008111357688904,0.215719604,32.446295299999996
2014-10-03,1.5404457300901413,0.20320892499999998,33.11461799999999
2014-10-04,0.0,0.201068115,32.6798768
2014-10-05,0.6524801850318909,0.197363279,32.342987
2014-10-06,0.0,0.185987854,32.2654111
2014-10-07,0.0,0.194346618,31.3437926
2014-10-08,3.353992760181427,0.252641297,30.1207949
2014-10-09,0.0,0.24709930600000002,30.642730699999998
2014-10-10,0.9034340977668762,0.237216185,31.3189029
2014-10-11,0.16812923923134804,0.22001800400000002,32.0796693
2014-10-12,1.8749207258224487,0.201947022,32.0060977
2014-10-13,1.4515514373779297,0.187715151,31.756256200000003
2014-10-14,0.0,0.176449586,31.7699525
2014-10-15,0.0,0.166430664,32.8262512
2014-10-16,0.0,0.1588562024,33.535504200000005
2014-10-17,0.0,0.15248107849999998,33.291656599999996
2014-10-18,0.0,0.1457672124,33.5532535
2014-10-19,0.0,0.140458678,33.4621154
2014-10-20,0.0,0.135812378,33.968926999999994
2014-10-21,0.027579566463828076,0.1320007331,33.4485168
2014-10-22,0.0,0.1291381829,34.6644106
2014-10-23,0.0,0.1264755245,34.1913143
2014-10-24,0.0,0.125531006,31.6599919
2014-10-25,0.027579566463828076,0.1412109375,27.619158900000002
2014-10-26,0.1526961848139763,0.136468506,28.411273599999998
2014-10-27,0.0,0.1405044564,27.909906
2014-10-28,0.0,0.134674073,31.636212399999998
2014-10-29,0.0,0.1301467905,32.276128899999996
2014-10-30,0.0,0.1267227185,32.1145325
2014-10-31,0.0,0.1241851804,31.8956115
2014-11-01,0.0,0.12218475399999999,32.2864318
2014-11-02,0.0,0.120639038,32.8098935
2014-11-03,0.0,0.1192718496,33.5600647
2014-11-04,0.0,0.1182601931,32.7787174
2014-11-05,0.0,0.1174560542,32.6666321
2014-11-06,0.0,0.1168655394,31.9852353
2014-11-07,0.0,0.11634674120000002,32.273980699999996
2014-11-08,0.0,0.115771486,32.6528869
2014-11-09,0.0,0.11529388439999999,32.9994935
2014-11-10,0.0,0.1149887087,33.0329897
2014-11-11,0.0,0.11817626889999999,31.7671206
2014-11-12,0.07658769190311432,0.118190002,32.8897033
2014-11-13,0.0,0.130142211,31.8148742
2014-11-14,1.0784201547503471,0.13441467359999998,31.4710269
2014-11-15,2.386509120464325,0.1394241354,28.629827999999996
2014-11-16,1.5892390608787537,0.16472167899999998,29.6129823
2014-11-17,0.0,0.1635162354,31.717035199999998
2014-11-18,0.26345372200012207,0.151724243,32.6432069
2014-11-19,0.0,0.142712402,32.6026185
2014-11-20,0.0,0.1355026249,32.9529601
2014-11-21,0.0,0.129603577,32.3584042
2014-11-22,0.0,0.125492859,32.2043272
2014-11-23,0.0,0.1225540164,32.224419999999995
2014-11-24,0.0,0.12019805939999999,33.044756899999996
2014-11-25,0.0,0.11849975580000001,32.788287100000005
2014-11-26,0.0,0.11719055,32.2483213
2014-11-27,0.0,0.11628112850000001,31.850030300000004
2014-11-28,0.0,0.1156234736,31.9185363
2014-11-29,0.0,0.11514587400000001,31.8523743
2014-11-30,0.0,0.114717102,32.4190492
2014-12-01,0.0,0.1144287105,30.940265
2014-12-02,0.0,0.11409149300000002,32.618536399999996
2014-12-03,0.0,0.11385803219999999,31.9966858
2014-12-04,0.0,0.1136871331,32.419854900000004
2014-12-05,0.0,0.11352233910000001,32.3693418
2014-12-06,0.0,0.11340331880000001,32.3460022
2014-12-07,0.0,0.11331024009999999,31.82901
2014-12-08,0.0,0.11323699870000001,31.7221008
2014-12-09,0.0,0.11317596430000001,31.797174300000002
2014-12-10,0.0,0.11314849819999999,31.924542100000004
2014-12-11,0.0,0.1131195052,31.129278699999997
2014-12-12,0.0,0.1248367315,29.8541564
2014-12-13,7.67415463924408,0.217089845,27.2701843
2014-12-14,0.0,0.194868469,26.832171699999996
2014-12-15,0.0,0.1740448,27.2841859
2014-12-16,0.0,0.1584289546,29.192010399999997
2014-12-17,0.0,0.1481857296,28.0364443
2014-12-18,0.0,0.1400085444,28.8273256
2014-12-19,0.0,0.1335754395,30.030548099999997
2014-12-20,0.0,0.1287918095,30.204473999999998
2014-12-21,0.0,0.1252426158,30.026300099999997
2014-12-22,0.0,0.12263488950000001,30.1967101
2014-12-23,0.0,0.1207275395,29.3379699
2014-12-24,0.0,0.1192596451,29.8607239
2014-12-25,0.0,0.11803741460000002,30.790997299999997
2014-12-26,0.0,0.1170700074,30.6472472
2014-12-27,0.0,0.11624755850000001,30.3519592
2014-12-28,0.0,0.11562194910000001,30.255987499999996
2014-12-29,0.0,0.11516113160000001,29.549542100000004
2014-12-30,0.0,0.1148895266,28.248614500000002
2014-12-31,0.0,0.11468658400000001,27.859844900000002
2015-01-01,0.0,0.1169113155,27.6114074
2015-01-02,0.0,0.11622466899999999,28.068927000000002
2015-01-03,0.0,0.1156936655,29.078766
2015-01-04,0.0,0.11517486610000001,31.3093078
2015-01-05,0.0,0.1147079456,31.122344799999997
2015-01-06,0.0,0.1143753056,30.4825745
2015-01-07,0.0,0.1141769403,29.4702943
2015-01-08,0.0,0.113931274,31.2232728
2015-01-09,0.0,0.11370849599999999,31.8612853
2015-01-10,0.0,0.11353149459999998,31.0375063
2015-01-11,0.0,0.11338806319999999,31.3840394
2015-01-12,0.0,0.11327056840000001,31.0349428
2015-01-13,0.0,0.1132415771,29.6390441
2015-01-14,0.0,0.11319732600000001,29.8950989
2015-01-15,0.0,0.1131301876,30.7393863
2015-01-16,0.0,0.1130676271,31.1525452
2015-01-17,0.0,0.1129974362,31.7075989
2015-01-18,0.0,0.1129669182,30.7118715
2015-01-19,0.0,0.11295318569999999,30.093926899999996
2015-01-20,0.0,0.11295776319999999,30.0495179
2015-01-21,0.0,0.1129196181,29.5163391
2015-01-22,0.0,0.1132675166,28.1276181
2015-01-23,0.0,0.11318206859999999,29.291778599999997
2015-01-24,0.0,0.11307983340000001,29.8615295
2015-01-25,0.0,0.113006592,30.2286926
2015-01-26,0.0,0.11298828080000001,29.4565246
2015-01-27,0.0,0.1129562386,28.8521546
2015-01-28,0.0,0.112904359,30.47713
2015-01-29,0.0,0.112872314,31.337970000000002
2015-01-30,0.0,0.11281280419999999,33.1642397
2015-01-31,0.0,0.1127334593,33.434137299999996
2015-02-01,0.0,0.1126998884,31.966461200000005
2015-02-02,0.0,0.1126800539,30.973565999999998
2015-02-03,0.0,0.1126296994,32.8658749
2015-02-04,0.0,0.1125839238,33.014410299999994
2015-02-05,0.0,0.1125381477,32.8450744
2015-02-06,0.0,0.11254577660000001,31.208941600000003
2015-02-07,0.0,0.1125091546,30.629889000000002
2015-02-08,0.0,0.1123428344,31.4361875
2015-02-09,0.0,0.1123214715,32.9496397
2015-02-10,0.0,0.1123016352,32.0787173
2015-02-11,0.0,0.1122802728,32.4045472
2015-02-12,0.0,0.11222534099999999,32.297222899999994
2015-02-13,0.0,0.11219177229999999,33.0593322
2015-02-14,0.0,0.1121520995,33.381158500000005
2015-02-15,0.0,0.11210174619999999,33.013214
2015-02-16,0.0,0.1120483409,32.3123106
2015-02-17,0.0,0.1119216922,33.5024719
2015-02-18,0.0,0.11189269939999999,32.383306700000006
2015-02-19,0.0,0.11181487949999999,32.7850407
2015-02-20,0.0,0.1119033809,33.3983706
2015-02-21,0.0,0.111822508,36.902203400000005
2015-02-22,0.0,0.11176299949999999,36.0496642
2015-02-23,0.0,0.1117462156,34.434087999999996
2015-02-24,0.0,0.11172637910000001,33.3479555
2015-02-25,0.0,0.11166839720000002,32.9829163
2015-02-26,0.0,0.11163940449999998,31.7157287
2015-02-27,0.0,0.1116333,31.877081399999998
2015-02-28,0.0,0.1227569578,25.7121153
2015-03-01,10.457851648330688,0.302436829,23.839068700000002
2015-03-02,5.187099605798721,0.26579742399999995,27.142468100000002
2015-03-03,0.0,0.23024444700000002,27.575897400000002
2015-03-04,0.0,0.20274353,28.4229922
2015-03-05,0.0,0.1803543086,30.6261779
2015-03-06,0.0,0.162158204,32.7536196
2015-03-07,0.0,0.148536681,33.060601500000004
2015-03-08,0.0,0.1399322505,32.696051
2015-03-09,0.0,0.1328018185,34.3496156
2015-03-10,0.0,0.127735902,33.5139224
2015-03-11,0.0,0.12422027849999999,35.049127
2015-03-12,0.026068452745676023,0.12090301509999998,36.1168519
2015-03-13,0.0,0.12034454400000001,36.7948302
2015-03-14,2.455886095762253,0.11866150049999999,33.8957089
2015-03-15,0.07411712408065795,0.117466735,33.021100000000004
2015-03-16,0.0,0.1187057496,32.79151
2015-03-17,0.0,0.1171020502,34.3013733
2015-03-18,0.0,0.11584014979999999,35.5548403
2015-03-19,0.0,0.1149978636,35.8598205
2015-03-20,0.0,0.1144119276,35.9029844
2015-03-21,0.0,0.114024353,36.8106995
2015-03-22,0.0,0.11375579920000001,36.2516665
2015-03-23,0.0,0.1135162354,36.7069395
2015-03-24,0.0,0.1133361809,37.0720762
2015-03-25,0.0,0.11307373080000001,39.3268616
2015-03-26,0.0,0.11302795400000001,35.0417785
2015-03-27,0.0,0.11322479240000001,35.9902406
2015-03-28,0.0,0.1131073,36.189313
2015-03-29,0.2743848264217377,0.1138519295,35.8220519
2015-03-30,0.0345879942178726,0.11345062260000001,37.1539124
2015-03-31,0.0,0.11303100669999999,36.3814025
2015-04-01,0.0,0.1128448484,35.7372141
2015-04-02,0.0,0.1126556393,35.4241762
2015-04-03,0.0,0.11256408650000001,35.269049100000004
2015-04-04,0.0,0.11250305200000002,35.182061700000006
2015-04-05,0.0,0.11254272400000001,35.2042782
2015-04-06,0.0,0.11249847370000002,34.523760599999996
2015-04-07,0.0,0.1126205451,34.5601624
2015-04-08,0.0,0.112609863,34.9921936
2015-04-09,0.0,0.112545776,35.8970033
2015-04-10,0.0,0.11251831100000001,35.274566699999994
2015-04-11,0.0,0.11264953600000001,34.6411927
2015-04-12,0.0,0.1126358028,34.2732241
2015-04-13,0.0,0.11512145920000001,33.691461200000006
2015-04-14,0.12846967577934265,0.126661682,31.7530823
2015-04-15,0.5433010458946228,0.1274230946,33.4671201
2015-04-16,0.03105270862579345,0.123034669,36.2495421
2015-04-17,0.0,0.11972656160000002,36.0687067
2015-04-18,0.0,0.11750183139999999,36.871393
2015-04-19,0.0,0.1158599862,37.3869694
2015-04-20,0.0,0.1150253296,37.020856099999996
2015-04-21,0.0,0.11434631339999998,36.5313539
2015-04-22,0.18631625175476074,0.11407165479999999,36.2265686
2015-04-23,0.0,0.11412811139999998,36.5761294
2015-04-24,0.0,0.11370544410000001,36.2358463
2015-04-25,0.0,0.11350402769999998,35.9273011
2015-04-26,0.0,0.11328582649999999,35.510992
2015-04-27,0.0,0.1130874634,35.7015195
2015-04-28,0.0,0.1130798342,36.8038876
2015-04-29,0.0,0.1129776012,36.483257800000004
2015-04-30,0.0,0.11309051509999998,36.697833200000005
2015-05-01,0.0,0.1130172734,37.2285464
2015-05-02,0.0,0.11293945359999999,36.5757384
2015-05-03,0.0,0.11292419499999999,37.0098697
2015-05-04,0.0,0.11279602019999999,37.142877299999995
2015-05-05,0.0,0.11265106139999999,37.8401428
2015-05-06,0.6970843821763992,0.11259765750000002,37.8590389
2015-05-07,0.0,0.11250763,38.0480034
2015-05-08,0.0,0.11245880159999999,38.052691700000004
2015-05-09,0.0,0.1124191292,38.141339099999996
2015-05-10,0.0,0.11235961860000002,37.5540344
2015-05-11,0.0,0.1122985845,37.1893132
2015-05-12,0.0,0.1126342771,37.194463999999996
2015-05-13,0.0,0.11277923590000001,36.9316465
2015-05-14,0.0,0.115011597,35.872711
2015-05-15,0.0,0.11453857320000001,37.5620912
2015-05-16,0.1168210357427597,0.11385803220000001,36.9714177
2015-05-17,0.0,0.1134902964,37.3568913
2015-05-18,0.0,0.11330871629999999,36.8264952
2015-05-19,0.0,0.11349944920000002,37.0761777
2015-05-20,0.0,0.11332549979999999,37.1736631
2015-05-21,0.0,0.1136718752,37.152398500000004
2015-05-22,0.0,0.11367645230000001,37.2396547
2015-05-23,0.0,0.1143463125,36.7779604
2015-05-24,0.0,0.1153839113,36.854596300000004
2015-05-25,0.0,0.1181442265,36.748101500000004
2015-05-26,0.0,0.11764831490000001,36.8038635
2015-05-27,0.0,0.1163894644,36.9075742
2015-05-28,0.0,0.1158447266,37.0243226
2015-05-29,0.0,0.11516265880000001,36.4985659
2015-05-30,0.0,0.1146987921,37.4026183
2015-05-31,0.0,0.1141387945,37.165093999999996
2015-06-01,0.0,0.114353942,36.102716099999995
2015-06-02,0.0,0.1139053334,36.7492249
2015-06-03,0.0,0.11358642460000001,37.21177350000001
2015-06-04,0.0,0.11436462349999998,36.686066
2015-06-05,0.13938051462173462,0.11893920799999999,35.2662168
2015-06-06,0.0,0.13988647599999998,36.9723939
2015-06-07,0.47877716086804867,0.1874664315,31.7157043
2015-06-08,3.303806509822607,0.225790407,31.8338684
2015-06-09,0.14833484590053558,0.23028716999999999,32.4846132
2015-06-10,0.9292033314704895,0.29605255,30.813555700000002
2015-06-11,1.4278586097061634,0.31203003100000004,30.6215025
2015-06-12,34.37052869796753,0.330886842,30.819555700000002
2015-06-13,6.31845198571682,0.4017334,26.365997399999998
2015-06-14,19.81374180316925,0.427912904,25.3701293
2015-06-15,55.66079139709473,0.412496947,25.520751699999998
2015-06-16,15.72844934463501,0.40801238800000006,25.924804299999998
2015-06-17,29.69630002975464,0.397921753,28.881793199999997
2015-06-18,10.861236851662397,0.41715698300000004,27.7486876
2015-06-19,158.37330055236814,0.42324218599999996,25.5389344
2015-06-20,112.40899848937988,0.42189025999999996,26.4109863
2015-06-21,74.59626579284668,0.401434325,26.5253724
2015-06-22,110.83653259277344,0.40285949600000004,25.824335100000003
2015-06-23,73.11481285095215,0.40885925199999995,27.0869508
2015-06-24,69.00918960571289,0.38980255,27.173102
2015-06-25,10.81295657157898,0.382879638,29.0358948
2015-06-26,5.796559691429138,0.37016296400000004,29.452063099999997
2015-06-27,2.478318229317665,0.369076538,29.8128356
2015-06-28,0.057560434564948054,0.365870665,29.8649965
2015-06-29,0.7484300583600998,0.366830446,29.7941711
2015-06-30,9.988059937953949,0.36299438300000003,29.874127500000004
2015-07-01,1.9298302046954632,0.355982969,30.2494261
2015-07-02,1.0367372706532476,0.352313235,30.2391113
2015-07-03,0.0,0.353741454,30.062433
2015-07-04,0.49136045575141907,0.362289431,29.3140688
2015-07-05,0.0,0.352813723,29.472583200000003
2015-07-06,0.5845265984535217,0.36662292399999996,29.5862608
2015-07-07,0.29333601891994476,0.37362670800000003,28.1991392
2015-07-08,5.076024055480957,0.366447451,29.529467699999998
2015-07-09,3.2812726497650146,0.355949404,29.2130067
2015-07-10,2.7490170747041702,0.359260557,29.1436644
2015-07-11,1.699607893824577,0.361810302,28.8322813
2015-07-12,3.3282422870397568,0.356193541,29.575622499999998
2015-07-13,1.0512170493602753,0.351307678,30.381152300000004
2015-07-14,0.4949342608451843,0.346029664,30.3420655
2015-07-15,0.6883896663784981,0.350358581,29.4216554
2015-07-16,1.9315858781337738,0.35400543300000004,29.456085
2015-07-17,4.987972617149353,0.35961304099999997,29.1538088
2015-07-18,6.669560253620148,0.36418152,29.3210327
2015-07-19,7.332829058170319,0.386239623,28.5435545
2015-07-20,4.3250216245651245,0.39317016699999996,26.2917479
2015-07-21,101.58936309814453,0.40578765800000005,26.430755499999997
2015-07-22,82.63483619689941,0.40859680000000004,26.7734067
2015-07-23,58.534525871276855,0.40346527200000004,27.4216982
2015-07-24,38.34127140045166,0.40147094699999997,28.180859299999998
2015-07-25,31.449439525604248,0.38418579199999997,27.458441399999998
2015-07-26,9.996886491775513,0.393386843,27.251446299999998
2015-07-27,12.426124095916748,0.40590973,25.3099913
2015-07-28,33.528396129608154,0.40396423300000006,26.7324463
2015-07-29,46.23297357559204,0.40399780300000004,25.4179626
2015-07-30,36.922202587127686,0.38669281,28.4352845
2015-07-31,13.0033597946167,0.383204653,28.369927999999998
2015-08-01,6.180684313178062,0.38382721000000003,28.8068908
2015-08-02,3.1772590577602386,0.373486329,28.4899295
2015-08-03,5.748593658208847,0.371275332,28.245074499999998
2015-08-04,0.5607294701039791,0.372425845,26.667047000000004
2015-08-05,5.428341090679169,0.39961243,25.254241999999998
2015-08-06,13.887835264205933,0.390667725,25.66297
2015-08-07,3.4038855135440826,0.380940247,28.982806399999998
2015-08-08,7.378658711910248,0.378556825,28.3058471
2015-08-09,7.402324080467224,0.390267944,26.8284425
2015-08-10,8.013672471046448,0.381986999,28.669708300000003
2015-08-11,5.506906509399414,0.36939697000000005,28.9220154
2015-08-12,5.680041134357452,0.380877685,27.324529899999998
2015-08-13,5.458682596683502,0.381407166,26.837322699999998
2015-08-14,8.075144410133362,0.39690399,26.8780457
2015-08-15,9.75928270816803,0.388636781,28.593988000000003
2015-08-16,6.79306024312973,0.38215942599999997,28.416498
2015-08-17,8.15634074807167,0.38706054700000003,28.118072599999998
2015-08-18,8.527868449687958,0.370631411,29.627630700000005
2015-08-19,0.9057150296866894,0.358508302,29.685162400000003
2015-08-20,0.0,0.361033629,29.3061706
2015-08-21,1.8529621958732605,0.361453248,29.141296399999998
2015-08-22,5.672338604927063,0.36385650599999997,28.310748
2015-08-23,1.1661438681185246,0.36603546099999995,28.736938199999997
2015-08-24,0.6671778187155724,0.357937621,28.4920775
2015-08-25,11.53033435344696,0.37949829199999996,26.8130004
2015-08-26,63.93348836898804,0.37005920200000003,28.958636300000002
2015-08-27,2.7036699280142784,0.36952667,28.428387199999996
2015-08-28,13.100413203239441,0.365046693,28.3659118
2015-08-29,6.475649833679199,0.367955018,28.448932000000003
2015-08-30,16.524569034576416,0.381570437,27.556775
2015-08-31,16.227119207382202,0.370204162,28.6535707
2015-09-01,4.09047232940793,0.361151122,29.063738999999998
2015-09-02,4.225773960351944,0.357855223,28.5444458
2015-09-03,1.3708049356937408,0.34836731,29.383288599999997
2015-09-04,0.09888989478349686,0.32828063799999996,30.092791899999998
2015-09-05,0.0,0.312219239,29.927057
2015-09-06,0.0,0.30637359399999997,29.4812439
2015-09-07,0.04944494739174843,0.30393677,29.7703306
2015-09-08,0.0,0.304368592,29.511084
2015-09-09,7.414874076843262,0.356251526,28.868951400000004
2015-09-10,11.913919985294342,0.379055786,27.7617313
2015-09-11,15.807416200637817,0.373323061,29.4881039
2015-09-12,0.0,0.396813966,28.801037200000003
2015-09-13,13.14335608482361,0.405693054,27.128790199999997
2015-09-14,9.424924924969673,0.40569763400000003,26.1713744
2015-09-15,22.252987757325172,0.42536163299999996,27.496997
2015-09-16,1.6558872610330582,0.41637726099999994,27.776642
2015-09-17,2.3179710507392883,0.396710204,27.4499025
2015-09-18,8.934569537639618,0.407504272,25.921356100000004
2015-09-19,21.258008778095245,0.38063202,28.439642400000004
2015-09-20,30.160130977630615,0.388088988,25.9811887
2015-09-21,28.99023461341858,0.383818053,27.262658800000004
2015-09-22,25.31711345911026,0.366450501,28.3736206
2015-09-23,1.5670606791973114,0.352203373,28.8554869
2015-09-24,0.37386125698685646,0.335917666,29.3805053
2015-09-25,0.0,0.321130372,28.907421899999996
2015-09-26,0.0,0.304003906,29.032336400000002
2015-09-27,0.0,0.288583373,29.4205625
2015-09-28,0.0,0.274624633,30.047198400000003
2015-09-29,0.0,0.262515258,31.414264000000003
2015-09-30,0.0,0.24849853399999997,31.721466
2015-10-01,0.0,0.236920164,31.7248715
2015-10-02,0.3604143448174,0.25785980199999997,29.352819699999998
2015-10-03,7.489251971244812,0.367721558,27.4312988
2015-10-04,43.34734630584717,0.382817079,28.955426499999998
2015-10-05,2.7640464678406715,0.393327329,29.894653299999998
2015-10-06,5.916001886129379,0.35178527600000004,31.0908141
2015-10-07,0.04944494739174843,0.331193544,30.9018801
2015-10-08,0.0,0.316937256,31.416247399999996
2015-10-09,0.0,0.31859283299999996,29.914770600000004
2015-10-10,0.0,0.311532593,29.840362600000002
2015-10-11,0.0,0.354045107,29.502923600000003
2015-10-12,8.092061221599579,0.331037903,29.8666015
2015-10-13,0.04861196503043175,0.321469117,30.402947899999997
2015-10-14,0.24160610139369965,0.300498962,31.5466676
2015-10-15,0.0,0.28134155299999997,31.3268005
2015-10-16,0.0,0.26551971500000005,31.322601300000002
2015-10-17,0.0,0.25144348299999997,31.9553467
2015-10-18,0.0,0.24437408300000002,31.2737733
2015-10-19,0.0,0.23227997,32.0035463
2015-10-20,0.0,0.220341494,31.810589399999998
2015-10-21,0.0,0.209219361,32.183661
2015-10-22,0.0,0.198335266,32.092681999999996
2015-10-23,0.0,0.191236876,31.866864099999997
2015-10-24,0.0,0.187240602,32.1040345
2015-10-25,0.0,0.18494568,31.9751283
2015-10-26,3.4876095056533813,0.176020814,32.2155457
2015-10-27,0.0,0.168585204,31.622076400000005
2015-10-28,0.0,0.1614334115,32.0615054
2015-10-29,0.0,0.1560241701,30.9188539
2015-10-30,0.0,0.14891662779999998,31.4325989
2015-10-31,0.0,0.14388122539999998,31.771002399999997
2015-11-01,0.0,0.1394058224,32.413312000000005
2015-11-02,0.0,0.1354888925,32.3843568
2015-11-03,0.0,0.132807921,31.979571299999996
2015-11-04,0.0,0.1304687495,32.3751041
2015-11-05,0.0,0.1287185675,32.1896298
2015-11-06,0.0,0.12689971930000002,32.9238586
2015-11-07,0.0,0.1246749886,32.5571841
2015-11-08,0.0,0.122862243,32.428595200000004
2015-11-09,0.0,0.121650696,32.3894839
2015-11-10,0.0,0.1206832896,31.8454409
2015-11-11,0.0,0.119830323,32.2595762
2015-11-12,0.0,0.1188720708,32.6623352
2015-11-13,0.0,0.11818694970000002,32.3279604
2015-11-14,0.0,0.1176071166,32.2666563
2015-11-15,0.0,0.11706847899999999,32.5653139
2015-11-16,0.0,0.1166000366,32.367413299999996
2015-11-17,0.0,0.11615600649999999,32.2282041
2015-11-18,0.0,0.1158111578,32.0871154
2015-11-19,0.0,0.11551819,31.577716099999996
2015-11-20,0.0,0.1152389525,32.5299865
2015-11-21,0.0,0.1165725701,30.996881100000003
2015-11-22,9.610307186841965,0.200672912,29.7993105
2015-11-23,16.84380964934826,0.215039063,30.286413699999997
2015-11-24,8.81226658821106,0.222773742,30.295495499999998
2015-11-25,0.0,0.21885833899999999,28.7221251
2015-11-26,0.0,0.20484619099999998,30.8005921
2015-11-27,0.0,0.186058045,30.0848815
2015-11-28,0.0,0.16956482,28.9584045
2015-11-29,0.0,0.15697174,30.931134299999997
2015-11-30,0.0,0.147973631,31.184307699999998
2015-12-01,0.0,0.14125366150000002,31.858453500000003
2015-12-02,0.0,0.135609436,31.8349427
2015-12-03,0.0,0.1305465686,31.6871156
2015-12-04,0.0,0.1266174325,31.9950746
2015-12-05,0.0,0.12355804510000001,32.1144836
2015-12-06,0.0,0.1212112428,32.1120914
2015-12-07,0.0,0.11942443890000001,32.0898012
2015-12-08,0.0,0.118098449,32.0538638
2015-12-09,0.0,0.11724548239999999,31.119879200000003
2015-12-10,0.0,0.116714476,30.3876771
2015-12-11,0.0,0.1162750231,30.1294741
2015-12-12,0.0,0.1157684326,30.3334044
2015-12-13,0.0,0.1152908322,29.9547912
2015-12-14,0.0,0.1149475096,30.51214
2015-12-15,0.0,0.11463165260000001,31.1588439
2015-12-16,0.0,0.1144866943,29.947979800000002
2015-12-17,0.0,0.11432189990000001,29.463458300000003
2015-12-18,0.0,0.1140609735,30.248834
2015-12-19,0.0,0.113934325,30.3279113
2015-12-20,0.0,0.113891602,30.1075745
2015-12-21,0.0,0.1137588507,29.50484
2015-12-22,0.0,0.113687134,28.1272523
2015-12-23,0.0,0.11364440989999999,28.2738586
2015-12-24,0.0,0.11356048649999999,29.459356800000002
2015-12-25,0.0,0.1134597775,29.7510803
2015-12-26,0.0,0.1133895874,29.3273254
2015-12-27,0.0,0.1133193981,30.1213195
2015-12-28,0.0,0.11324920629999999,30.965508999999997
2015-12-29,0.0,0.1131713858,32.3287659
2015-12-30,0.0,0.11311340439999999,32.3277407
2015-12-31,0.0,0.11305084270000001,32.8766662
2016-01-01,0.0,0.11299896270000001,32.1773984
2016-01-02,0.0,0.1129913328,30.9197815
2016-01-03,0.0,0.1129882815,30.936114399999997
2016-01-04,0.0,0.1129409795,31.858819599999997
2016-01-05,0.0,0.11291809,31.718487700000004
2016-01-06,0.0,0.1129058844,31.6153873
2016-01-07,0.0,0.11292572060000002,30.100396699999997
2016-01-08,0.0,0.11291656530000001,31.072271999999998
2016-01-09,0.0,0.11286010760000001,31.158599900000002
2016-01-10,0.0,0.11281280540000001,31.3099675
2016-01-11,0.0,0.11277771,31.17088
2016-01-12,0.0,0.1127822869,29.455548299999997
2016-01-13,0.0,0.11275024380000001,29.7165345
2016-01-14,0.0,0.1127944952,28.808697799999997
2016-01-15,0.0,0.11280364899999999,29.053106800000002
2016-01-16,0.0,0.112802123,28.5921204
2016-01-17,0.0,0.112727355,29.049347
2016-01-18,0.0,0.112715148,29.126691
2016-01-19,0.0,0.1126602163,29.208135900000002
2016-01-20,0.0,0.11261596739999999,29.192047000000002
2016-01-21,0.0,0.11258697529999999,30.4577699
2016-01-22,0.0,0.11253356960000001,31.0152648
2016-01-23,0.0,0.1124954217,32.625811399999996
2016-01-24,0.0,0.11245880109999999,31.2379946
2016-01-25,0.0,0.1124557494,30.008184999999997
2016-01-26,0.0,0.1124511708,29.3222718
2016-01-27,0.0,0.11241302439999998,29.5752745
2016-01-28,0.0,0.1123825071,31.3669981
2016-01-29,0.0,0.1123504644,31.853229
2016-01-30,0.0,0.11232299750000001,32.4797911
2016-01-31,0.0,0.1123107898,31.7740538
2016-02-01,0.0,0.1122924805,32.0146788
2016-02-02,0.0,0.112272644,32.0076232
2016-02-03,0.0,0.1122680664,31.830962999999997
2016-02-04,0.0,0.1122680664,30.9640199
2016-02-05,0.0,0.11227416999999999,30.866509999999998
2016-02-06,0.0,0.11220703089999999,30.4071104
2016-02-07,0.0,0.11214294470000001,30.148272900000002
2016-02-08,0.0,0.1121154776,31.612408499999997
2016-02-09,0.0,0.112100218,31.6796936
2016-02-10,0.0,0.11203918399999999,32.0511779
2016-02-11,0.0,0.11209411659999999,30.2055236
2016-02-12,0.0,0.1120574943,29.811895800000002
2016-02-13,0.0,0.1120330802,30.245392
2016-02-14,0.0,0.1119949331,32.0544741
2016-02-15,0.0,0.11196899490000001,31.7793515
2016-02-16,0.0,0.1119552622,32.33233009999999
2016-02-17,0.0,0.1119812013,31.345221200000005
2016-02-18,0.0,0.1119461064,32.0789124
2016-02-19,0.0,0.11195526,31.5707828
2016-02-20,0.0,0.1118942251,32.9972719
2016-02-21,0.0,0.11185607850000001,33.6124088
2016-02-22,0.0,0.1118423467,32.3932434
2016-02-23,0.0,0.11178741379999999,33.2841613
2016-02-24,0.0,0.11176757770000001,31.7061827
2016-02-25,0.0,0.1117340086,31.8560607
2016-02-26,0.0,0.11169433440000001,33.198297000000004
2016-02-27,0.0,0.11163024930000001,34.7102112
2016-02-28,0.0,0.11157684500000001,34.1979311
2016-02-29,0.0,0.1115280152,35.1286192
2016-03-01,0.0,0.1133850089,35.5452213
2016-03-02,0.0941932201385498,0.11728973300000001,35.5546693
2016-03-03,0.0382983423769474,0.1159866324,35.870074599999995
2016-03-04,0.08767008781433105,0.1147018434,37.6071838
2016-03-05,6.395388603210449,0.11392822300000001,35.015875199999996
2016-03-06,0.0,0.1133941646,34.6494934
2016-03-07,0.0,0.1130187995,34.9829406
2016-03-08,0.0,0.1128005975,34.8573059
2016-03-09,0.0,0.1126174923,35.1950743
2016-03-10,0.0,0.11248779410000001,36.247711
2016-03-11,0.0,0.11240386840000001,35.8726383
2016-03-12,0.0,0.1123535154,34.2114806
2016-03-13,0.0,0.11248474280000001,32.893365599999996
2016-03-14,0.0,0.112751768,33.21131
2016-03-15,0.0,0.11253662090000001,34.3511045
2016-03-16,0.0,0.1123977666,34.1544251
2016-03-17,0.0,0.1122970593,35.349713
2016-03-18,0.0,0.11222229000000002,36.0634345
2016-03-19,0.0,0.1121093764,37.2328186
2016-03-20,0.0,0.1120285034,37.2426328
2016-03-21,0.0,0.1119674691,36.435796499999995
2016-03-22,0.0,0.1118988039,35.9349917
2016-03-23,0.0,0.1118240361,38.4151913
2016-03-24,0.0,0.11179199179999999,36.3609437
2016-03-25,0.0,0.11165008670000001,35.28338
2016-03-26,0.0,0.11159973059999999,36.7310608
2016-03-27,0.0,0.11432189870000001,36.960357699999996
2016-03-28,0.0,0.1133438121,37.341461200000005
2016-03-29,0.0,0.1126968381,36.4811098
2016-03-30,0.0,0.1123443606,36.0304742
2016-03-31,0.0,0.1121017451,35.41360469999999
2016-04-01,0.0,0.11183624249999999,35.7093809
2016-04-02,0.0,0.1117309565,34.936261
2016-04-03,0.0,0.1116943354,35.0720035
2016-04-04,0.0,0.11165161189999999,36.338335900000004
2016-04-05,0.0,0.1116134643,36.0446593
2016-04-06,0.0,0.1115768426,35.3625059
2016-04-07,0.0,0.11466522189999999,35.868462799999996
2016-04-08,0.0,0.1135223388,36.712505799999995
2016-04-09,0.0,0.11278686460000001,36.3737852
2016-04-10,0.0,0.1123687745,37.3187066
2016-04-11,0.0,0.11209564190000001,37.109625199999996
2016-04-12,0.0,0.11189269909999999,37.1936094
2016-04-13,0.0,0.1117385858,36.5547914
2016-04-14,0.0,0.11167755050000001,35.95029889999999
2016-04-15,0.0,0.11153564549999999,36.6631407
2016-04-16,0.0,0.1114440914,35.6095522
2016-04-17,0.0,0.11161193979999999,35.8896546
2016-04-18,0.0,0.11155395500000001,36.9329409
2016-04-19,0.0,0.11147461,36.8800354
2016-04-20,0.0,0.11142272959999999,36.2240057
2016-04-21,0.0,0.11137237559999999,36.1746158
2016-04-22,0.0,0.1115707399,35.429889100000004
2016-04-23,0.0,0.1115264899,35.9524716
2016-04-24,0.0,0.1115921017,35.4405822
2016-04-25,0.0,0.11175231960000001,35.810528399999995
2016-04-26,0.0,0.11159515369999999,36.6971742
2016-04-27,0.0,0.1114028927,38.43775050000001
2016-04-28,0.0,0.1113494867,36.4004945
2016-04-29,0.0,0.1112045291,36.5912905
2016-04-30,0.0,0.11125641,36.672833000000004
2016-05-01,0.0,0.111210632,36.2966368
2016-05-02,0.0,0.1111526491,37.0416807
2016-05-03,0.0,0.1111083979,37.125225799999996
2016-05-04,0.0,0.1110931395,36.6800108
2016-05-05,0.0,0.11114654500000001,36.7351625
2016-05-06,0.0,0.1111404412,35.907843
2016-05-07,0.0,0.11131896919999999,36.2122131
2016-05-08,0.0,0.11157684269999998,36.234430200000006
2016-05-09,0.3705856204032898,0.1115020763,36.5016662
2016-05-10,0.5900014638900757,0.1130081186,37.4382142
2016-05-11,0.0,0.11247863840000001,36.9204891
2016-05-12,1.1303117275238037,0.112124633,36.6636295
2016-05-13,0.0,0.11195526149999999,37.1541814
2016-05-14,0.0,0.11181487940000001,37.789703200000005
2016-05-15,0.0,0.11169280910000001,36.8307917
2016-05-16,0.0,0.11164092960000001,37.0740052
2016-05-17,0.0,0.11189727730000001,37.0621642
2016-05-18,0.0,0.1121505733,36.8746644
2016-05-19,0.0,0.1136657714,36.735821800000004
2016-05-20,0.0,0.1177856441,36.103277500000004
2016-05-21,0.0,0.11949615499999999,35.953766
2016-05-22,0.0,0.11909637349999999,36.401617
2016-05-23,0.0,0.12030944940000002,36.1613831
2016-05-24,0.27876102924346924,0.12530517479999997,35.8236391
2016-05-25,0.0,0.1387466425,35.699395800000005
2016-05-26,0.09292033314704895,0.1538177494,35.7636535
2016-05-27,0.056879829615354524,0.1529586786,35.9839414
2016-05-28,0.0,0.156945801,35.2247127
2016-05-29,0.0,0.157821655,34.893170299999994
2016-05-30,0.0,0.16337432940000002,35.6168757
2016-05-31,0.0,0.1670501724,35.161187700000006
2016-06-01,0.0,0.1579971321,35.6616273
2016-06-02,0.0,0.1461318964,36.3901427
2016-06-03,0.0,0.137857056,36.739679
2016-06-04,0.0,0.13209076,36.5977109
2016-06-05,0.0,0.1287841794,36.0482485
2016-06-06,0.0,0.1272842418,35.4219784
2016-06-07,0.0,0.1255126948,36.4168518
2016-06-08,0.0,0.12370757989999999,36.6101624
2016-06-09,0.0,0.1244171154,37.3346248
2016-06-10,0.0,0.143492127,33.34732
2016-06-11,0.7898228764533995,0.20428619499999998,30.553936699999998
2016-06-12,10.250930547714233,0.24653320399999998,32.2598085
2016-06-13,0.11577080190181732,0.23448333899999999,33.2766909
2016-06-14,0.5073286201804876,0.243138122,31.5526794
2016-06-15,2.94271307438612,0.25829773,31.809637400000003
2016-06-16,2.0922932624816895,0.252565004,32.39295009999999
2016-06-17,0.0,0.25775757,31.3157289
2016-06-18,1.2495337128639221,0.26311798,30.676593200000003
2016-06-19,0.4272695034742356,0.286651612,28.4609558
2016-06-20,19.55293846130371,0.366856383,26.5500061
2016-06-21,50.87457746267319,0.394186403,27.976220599999998
2016-06-22,37.24168252944946,0.405953978,29.858123799999998
2016-06-23,4.837010741233826,0.384999085,30.087262099999997
2016-06-24,38.053157329559326,0.42222290000000007,28.3868286
2016-06-25,79.68076133728027,0.423190305,25.7327575
2016-06-26,108.88263320922852,0.410528564,26.391711400000002
2016-06-27,38.6878399848938,0.407887264,26.1538145
2016-06-28,48.106539249420166,0.41136322100000006,26.776788399999997
2016-06-29,49.79203772544861,0.409951782,25.3388304
2016-06-30,7.827184319496155,0.41472015100000004,26.6701661
2016-07-01,56.76082420349121,0.41684265400000003,27.4634092
2016-07-02,103.1732063293457,0.41926574800000005,25.560784599999998
2016-07-03,117.87983703613281,0.410104368,26.7637268
2016-07-04,58.02053880691528,0.416999818,26.4523499
2016-07-05,46.314133644104004,0.402110288,26.7880433
2016-07-06,21.376805067062378,0.38798980800000005,27.6774962
2016-07-07,5.872803688049316,0.377935792,28.8932678
2016-07-08,4.817386031150818,0.379164125,27.66272
2016-07-09,11.834806561470032,0.40077209500000005,25.661285400000004
2016-07-10,19.241615414619446,0.399487306,26.149114700000002
2016-07-11,26.249808073043823,0.40533905,25.989666899999996
2016-07-12,19.88686215877533,0.40508728099999997,25.9018798
2016-07-13,21.637061595916748,0.406579591,27.5576661
2016-07-14,13.418188333511353,0.401487731,27.284258799999996
2016-07-15,16.414879083633423,0.38066864,28.241503899999998
2016-07-16,8.687510967254639,0.40114746100000004,28.1419431
2016-07-17,19.8003568649292,0.39821777599999997,27.7384276
2016-07-18,28.35838270187378,0.40171203699999997,26.6151002
2016-07-19,87.25574970245361,0.407241823,25.4182802
2016-07-20,87.28700065612793,0.407165528,26.715594599999996
2016-07-21,33.68910074234009,0.394685362,26.303387500000003
2016-07-22,11.598243951797485,0.410635375,25.672363400000002
2016-07-23,15.48465347290039,0.39353179699999996,27.4346739
2016-07-24,14.273451566696167,0.398512266,27.4624208
2016-07-25,7.194970011711121,0.389225771,28.4525389
2016-07-26,1.1356763988733292,0.40307006999999995,25.9722716
2016-07-27,21.228428184986115,0.406697081,26.004211500000004
2016-07-28,19.919591903686523,0.411474609,25.383148
2016-07-29,59.36618423461914,0.402124023,25.5286619
2016-07-30,84.97905158996582,0.411395265,25.5258239
2016-07-31,37.204548358917236,0.413951111,24.9748782
2016-08-01,153.67759895324707,0.412413024,24.6864076
2016-08-02,48.004703521728516,0.414857483,24.958007700000003
2016-08-03,40.42531991004944,0.408914183,24.8280764
2016-08-04,30.528631687164307,0.410603332,26.312292300000003
2016-08-05,20.00361490249634,0.418727113,24.888922
2016-08-06,85.27992630004883,0.400183103,25.357843
2016-08-07,18.168830156326294,0.398759458,26.8638916
2016-08-08,6.557436466217041,0.39898528899999997,25.9816957
2016-08-09,10.300487518310547,0.398406983,27.648767099999997
2016-08-10,16.176247596740723,0.389825441,25.2676454
2016-08-11,9.907428622245789,0.392886351,27.358325100000002
2016-08-12,10.890001773834229,0.38957366699999996,27.082196
2016-08-13,4.303754895925522,0.380554199,28.230127
2016-08-14,0.6555849649012089,0.374534607,28.076043700000003
2016-08-15,2.266692966222763,0.37148590000000004,27.8207215
2016-08-16,2.873699575662613,0.365774539,28.071044899999997
2016-08-17,1.4349129498004913,0.363679504,28.4781677
2016-08-18,9.651456356048584,0.376669313,28.264184399999998
2016-08-19,1.8473564982414246,0.362969971,28.809069899999997
2016-08-20,2.67902734875679,0.366534422,26.971087599999997
2016-08-21,2.1042234897613525,0.370787048,27.7487305
2016-08-22,2.3252485394477844,0.37196197400000003,27.4865725
2016-08-23,11.228720664978027,0.396138001,27.4282411
2016-08-24,23.550368547439575,0.386964416,28.3049133
2016-08-25,3.730256676673889,0.372105407,29.0997192
2016-08-26,3.257781833410263,0.39567108100000004,27.1828674
2016-08-27,55.06935262680054,0.394197083,25.6509097
2016-08-28,31.787221908569336,0.393473821,26.2251711
2016-08-29,36.72313976287842,0.390631102,28.535522500000003
2016-08-30,3.1873145066201687,0.375913998,28.3747986
2016-08-31,5.733462423086166,0.366624452,28.1053894
2016-09-01,2.9723178446292877,0.383052063,27.450946199999997
2016-09-02,8.27492842078209,0.37402801399999996,28.3500425
2016-09-03,10.744870066642761,0.366462707,28.507141
2016-09-04,5.7646254897117615,0.35712585799999996,28.013378799999998
2016-09-05,0.07267502695322035,0.34657897800000004,28.252960100000003
2016-09-06,0.23738284409046173,0.346263124,28.1325318
2016-09-07,0.9003210812807083,0.35184326,28.2586365
2016-09-08,11.955782413482666,0.347674563,28.505853300000002
2016-09-09,8.695300243794918,0.348403931,28.6805419
2016-09-10,8.206225380301476,0.342118835,28.5853515
2016-09-11,3.657633423805237,0.344131473,28.3552858
2016-09-12,2.1791823506355286,0.34210052700000004,28.676617399999998
2016-09-13,0.40507546067237854,0.335105898,28.8273255
2016-09-14,3.836439371109009,0.35545806999999996,27.8673217
2016-09-15,6.622163742780685,0.40764007700000005,26.1513854
2016-09-16,60.751370429992676,0.40693512099999996,25.9111938
2016-09-17,68.65802907943726,0.413726808,25.793743799999998
2016-09-18,41.47613334655762,0.42113342000000004,24.776147299999998
2016-09-19,27.3669376373291,0.415785217,25.33905
2016-09-20,19.059250831604004,0.405398559,24.9846558
2016-09-21,88.95672607421875,0.41648102,25.1269226
2016-09-22,70.72131061553955,0.40505828800000004,25.3892031
2016-09-23,30.506290435791016,0.398825074,25.8883485
2016-09-24,90.55710124969482,0.397746276,26.694116199999996
2016-09-25,1.9742514044046402,0.395407101,27.3865233
2016-09-26,16.72413992881775,0.387777708,27.9823608
2016-09-27,0.15888673067092893,0.369558717,28.2363038
2016-09-28,2.9766137003898625,0.356913757,28.5118471
2016-09-29,0.14599888026714325,0.343710325,28.3810609
2016-09-30,0.13220909237861633,0.345594789,27.804546900000002
2016-10-01,0.9720380902290344,0.406898498,24.5592833
2016-10-02,17.837448358535767,0.413415527,24.5797056
2016-10-03,4.760580122470856,0.40611877099999993,24.579230000000003
2016-10-04,3.008367285132408,0.414747619,24.028217
2016-10-05,22.94595468044281,0.385514833,26.692688099999998
2016-10-06,15.002110481262207,0.37695617800000003,26.6719969
2016-10-07,4.608707904815674,0.365890504,27.986987399999997
2016-10-08,0.13220909237861633,0.352024839,28.3148498
2016-10-09,0.13220909237861633,0.349453735,28.220086700000003
2016-10-10,0.0,0.341117859,28.6285095
2016-10-11,0.0,0.330355835,28.8776611
2016-10-12,0.0,0.314378357,28.9317812
2016-10-13,0.0,0.299583434,28.712103300000003
2016-10-14,0.0,0.285366823,29.5699159
2016-10-15,0.0,0.27377014,29.918084599999997
2016-10-16,0.0,0.268426515,29.6766724
2016-10-17,0.0,0.256657409,29.754144200000002
2016-10-18,0.0,0.24435424699999997,30.3534364
2016-10-19,0.0,0.230688476,29.749114900000002
2016-10-20,0.0,0.217463683,29.612615999999996
2016-10-21,0.0,0.206794738,29.5206969
2016-10-22,0.0,0.19809418,29.6903137
2016-10-23,0.0,0.1912887545,29.488116400000003
2016-10-24,0.0,0.185484313,29.170135799999997
2016-10-25,0.0,0.178446961,28.867608699999998
2016-10-26,0.0,0.17098998999999998,29.8613343
2016-10-27,0.0,0.16350402800000002,30.7205872
2016-10-28,0.0,0.1568710322,30.31922
2016-10-29,0.0,0.15154113900000002,30.2463682
2016-10-30,0.0,0.1465271,30.4508363
2016-10-31,0.0,0.142103577,31.7982239
2016-11-01,0.0,0.137896728,31.0154602
2016-11-02,0.0,0.13447265749999998,30.629107599999998
2016-11-03,0.0,0.131793212,30.5840637
2016-11-04,0.0,0.1296264642,30.128009
2016-11-05,0.0,0.1278167736,30.3466858
2016-11-06,0.0,0.12602081240000002,30.2828187
2016-11-07,0.0,0.1246734625,30.173468000000003
2016-11-08,0.0,0.12312622150000001,30.4960021
2016-11-09,0.0,0.12177734390000002,30.430597
2016-11-10,0.0,0.120751953,30.2528137
2016-11-11,0.0,0.11985321060000001,30.231475999999997
2016-11-12,0.0,0.11911163390000001,30.623638900000003
2016-11-13,0.0,0.118486024,30.672442699999998
2016-11-14,0.0,0.11793212900000001,31.034674000000003
2016-11-15,0.0,0.1175155645,31.403277600000003
2016-11-16,0.0,0.11711883599999999,32.2630431
2016-11-17,0.0,0.1166641235,31.525348100000002
2016-11-18,0.0,0.11639099100000001,30.2815246
2016-11-19,0.0,0.116050721,30.5038149
2016-11-20,0.0,0.1157653801,30.852179
2016-11-21,0.0,0.11548614500000001,31.034234700000003
2016-11-22,0.0,0.1152465834,30.879034400000002
2016-11-23,0.0,0.11501770009999998,31.1226379
2016-11-24,0.0,0.11481933470000001,31.3601136
2016-11-25,0.0,0.11461792,30.8690248
2016-11-26,0.0,0.1144378676,31.042144999999998
2016-11-27,0.0,0.11427154710000001,30.971148699999997
2016-11-28,0.0,0.11415100149999999,30.8819152
2016-11-29,0.0,0.1141128538,30.560138000000002
2016-11-30,0.0,0.11403808740000002,30.7247621
2016-12-01,0.0,0.11398010300000001,30.6916565
2016-12-02,0.0,0.1138549808,31.277423
2016-12-03,0.0,0.1137344355,31.7526431
2016-12-04,0.0,0.1136169436,32.5797425
2016-12-05,0.0,0.1135025027,32.2714906
2016-12-06,0.0,0.11342163050000001,31.6415589
2016-12-07,0.0,0.1133392339,30.8984192
2016-12-08,0.0,0.113269044,30.7098208
2016-12-09,0.0,0.11321563679999999,29.976446499999998
2016-12-10,0.0,0.1131866444,29.533917199999998
2016-12-11,0.0,0.1131301874,30.0280579
2016-12-12,0.0,0.11307220469999998,30.326470899999997
2016-12-13,0.0,0.11300811830000002,30.8648007
2016-12-14,0.0,0.11297149759999998,31.946441900000003
2016-12-15,0.0,0.112960816,32.1947814
2016-12-16,0.0,0.11289825439999998,32.8011051
2016-12-17,0.0,0.1128356932,32.4346498
2016-12-18,0.0,0.11276245110000001,30.921929799999997
2016-12-19,0.0,0.1127487179,30.731964499999997
2016-12-20,0.0,0.11270904559999999,31.2680479
2016-12-21,0.0,0.1126831062,31.441851800000002
2016-12-22,0.0,0.1126846319,30.3527647
2016-12-23,0.0,0.1126693719,30.607599099999998
2016-12-24,0.0,0.1126525888,30.383453199999998
2016-12-25,0.0,0.1126007072,30.9101381
2016-12-26,0.0,0.1125656125,31.4152648
2016-12-27,0.0,0.1125289921,31.050860699999998
2016-12-28,0.0,0.11249084470000001,31.328619200000002
2016-12-29,0.0,0.1124465935,31.489849900000003
2016-12-30,0.0,0.1124130247,31.641046
2016-12-31,0.0,0.1124008182,30.9567444
2017-01-01,0.0,0.1123962391,30.766094900000002
2017-01-02,0.0,0.11238250759999999,31.1193911
2017-01-03,0.0,0.11234283330000001,31.523785299999997
2017-01-04,0.0,0.11231384150000001,30.8578671
2017-01-05,0.0,0.11230468639999999,30.383990599999997
2017-01-06,0.0,0.11229553249999999,28.685040199999996
2017-01-07,0.0,0.11228484970000001,28.6310607
2017-01-08,0.0,0.1122482307,29.583014000000002
2017-01-09,0.0,0.1122467044,28.514288299999997
2017-01-10,0.0,0.1122436531,28.5608951
2017-01-11,0.0,0.11223144460000001,28.391216800000002
2017-01-12,0.0,0.11221160829999999,29.3809142
2017-01-13,0.0,0.1121688845,29.685235499999997
2017-01-14,0.0,0.11218872040000001,29.5188292
2017-01-15,0.0,0.1121673591,30.6318418
2017-01-16,0.0,0.1121551524,30.4215881
2017-01-17,0.0,0.11213836669999999,30.1122862
2017-01-18,0.0,0.112112426,30.247808900000003
2017-01-19,0.0,0.1120315559,32.0862363
2017-01-20,0.0,0.1120132455,32.182965
2017-01-21,0.0,0.1119827275,32.0206845
2017-01-22,0.0,0.1119293206,33.359429999999996
2017-01-23,0.0,0.1118835439,33.6240048
2017-01-24,0.0,0.1118606569,34.4272034
2017-01-25,0.0,0.1118286128,33.670074299999996
2017-01-26,0.0,0.1118423459,30.8729552
2017-01-27,0.0,0.11184692460000001,30.8691953
2017-01-28,0.0,0.11178893999999999,33.4160219
2017-01-29,0.0,0.1117431643,33.8031799
2017-01-30,0.0,0.11172943090000001,32.6717833
2017-01-31,0.0,0.11173248359999999,32.27756960000001
2017-02-01,0.0,0.111701966,32.734259
2017-02-02,0.0,0.11167297410000002,33.537701600000005
2017-02-03,0.0,0.1116851815,31.914239499999997
2017-02-04,0.0,0.11167144840000001,30.3551819
2017-02-05,0.0,0.111831665,29.378643599999997
2017-02-06,0.0,0.11178131120000001,30.4534241
2017-02-07,0.0,0.1117126455,31.414923199999997
2017-02-08,0.0,0.11168670480000001,31.328594799999998
2017-02-09,0.0,0.1116424563,32.3018372
2017-02-10,0.0,0.11159362850000001,31.5815244
2017-02-11,0.0,0.1115478505,31.2371154
2017-02-12,0.0,0.11137542739999999,32.2577208
2017-02-13,0.0,0.111364745,33.5522032
2017-02-14,0.0,0.1113265989,36.0736876
2017-02-15,0.0,0.11127776959999999,36.3509339
2017-02-16,0.0,0.11122741679999999,36.4651916
2017-02-17,0.0,0.1111968994,36.988434
2017-02-18,0.0,0.11116638220000001,37.1045958
2017-02-19,0.0,0.1111450187,35.3545472
2017-02-20,0.0,0.1111312865,34.0332095
2017-02-21,0.0,0.11115417540000001,32.5303043
2017-02-22,0.0,0.1111526483,32.2479063
2017-02-23,0.0,0.1110794069,34.1425359
2017-02-24,0.0,0.1110122694,35.4262267
2017-02-25,0.0,0.1109573361,36.615338099999995
2017-02-26,0.0,0.1109176631,35.9475156
2017-02-27,0.0,0.1108581541,36.17569
2017-02-28,0.0,0.1108276367,35.873736300000004
2017-03-01,0.0,0.11078949060000001,35.992877500000006
2017-03-02,0.0,0.1107894903,34.639605599999996
2017-03-03,0.0,0.1107711798,34.6483461
2017-03-04,0.0,0.1106765756,34.1186584
2017-03-05,0.0,0.1105957035,34.5520571
2017-03-06,0.0,0.11056671259999999,34.2311093
2017-03-07,0.0,0.11053771910000001,33.6958558
2017-03-08,0.0,0.11048431380000001,34.7160216
2017-03-09,0.0,0.1103805547,33.517877299999995
2017-03-10,0.0,0.1125762929,31.4120177
2017-03-11,0.0,0.1150497442,31.309796
2017-03-12,0.0,0.1139907842,33.0328918
2017-03-13,0.0,0.1132019044,34.3241265
2017-03-14,0.0,0.112675475,35.458307000000005
2017-03-15,0.0,0.1123809818,35.499762
2017-03-16,0.0,0.11218109140000002,34.751178499999995
2017-03-17,0.0,0.1120483395,35.1071352
2017-03-18,0.0,0.1119232184,34.6984431
2017-03-19,0.0,0.111834717,34.6968324
2017-03-20,0.0,0.11165313670000002,35.8352603
2017-03-21,0.0,0.111569214,35.4907775
2017-03-22,0.0,0.1114639291,35.5802307
2017-03-23,0.0,0.11137237559999999,35.451178
2017-03-24,0.0,0.1113281253,35.674517800000004
2017-03-25,0.0,0.1112854006,36.807428
2017-03-26,0.0,0.11125183060000002,37.255768
2017-03-27,0.0,0.1111816409,39.1268613
2017-03-28,0.0,0.1111572266,34.528058
2017-03-29,0.0,0.1111053465,35.021490299999996
2017-03-30,0.0,0.11120758230000001,35.372589
2017-03-31,0.0,0.1110855105,37.1867735
2017-04-01,0.0,0.1110946655,35.5115297
2017-04-02,0.0,0.11101684569999999,36.0474184
2017-04-03,0.0,0.1110458388,35.8981507
2017-04-04,0.0,0.11112976059999999,35.3278623
2017-04-05,0.0,0.11117858809999999,35.7116762
2017-04-06,0.0,0.11149444589999999,35.91516729999999
2017-04-07,0.0,0.1115356443,35.6258852
2017-04-08,0.0,0.1112121586,36.9138246
2017-04-09,0.0,0.1110671996,38.055035
2017-04-10,0.0,0.1109130851,38.1731019
2017-04-11,0.0,0.11071624799999999,37.6709532
2017-04-12,0.0,0.11058044380000001,37.9815494
2017-04-13,0.0,0.1105194093,38.9940001
2017-04-14,0.0,0.11039886439999999,36.6386295
2017-04-15,0.0,0.11039428550000001,36.922369700000004
2017-04-16,0.0,0.11031036359999999,37.999371399999994
2017-04-17,0.0,0.11026458720000001,37.0985408
2017-04-18,0.0,0.11021728589999999,37.564361399999996
2017-04-19,0.0,0.11016387940000001,36.4429752
2017-04-20,0.0,0.1101837153,36.6150456
2017-04-21,0.0,0.11031036279999999,35.1173162
2017-04-22,0.0,0.11046142560000001,35.4522284
2017-04-23,0.0,0.1108444207,35.9358949
2017-04-24,0.0,0.11131591910000001,36.1613833
2017-04-25,0.0,0.11115722639999999,35.6785461
2017-04-26,0.0,0.11104126080000001,35.6640437
2017-04-27,0.0,0.1108932493,36.305181999999995
2017-04-28,0.0,0.1106979366,36.050714
2017-04-29,0.0,0.1105987544,36.0445617
2017-04-30,0.0,0.1105850218,35.8359677
2017-05-01,0.0,0.1104782098,35.7069154
2017-05-02,0.0,0.1104461668,35.8954901
2017-05-03,0.0,0.1104507458,36.2330872
2017-05-04,0.0,0.1103881833,37.2685607
2017-05-05,0.0,0.11027832,38.2794497
2017-05-06,0.0,0.1101959232,37.6462463
2017-05-07,0.0,0.11021576,37.7390198
2017-05-08,0.0,0.11013183680000001,37.48714
2017-05-09,0.0,0.11011963040000002,37.254840200000004
2017-05-10,0.0,0.1100891109,37.4106752
2017-05-11,0.0,0.11005859330000001,37.2267644
2017-05-12,0.0,0.1100677484,38.2165343
2017-05-13,0.7555900067090988,0.1102005012,38.932867900000005
2017-05-14,0.18124305456876752,0.110266113,38.2357972
2017-05-15,0.0,0.1103500369,37.235210800000004
2017-05-16,0.0,0.11027221680000002,37.2893374
2017-05-17,0.0,0.1110076906,37.2024719
2017-05-18,0.0,0.1110412601,37.3012269
2017-05-19,0.0,0.1111389159,36.5692932
2017-05-20,0.0,0.1109832761,37.456231700000004
2017-05-21,0.0,0.11106567519999999,36.6896057
2017-05-22,0.0,0.1117614745,37.0927309
2017-05-23,0.0,0.111685181,37.643073
2017-05-24,0.0,0.1120880134,37.1328184
2017-05-25,0.0,0.1126632684,36.6857727
2017-05-26,0.0,0.113893128,36.4985902
2017-05-27,0.0,0.1175582883,36.2565004
2017-05-28,0.0,0.123846435,34.71301939999999
2017-05-29,0.0,0.14287719640000002,33.256012
2017-05-30,0.0,0.171420289,32.1822818
2017-05-31,0.20076313614845276,0.191149904,33.7170225
2017-06-01,0.0,0.18938141,34.0432924
2017-06-02,2.525048043578863,0.22481079099999998,33.8279724
2017-06-03,0.0,0.22658233599999997,32.4376771
2017-06-04,4.4599926471710205,0.219659424,32.0880739
2017-06-05,0.43577176705002785,0.21364288399999998,32.9440247
2017-06-06,0.08545389957726,0.21103820899999998,33.5757141
2017-06-07,0.0,0.288032529,30.6867126
2017-06-08,17.21508464217186,0.359733582,28.2707761
2017-06-09,21.78593158721924,0.36849518,29.0314027
2017-06-10,53.3706374168396,0.40777893,26.420696900000003
2017-06-11,1.2212218940258026,0.40224914600000006,29.967284999999997
2017-06-12,29.580235928297043,0.400234981,28.987109299999997
2017-06-13,26.041101455688477,0.41153106800000006,29.781146200000002
2017-06-14,0.0,0.37626037700000003,30.4110168
2017-06-15,27.982675597071648,0.396939089,30.483428800000002
2017-06-16,2.4798017852008343,0.380966186,30.607702699999997
2017-06-17,0.2555309236049652,0.374375917,30.098101800000002
2017-06-18,0.7552105002105236,0.356013486,30.9094239
2017-06-19,1.8595793545246124,0.354809572,30.608313
2017-06-20,3.9189087748527527,0.359599307,30.299084399999998
2017-06-21,1.990584947168827,0.353652953,30.1726928
2017-06-22,17.09253430366516,0.359083557,29.6020752
2017-06-23,26.77058982849121,0.355801391,30.721551599999998
2017-06-24,2.2546111941337585,0.395077516,28.325396599999998
2017-06-25,97.7611780166626,0.397927853,27.729870499999997
2017-06-26,58.79227256774902,0.414982604,26.3306152
2017-06-27,40.886653900146484,0.409928893,26.3515441
2017-06-28,94.59736633300781,0.418682862,25.9928226
2017-06-29,108.63674926757812,0.43453064,26.9657226
2017-06-30,49.69534921646118,0.39595794500000003,27.866925100000003
2017-07-01,51.04623889923096,0.398167419,26.435608100000003
2017-07-02,59.74249601364136,0.398838807,27.1817199
2017-07-03,55.15415358543396,0.393519591,28.958062599999998
2017-07-04,9.784487128257751,0.400082398,27.9800964
2017-07-05,8.079285025596619,0.38194580499999997,29.0556823
2017-07-06,3.33568999171257,0.378593446,29.357855
2017-07-07,14.496041417121887,0.39033203099999997,27.8075867
2017-07-08,5.9757595881819725,0.37095337100000003,29.693652300000004
2017-07-09,7.801643371582031,0.366603089,29.6261351
2017-07-10,8.332274600863457,0.365390015,29.340789899999997
2017-07-11,9.004570126533508,0.374916077,28.639038199999998
2017-07-12,8.114516139030457,0.374806213,27.8027464
2017-07-13,1.2153235226869583,0.38376159899999995,28.0751709
2017-07-14,51.893784523010254,0.413038638,25.7063049
2017-07-15,78.00700569152832,0.40912170400000003,26.6437682
2017-07-16,63.824005126953125,0.41290283,27.1466188
2017-07-17,51.12564182281494,0.42024688499999996,26.062908900000004
2017-07-18,125.65293884277344,0.414895631,25.340167200000003
2017-07-19,97.05835914611816,0.42372436799999996,25.5876038
2017-07-20,27.49509906768799,0.41601562400000003,25.237322799999998
2017-07-21,56.58957815170288,0.408872985,26.1518127
2017-07-22,85.93338012695312,0.40876007200000003,27.1253113
2017-07-23,55.08857250213623,0.39790344499999997,27.048126200000002
2017-07-24,9.912331104278564,0.395521546,27.5422424
2017-07-25,6.15184473991394,0.391534425,28.555303900000002
2017-07-26,6.734026491641998,0.393937685,27.9013489
2017-07-27,8.934121966362,0.39783325199999997,26.1037963
2017-07-28,13.181926965713501,0.391104125,24.959454299999997
2017-07-29,8.372771739959717,0.404444888,28.4996217
2017-07-30,8.23977667093277,0.388618471,28.7949952
2017-07-31,6.249155640602112,0.393095398,27.8467467
2017-08-01,16.995773315429688,0.392385865,28.7204836
2017-08-02,7.967629790306091,0.376835633,28.974676499999998
2017-08-03,7.131374716758728,0.38186034700000004,28.459625
2017-08-04,5.923298805952072,0.36906127899999996,28.977044999999997
2017-08-05,1.8138803094625473,0.37036743,29.016388
2017-08-06,0.31091485917568207,0.37206573600000004,29.140265
2017-08-07,2.703693702816963,0.36424255099999997,29.207543800000003
2017-08-08,15.846737325191498,0.370036315,28.8174742
2017-08-09,1.509096771478653,0.37536468300000003,28.3867429
2017-08-10,8.471538364887238,0.380375671,28.3247499
2017-08-11,7.844455778598785,0.383441164,27.978472899999996
2017-08-12,10.899166822433472,0.372439574,28.9414856
2017-08-13,8.69806295633316,0.38327178900000003,28.3387268
2017-08-14,22.52658987045288,0.39829559400000003,26.474121000000004
2017-08-15,62.02634906768799,0.387678529,27.739440899999998
2017-08-16,20.824732780456543,0.378187561,29.082672000000002
2017-08-17,2.8673715591430664,0.37017517299999997,29.0362426
2017-08-18,3.950026601552963,0.367185975,29.3833437
2017-08-19,13.220730006694795,0.405096437,25.924548299999998
2017-08-20,43.2287654876709,0.421473692,24.5839538
2017-08-21,121.22879791259766,0.40195465099999994,26.0578917
2017-08-22,10.171300172805786,0.380162047,28.794555600000002
2017-08-23,2.620703123509884,0.384442139,29.035693099999996
2017-08-24,7.9295971393585205,0.380145264,29.2598082
2017-08-25,15.441375613212587,0.397091674,27.0612614
2017-08-26,81.92712020874023,0.401622011,27.3927611
2017-08-27,62.06172752380371,0.409362793,27.1555726
2017-08-28,72.8610029220581,0.42190246900000006,25.8125183
2017-08-29,121.97883033752441,0.42751617499999994,25.1040713
2017-08-30,158.3501205444336,0.391168214,26.910626
2017-08-31,16.445271372795105,0.380308533,28.010632299999997
2017-09-01,0.8838300704956054,0.37313690099999997,28.2287782
2017-09-02,5.616027742624283,0.36662292399999996,28.7670595
2017-09-03,15.950442790985107,0.385710143,28.907336400000002
2017-09-04,9.893980085849762,0.364590455,29.7039309
2017-09-05,0.0,0.360835267,29.10249
2017-09-06,0.14390916377305984,0.357026668,29.342663599999998
2017-09-07,0.0,0.336932373,29.895452799999997
2017-09-08,0.0,0.336601255,29.7027467
2017-09-09,11.965005025267601,0.39095459099999996,28.65376
2017-09-10,4.805099546909332,0.391009523,29.066851800000002
2017-09-11,1.3293041195720434,0.357679747,30.8735658
2017-09-12,9.050081849098206,0.36186676100000004,31.203893799999996
2017-09-13,57.95337772369385,0.362829591,29.609576600000004
2017-09-14,1.1191290840506554,0.357981874,29.21051
2017-09-15,45.35751247406006,0.39363098,28.500500499999998
2017-09-16,8.76967340707779,0.367396548,29.7204774
2017-09-17,13.713274717330933,0.403021242,27.723028499999998
2017-09-18,5.841871038079262,0.397390745,27.173022800000002
2017-09-19,0.5533203259110451,0.41930694500000004,26.4604734
2017-09-20,222.32674407958984,0.42709655699999993,24.457440100000003
2017-09-21,74.20248413085938,0.40594634799999996,26.385693300000003
2017-09-22,17.13469433784485,0.381193543,27.9440244
2017-09-23,2.750119835138321,0.362879942,28.5118103
2017-09-24,0.0,0.37093811099999996,28.5688782
2017-09-25,0.0,0.356213379,28.7166563
2017-09-26,0.0,0.332154846,29.0533935
2017-09-27,0.0,0.314231871,29.777984600000003
2017-09-28,0.0,0.311141966,29.999084399999997
2017-09-29,2.2105178385972977,0.325648497,29.0080932
2017-09-30,8.314936339855194,0.34702453499999997,30.2096864
2017-10-01,3.3556367792189126,0.34151306400000003,30.5676758
2017-10-02,0.0,0.317648315,30.812188600000002
2017-10-03,0.0,0.304779051,30.8686282
2017-10-04,0.0,0.285018922,31.435656599999998
2017-10-05,0.0,0.26942749099999996,31.1871582
2017-10-06,0.0,0.25839538700000003,31.586505199999998
2017-10-07,9.29645848274231,0.35560913000000005,29.953973400000002
2017-10-08,28.78251576423645,0.357063293,28.3884949
2017-10-09,28.91006565093994,0.424139401,27.628137200000005
2017-10-10,2.197972357273102,0.41028900100000004,26.286737
2017-10-11,17.917248368263245,0.40370330899999995,26.7350282
2017-10-12,0.0599385071545839,0.38692779499999996,28.946673799999996
2017-10-13,0.3100751042366028,0.3744812,28.982671900000003
2017-10-14,9.051098227500916,0.405885313,28.430438199999998
2017-10-15,20.40785551071167,0.393554685,28.584155199999998
2017-10-16,4.074162483215332,0.365797424,29.8679016
2017-10-17,12.460076808929443,0.346476748,30.7054871
2017-10-18,0.0,0.328477483,30.4446595
2017-10-19,0.0,0.314414976,30.200763000000002
2017-10-20,0.0,0.302125551,29.4342285
2017-10-21,0.0,0.296409608,28.643042200000004
2017-10-22,0.0,0.291346741,29.677227800000004
2017-10-23,0.0,0.279933166,30.036859099999997
2017-10-24,0.0,0.263357542,29.2396484
2017-10-25,0.0,0.24907531700000002,29.8210691
2017-10-26,0.0,0.23634490700000002,30.2672789
2017-10-27,0.0,0.22677917499999997,29.7699767
2017-10-28,0.0,0.21760253899999998,29.8304505
2017-10-29,0.0,0.20916900700000002,29.9204162
2017-10-30,0.0,0.199792482,30.369488699999998
2017-10-31,0.0,0.190470886,30.1452089
2017-11-01,0.0,0.181523133,30.0224425
2017-11-02,0.0,0.17333069,29.7006166
2017-11-03,0.0,0.16602936000000001,29.541680500000002
2017-11-04,0.0,0.159594726,29.3744201
2017-11-05,0.0,0.154000853,29.986456299999997
2017-11-06,0.0,0.14900818,30.874078400000002
2017-11-07,0.0,0.1448165905,30.7448059
2017-11-08,0.0,0.14144897409999999,30.742999200000003
2017-11-09,0.0,0.1384536734,30.569439999999997
2017-11-10,0.0,0.13554534940000001,30.6219787
2017-11-11,0.0,0.1331283555,30.311285299999998
2017-11-12,0.0,0.130967713,29.697271699999998
2017-11-13,0.0,0.1293045032,29.387042100000002
2017-11-14,0.0,0.1280868536,29.275201400000004
2017-11-15,0.0,0.1267562876,29.798321500000004
2017-11-16,0.0,0.125381469,29.685699699999997
2017-11-17,0.0,0.1241287234,29.6602358
2017-11-18,0.0,0.1230499258,30.083770800000003
2017-11-19,0.0,0.12204895,29.769390700000002
2017-11-20,0.24184446036815643,0.1220062256,30.7822568
2017-11-21,0.0,0.1213500985,31.206060700000002
2017-11-22,0.0,0.120687866,30.9838931
2017-11-23,0.0,0.1198547365,30.106891
2017-11-24,0.0,0.1192733775,29.372711099999997
2017-11-25,0.0,0.118823241,30.242242599999997
2017-11-26,0.0,0.11826171999999999,31.3646543
2017-11-27,0.0,0.11774902300000001,30.8191954
2017-11-28,0.0,0.117410278,30.101739599999995
2017-11-29,0.0,0.1170959474,30.480670299999996
2017-11-30,0.0,0.11667327840000001,30.5881164
2017-12-01,0.0,0.1163543704,30.6844297
2017-12-02,0.0,0.1160095207,31.0010069
2017-12-03,0.0,0.1157318104,31.514288299999997
2017-12-04,0.0,0.11660308800000001,29.0665102
2017-12-05,16.285247087478638,0.2035568215,26.417535299999997
2017-12-06,32.00938034057617,0.23436126699999998,26.204254400000003
2017-12-07,0.0,0.2133926394,26.6330871
2017-12-08,0.0,0.198451233,28.0352476
2017-12-09,0.0,0.187060548,28.6959045
2017-12-10,0.0,0.17592163,28.7353089
2017-12-11,0.0,0.16767883160000002,27.5052307
2017-12-12,0.0,0.160029602,27.277594
2017-12-13,0.0,0.1532119761,26.937579399999997
2017-12-14,0.0,0.147163391,27.4427795
2017-12-15,0.0,0.1421630856,28.4394835
2017-12-16,0.0,0.137388611,30.009551899999998
2017-12-17,0.0,0.1328475954,30.919415400000002
2017-12-18,0.0,0.1293533316,29.779351600000002
2017-12-19,0.0,0.126350403,29.644464
2017-12-20,0.0,0.1236679082,29.8582581
2017-12-21,0.0,0.12166442879999999,29.892632900000002
2017-12-22,0.0,0.12018127349999999,29.9738585
2017-12-23,0.0,0.1189575196,30.140069699999998
2017-12-24,0.0,0.1180984504,29.7445619
2017-12-25,0.0,0.1173629769,30.477887099999997
2017-12-26,0.0,0.11667022759999998,31.308258000000002
2017-12-27,0.0,0.1161468506,30.2266908
2017-12-28,0.0,0.1157196046,30.433135900000003
2017-12-29,0.0,0.11536559989999999,29.8656554
2017-12-30,0.0,0.1151626594,29.971759
2017-12-31,0.0,0.1149551401,29.6257385
2018-01-01,0.0,0.1147949206,29.0905822
2018-01-02,0.0,0.11463622920000001,28.925030400000004
2018-01-03,0.0,0.11451568649999999,29.2321106
2018-01-04,0.0,0.11440429700000002,30.1119688
2018-01-05,0.0,0.1143051146,29.3810852
2018-01-06,0.0,0.11416626029999999,28.7421202
2018-01-07,0.0,0.114033508,28.086114599999995
2018-01-08,0.0,0.1139282221,28.691119300000004
2018-01-09,0.0,0.11381225580000001,31.1004212
2018-01-10,0.0,0.113691713,32.1147763
2018-01-11,0.0,0.1135543814,32.5472959
2018-01-12,0.0,0.1134902955,32.1751279
2018-01-13,0.0,0.11340789840000001,32.9411683
2018-01-14,0.0,0.11334686219999998,32.370074699999996
2018-01-15,0.0,0.11325683660000001,33.0350645
2018-01-16,0.0,0.1131698602,33.9412416
2018-01-17,0.0,0.11311798130000002,32.430670199999994
2018-01-18,0.0,0.1130676267,32.6546693
2018-01-19,0.0,0.11302032420000001,31.902398700000003
2018-01-20,0.0,0.1129501353,32.235015600000004
2018-01-21,0.0,0.1129165638,32.3690492
2018-01-22,0.0,0.11295165929999999,30.848175100000002
2018-01-23,0.0,0.1129577651,29.438775599999996
2018-01-24,0.0,0.11288909970000001,30.050469900000003
2018-01-25,0.0,0.11285095220000001,31.1426328
2018-01-26,0.0,0.1127838132,30.871881100000003
2018-01-27,0.0,0.11276550299999999,30.275103899999998
2018-01-28,0.0,0.1127609243,30.2765196
2018-01-29,0.0,0.1127090445,32.4532289
2018-01-30,0.0,0.1126281732,33.1715396
2018-01-31,0.0,0.11256866369999999,33.3641173
2018-02-01,0.0,0.11253051750000001,33.0073791
2018-02-02,0.0,0.11251831000000001,32.2040101
2018-02-03,0.0,0.1124938952,32.6716617
2018-02-04,0.0,0.1124740605,32.4010071
2018-02-05,0.0,0.11248016540000001,31.819586200000003
2018-02-06,0.0,0.1124938961,31.176886000000003
2018-02-07,0.0,0.1126510605,31.4441469
2018-02-08,0.0,0.1126022341,31.784405400000004
2018-02-09,0.0,0.1124206534,31.3690249
2018-02-10,0.0,0.11236572199999999,30.6554259
2018-02-11,0.0,0.1124145505,29.194513
2018-02-12,0.0,0.11230316060000001,30.503521799999998
2018-02-13,0.0,0.112181092,32.1743224
2018-02-14,0.0,0.1121551505,34.995221099999995
2018-02-15,0.0,0.1121215825,34.5557679
2018-02-16,0.0,0.1121047977,34.0355528
2018-02-17,0.0,0.11207427889999999,33.6002995
2018-02-18,0.0,0.1120529178,34.026178099999996
2018-02-19,0.0,0.11202545150000001,33.8836972
2018-02-20,0.0,0.11201477039999999,33.7122623
2018-02-21,0.0,0.1119796751,34.6467345
2018-02-22,0.0,0.1119613642,34.0554994
2018-02-23,0.0,0.11194610599999999,33.5856747
2018-02-24,0.0,0.11189575110000001,34.666949699999996
2018-02-25,0.0,0.1118179323,35.5704648
2018-02-26,0.0,0.11178741569999999,35.1250062
2018-02-27,0.0,0.1117385859,36.022418099999996
2018-02-28,0.0,0.11170501749999999,36.4029356
2018-03-01,0.0,0.11167755129999998,35.847125
2018-03-02,0.0,0.11163787839999999,35.419635
2018-03-03,0.0,0.11161193890000001,35.5093325
2018-03-04,0.0,0.11157226540000001,35.0891663
2018-03-05,0.0,0.1115371713,35.4833068
2018-03-06,0.0,0.11151733510000002,34.761066
2018-03-07,0.0,0.1114837652,34.1283749
2018-03-08,0.0,0.1114746105,33.3729554
2018-03-09,0.0,0.111381531,34.892828
2018-03-10,0.0,0.1113677985,35.039142299999995
2018-03-11,0.0,0.11130981449999999,36.745025500000004
2018-03-12,0.0,0.111276245,36.031964099999996
2018-03-13,0.0,0.11124572719999999,34.5620912
2018-03-14,0.0,0.1112243651,34.9714419
2018-03-15,0.0,0.11131286609999999,29.5695253
2018-03-16,0.04871054366230965,0.1115905765,34.940972699999996
2018-03-17,0.02567507326602935,0.1114471432,34.6571839
2018-03-18,0.0,0.1120803826,35.6005191
2018-03-19,0.0,0.1120254507,35.0807677
2018-03-20,0.0,0.11181182860000001,35.8094786
2018-03-21,0.0,0.11166992279999999,34.3191713
2018-03-22,0.0,0.11157379139999998,33.4937563
2018-03-23,0.0,0.11144409159999999,33.8864807
2018-03-24,0.0,0.1113433837,35.924078300000005
2018-03-25,0.0,0.1112228378,39.369683800000004
2018-03-26,0.0,0.1111450187,38.6339909
2018-03-27,0.0,0.11117401060000001,35.4000549
2018-03-28,0.0,0.1111938487,34.869073400000005
2018-03-29,0.0,0.11110076760000001,35.5586
2018-03-30,0.0,0.1110687256,35.237628
2018-03-31,0.0,0.111061096,35.2310124
2018-04-01,0.0,0.11105041359999998,35.0425112
2018-04-02,0.0,0.1109970101,34.3301573
2018-04-03,0.0,0.1109237666,35.1781798
2018-04-04,0.0,0.11087188719999999,35.654693300000005
2018-04-05,0.0,0.1108215344,36.149518
2018-04-06,0.0,0.1108291616,35.751422500000004
2018-04-07,0.0,0.11087646440000001,36.1412902
2018-04-08,0.0,0.11073608409999999,36.7098206
2018-04-09,0.0,0.1105636595,36.1167541
2018-04-10,0.0,0.1105651848,34.9390927
2018-04-11,0.0,0.11052093489999999,35.971173
2018-04-12,0.0,0.11051025399999999,35.7752013
2018-04-13,0.0,0.1104843145,35.8606263
2018-04-14,0.0,0.1104568484,36.2284727
2018-04-15,0.0,0.1104675299,36.0072327
2018-04-16,0.0,0.1103942872,36.9108948
2018-04-17,0.0,0.11144561719999999,38.457183799999996
2018-04-18,0.0,0.11096038779999999,38.412213099999995
2018-04-19,0.0,0.11066894499999999,38.7775452
2018-04-20,0.0,0.1105407719,37.2723448
2018-04-21,0.0,0.1104553211,37.1211732
2018-04-22,0.0,0.1102676404,37.4396059
2018-04-23,0.0,0.11015014590000001,36.916339
2018-04-24,0.0,0.1100570672,37.287628
2018-04-25,0.0,0.1100021367,36.7340633
2018-04-26,0.0,0.11002044740000001,35.801763900000005
2018-04-27,0.0,0.10993804900000001,35.9086736
2018-04-28,0.0,0.10992736760000002,36.250226299999994
2018-04-29,0.0,0.109960938,36.0249325
2018-04-30,0.0,0.10994110130000001,36.172882300000005
2018-05-01,0.0,0.10994262799999999,36.2329898
2018-05-02,0.0,0.10992126399999999,36.3897034
2018-05-03,0.0,0.1099060063,36.7557681
2018-05-04,0.0,0.1099884038,36.9133361
2018-05-05,0.0,0.1102813721,36.7496156
2018-05-06,0.0,0.11016540459999999,36.6869934
2018-05-07,0.0,0.11043395870000002,36.9605526
2018-05-08,0.0,0.11039123549999999,37.0432924
2018-05-09,0.0,0.11022491460000002,37.595245399999996
2018-05-10,0.0,0.1101043689,36.896588200000004
2018-05-11,0.0,0.11002807649999999,37.70401
2018-05-12,0.0,0.1099975589,37.0354063
2018-05-13,0.0,0.1099502574,37.728570000000005
2018-05-14,0.0,0.1102340695,37.0783993
2018-05-15,0.0,0.1102661125,36.8082821
2018-05-16,0.0,0.1102081302,36.9830873
2018-05-17,0.0,0.1102996825,38.1549864
2018-05-18,0.0,0.11026763889999999,37.3820131
2018-05-19,0.0,0.1101943983,37.4995179
2018-05-20,0.0,0.11020355100000001,37.061651499999996
2018-05-21,0.0,0.1102233874,36.5565247
2018-05-22,0.0,0.11011962769999999,36.8142394
2018-05-23,0.0,0.11004180999999999,37.488849099999996
2018-05-24,0.0,0.1100860602,37.118097
2018-05-25,0.0,0.110331726,35.891485599999996
2018-05-26,0.0,0.1116989128,37.98989830000001
2018-05-27,0.0,0.112390137,37.139655
2018-05-28,0.0,0.1142974863,36.5363098
2018-05-29,0.0,0.1189178464,35.527715799999996
2018-05-30,0.0,0.12181396549999998,36.479254299999994
2018-05-31,0.0,0.1291442875,36.975201399999996
2018-06-01,0.0,0.12715911900000001,36.655206500000006
2018-06-02,0.04136935248970985,0.13077087299999998,36.2385315
2018-06-03,8.318897187709808,0.142831421,33.2899842
2018-06-04,0.0,0.20949402,33.7628475
2018-06-05,34.74614906311035,0.212330628,32.9178896
2018-06-06,0.0,0.268016054,30.823865
2018-06-07,17.179847240447998,0.330574035,29.0435976
2018-06-08,17.984569549560547,0.365754701,29.288464499999996
2018-06-09,74.94391250610352,0.384957885,28.2305421
2018-06-10,73.45544290542603,0.354563905,30.900329699999997
2018-06-11,6.169642210006714,0.349792482,30.8660705
2018-06-12,1.317676529288292,0.336773682,30.700683700000003
2018-06-13,0.28892502188682556,0.333067321,30.8054932
2018-06-14,1.5263908915221691,0.31762695399999996,31.5683286
2018-06-15,2.9431902170181274,0.323178102,30.275415
2018-06-16,7.816943790763616,0.33380127000000004,29.292492700000004
2018-06-17,42.72747039794922,0.39252472099999997,27.368853899999998
2018-06-18,59.53093147277832,0.390405275,28.343450699999998
2018-06-19,0.9003738537430763,0.367451477,30.1430543
2018-06-20,0.2349983975291252,0.35048675500000004,30.8631593
2018-06-21,0.19227145612239838,0.34340057599999996,28.841253899999998
2018-06-22,9.970144927501678,0.354246523,29.1205383
2018-06-23,33.27776479721069,0.402273558,26.3206604
2018-06-24,47.73923444747925,0.434999083,26.0932556
2018-06-25,167.47105407714844,0.408065793,26.0598574
2018-06-26,90.45037651062012,0.395646669,27.9281126
2018-06-27,22.953392028808594,0.376583864,29.897119299999996
2018-06-28,9.512548387050629,0.392929076,26.9977417
2018-06-29,48.68288993835449,0.372763061,28.6589111
2018-06-30,28.167508363723755,0.368180848,28.254065100000002
2018-07-01,3.860487073659897,0.363058473,28.9632811
2018-07-02,1.0583094507455826,0.405641174,27.3713193
2018-07-03,80.02425289154053,0.418843078,25.4147033
2018-07-04,91.53910446166992,0.416151426,26.258825899999998
2018-07-05,80.32731437683105,0.403025818,27.247040199999997
2018-07-06,15.263457536697388,0.38888855,28.096337899999998
2018-07-07,26.871858596801758,0.407055662,25.637567100000002
2018-07-08,154.49298000335693,0.411053466,26.063055600000002
2018-07-09,97.91461563110352,0.412944031,25.1656068
2018-07-10,155.420166015625,0.401240536,25.107013000000002
2018-07-11,125.12584686279297,0.413288877,24.960180700000002
2018-07-12,10.822620153427124,0.41397857800000004,24.9456482
2018-07-13,8.922413170337677,0.40388488899999997,25.698052999999998
2018-07-14,35.26204991340637,0.400971985,25.902923599999998
2018-07-15,40.17471361160278,0.41448516899999993,25.195147600000002
2018-07-16,104.11666107177734,0.410910035,25.296301399999997
2018-07-17,38.02884769439697,0.408085632,25.3589051
2018-07-18,25.237315416336063,0.399583434,26.665692200000002
2018-07-19,20.56107211112976,0.396110535,28.1403992
2018-07-20,13.001082420349121,0.409461973,25.510565000000003
2018-07-21,25.084994316101074,0.42060089300000003,24.8517273
2018-07-22,20.853974103927612,0.385859677,27.079644899999998
2018-07-23,4.956164598464966,0.38431854200000004,26.7038514
2018-07-24,7.794697642326355,0.379106138,26.8473389
2018-07-25,3.9501689076423645,0.374938963,27.4262695
2018-07-26,3.7604355812072754,0.377276611,26.3384951
2018-07-27,3.154841363430023,0.38082122900000004,27.3526063
2018-07-28,3.148261994123459,0.368305969,28.487719900000002
2018-07-29,0.537011306732893,0.367601014,28.299573
2018-07-30,1.0844196528196335,0.367932127,28.6258424
2018-07-31,2.628148302435875,0.361744689,28.5552858
2018-08-01,2.7328872978687286,0.36839446800000003,28.257592499999998
2018-08-02,4.290775835514069,0.36682739400000003,28.377606200000002
2018-08-03,3.601249635219574,0.37327880599999996,27.815130599999996
2018-08-04,10.89916729927063,0.39499206600000003,26.041461199999997
2018-08-05,16.046529531478882,0.374467466,28.350140399999997
2018-08-06,3.5657540559768677,0.374314883,27.802020499999998
2018-08-07,2.217351347208023,0.372822568,27.2630007
2018-08-08,1.9803522229194641,0.377256775,27.0433289
2018-08-09,4.430247634649277,0.38959961,27.3009522
2018-08-10,5.265535205602646,0.384533691,27.4024413
2018-08-11,13.030516862869263,0.39614868200000003,26.235906999999997
2018-08-12,16.2116916179657,0.400617981,26.7096436
2018-08-13,21.142674684524536,0.391160585,27.107574399999997
2018-08-14,14.10943591594696,0.38847809,28.078137500000004
2018-08-15,4.971343964338303,0.38550719899999997,27.5957824
2018-08-16,12.77463549375534,0.406089785,24.7121154
2018-08-17,13.813904047012329,0.411331179,24.9354799
2018-08-18,8.08350419998169,0.405105589,25.757953000000004
2018-08-19,11.957101583480835,0.39628448299999997,27.5147765
2018-08-20,18.224719524383545,0.390267943,25.9586488
2018-08-21,39.98257827758789,0.40196686000000004,24.4584533
2018-08-22,31.98749351501465,0.406968687,25.3349974
2018-08-23,29.73900079727173,0.39835510100000004,27.7174804
2018-08-24,13.033691883087158,0.397077942,27.1732239
2018-08-25,10.22696566581726,0.406088256,26.7132993
2018-08-26,15.801870346069336,0.406652831,26.5731382
2018-08-27,10.530672311782837,0.398754882,26.833142099999996
2018-08-28,9.625451147556305,0.39417571900000004,26.244049
2018-08-29,7.183980464935303,0.392900086,27.5224181
2018-08-30,1.678941786289215,0.380221555,27.795489600000003
2018-08-31,4.2911615669727325,0.375425718,27.893719599999997
2018-09-01,4.049498915672302,0.383799746,26.834637500000003
2018-09-02,11.093748331069946,0.383326719,26.9730834
2018-09-03,10.854864597320557,0.387165834,27.26427
2018-09-04,5.289040297269821,0.378881836,27.657897900000002
2018-09-05,0.23468168824911118,0.36827850500000003,27.684783700000004
2018-09-06,0.3204523026943207,0.36646270799999997,27.643041899999997
2018-09-07,0.29908901825547224,0.3640625,27.807360799999998
2018-09-08,3.4378092885017395,0.358345032,27.9895694
2018-09-09,3.8244453221559525,0.35028381199999997,27.9165406
2018-09-10,2.541828364133835,0.34574585,28.0799131
2018-09-11,0.0,0.33496551500000005,28.168609600000003
2018-09-12,0.4272695034742356,0.32884216200000005,28.440441900000003
2018-09-13,0.0,0.320899963,28.6457213
2018-09-14,3.9375203251838684,0.320335388,28.7609438
2018-09-15,0.6149771213531494,0.329119872,28.5631894
2018-09-16,3.8648447692394257,0.320912172,29.231787000000004
2018-09-17,1.5597179532051089,0.311994934,28.8453064
2018-09-18,1.8667745515704155,0.30698242099999995,28.6579774
2018-09-19,4.624289445579052,0.310569763,28.4827331
2018-09-20,0.19600467383861542,0.31375274599999997,28.850042600000002
2018-09-21,2.769465893507004,0.32611847,29.4464539
2018-09-22,0.15210365504026413,0.332330323,27.160162500000002
2018-09-23,7.746879309415816,0.31954346,28.851129300000004
2018-09-24,0.0,0.31057586800000003,29.3614868
2018-09-25,0.0,0.293521118,29.6655458
2018-09-26,0.0,0.27301178,30.249969399999998
2018-09-27,0.0,0.258641052,31.3460143
2018-09-28,11.613237023353577,0.275883482,29.6860657
2018-09-29,9.645052254199982,0.26099701,31.7172549
2018-09-30,0.0,0.24640197800000002,31.698614600000003
2018-10-01,0.0,0.23052520599999998,32.3736267
2018-10-02,0.0,0.21873473899999998,32.2838931
2018-10-03,0.028419395908713323,0.217723083,31.8830139
2018-10-04,0.0,0.268960568,32.340033
2018-10-05,0.0,0.245606993,31.7109313
2018-10-06,0.0,0.223167421,32.572235
2018-10-07,0.0,0.204594422,32.8830137
2018-10-08,0.0,0.19168243599999998,32.9330873
2018-10-09,0.0,0.199324034,31.855255
2018-10-10,0.0,0.187467958,32.0036318
2018-10-11,0.0,0.1765747076,32.5326722
2018-10-12,0.0,0.1669876116,32.8920225
2018-10-13,0.0,0.158912659,33.464068
2018-10-14,0.0,0.1516265866,32.911578500000005
2018-10-15,0.0,0.145252989,33.8957824
2018-10-16,0.0,0.140254211,33.302520900000005
2018-10-17,0.0,0.1452606195,31.442510900000002
2018-10-18,7.1958465576171875,0.1645996096,30.9112124
2018-10-19,13.331375062465668,0.1577835075,32.2488831
2018-10-20,0.19448235630989075,0.15071868900000002,32.8593323
2018-10-21,0.0,0.1442260749,33.0989321
2018-10-22,0.0,0.1382507328,33.704376
2018-10-23,0.0,0.133319092,33.275543
2018-10-24,0.0,0.1294845575,33.288019
2018-10-25,0.0,0.1276702887,33.0597225
2018-10-26,0.0,0.12560424860000002,33.6241516
2018-10-27,0.0,0.1231552126,33.4760309
2018-10-28,0.0,0.12127685699999999,33.3976382
2018-10-29,0.0,0.1195968624,33.209283600000006
2018-10-30,0.0,0.1183807385,32.63089
2018-10-31,0.0,0.11749572910000002,32.817852800000004
2018-11-01,0.0,0.1167953491,33.3456116
2018-11-02,0.0,0.116317749,33.310333
2018-11-03,0.0,0.11716918899999999,33.2165343
2018-11-04,1.3041950911283493,0.117555236,33.6382384
2018-11-05,4.3893210887908936,0.11927032400000001,33.2050844
2018-11-06,0.0,0.11770782449999999,34.0347961
2018-11-07,0.0,0.1164123537,33.4002257
2018-11-08,0.0,0.1156372068,32.9981507
2018-11-09,0.0,0.11523437589999999,33.1680967
2018-11-10,0.0,0.1149108878,33.225323200000005
2018-11-11,0.0,0.1146163931,32.9635558
2018-11-12,0.0,0.1143814085,32.8906556
2018-11-13,0.0,0.1142272953,31.7491761
2018-11-14,0.0,0.11414489759999999,31.461895600000002
2018-11-15,0.0,0.1139312745,33.1287169
2018-11-16,0.0,0.1137680046,32.7921204
2018-11-17,0.0,0.1136184684,32.519073500000005
2018-11-18,0.0,0.113545228,32.0790834
2018-11-19,0.0,0.1135803216,31.5311338
2018-11-20,0.0,0.11394805859999999,32.5763732
2018-11-21,0.0,0.11365356509999999,33.5461977
2018-11-22,0.8972732126712799,0.113392639,33.9847715
2018-11-23,0.0,0.11326141320000001,34.072515800000005
2018-11-24,0.0,0.11315612820000001,33.2683416
2018-11-25,0.0,0.11310424699999999,32.5388978
2018-11-26,0.0,0.11303710919999999,33.0592834
2018-11-27,0.0,0.11300811660000001,32.7201477
2018-11-28,0.0,0.1129684438,32.6677066
2018-11-29,0.0,0.1129348746,32.4693419
2018-11-30,0.0,0.1129043566,32.256939599999995
2018-12-01,0.0,0.11291656459999999,30.9377745
2018-12-02,0.0,0.1128814698,31.2713682
2018-12-03,0.0,0.11285858200000001,31.2380188
2018-12-04,0.0,0.11283416800000001,32.2541076
2018-12-05,0.0,0.1127853375,31.9677305
2018-12-06,0.0,0.112786864,31.287872299999997
2018-12-07,0.0,0.112757873,31.026324699999996
2018-12-08,0.0,0.112745666,30.813629300000002
2018-12-09,0.0,0.11273345900000001,30.191119500000003
2018-12-10,0.0,0.11272125200000001,29.389508
2018-12-11,0.0,0.11267852650000001,29.639410500000004
2018-12-12,0.0,0.1126571645,29.673321599999998
2018-12-13,0.0,0.11265258780000001,29.6057923
2018-12-14,0.0,0.11261596700000001,30.860797100000003
2018-12-15,0.0,0.11257323999999999,31.2673644
2018-12-16,0.0,0.1125411982,30.5281066
2018-12-17,0.0,0.11252136139999999,28.9059387
2018-12-18,0.0,0.112528991,30.052789100000002
2018-12-19,0.0,0.1125183104,30.0185609
2018-12-20,0.0,0.11250915450000001,29.7446353
2018-12-21,0.0,0.1124832143,30.696270700000003
2018-12-22,0.0,0.11247711149999999,30.8701233
2018-12-23,0.0,0.1124664307,30.7809873
2018-12-24,0.0,0.1124588003,30.6077942
2018-12-25,0.0,0.11243133460000002,30.4859925
2018-12-26,0.0,0.1124420164,28.5627501
2018-12-27,0.0,0.1124252313,28.7824522
2018-12-28,0.0,0.1123916618,29.545758
2018-12-29,0.0,0.11238098,30.017266499999998
2018-12-30,0.0,0.11234588570000001,30.4071349
2018-12-31,0.0,0.1123428345,30.2137024
2019-01-01,0.0,0.1123291015,29.814483799999998
2019-01-02,0.0,0.11230621329999999,30.7042786
2019-01-03,0.0,0.1122695915,30.5312076
2019-01-04,0.0,0.11226348829999999,30.706476
2019-01-05,0.0,0.1122695914,29.9866516
2019-01-06,0.0,0.11221923860000001,29.742877099999998
2019-01-07,0.0,0.1121994025,30.8705869
2019-01-08,0.0,0.11215972839999999,30.351153699999998
2019-01-09,0.0,0.11215972869999999,29.8343811
2019-01-10,0.0,0.11214141799999999,30.628594900000003
2019-01-11,0.0,0.11214904780000001,29.972100899999997
2019-01-12,0.0,0.112083435,29.3426575
2019-01-13,0.0,0.11205596820000001,30.189923299999997
2019-01-14,0.0,0.11202087320000001,31.773126100000002
2019-01-15,0.0,0.11197509759999999,32.0117004
2019-01-16,0.0,0.1119415284,31.6146786
2019-01-17,0.0,0.11193542549999999,31.6658021
2019-01-18,0.0,0.1119155892,31.9338685
2019-01-19,0.0,0.11188812379999999,32.4369688
2019-01-20,0.0,0.11185302689999999,32.8152405
2019-01-21,0.0,0.1118759149,30.661700500000002
2019-01-22,0.0,0.111924742,29.641876200000002
2019-01-23,0.0,0.1127685557,28.329962000000002
2019-01-24,0.0,0.1126052867,28.824298
2019-01-25,0.0,0.1124786378,28.242535299999997
2019-01-26,0.0,0.1123718283,29.4051818
2019-01-27,0.0,0.112269592,30.0431702
2019-01-28,0.0,0.1121795642,30.395806900000004
2019-01-29,0.0,0.1121032711,31.0103335
2019-01-30,0.0,0.11203765839999999,31.1221009
2019-01-31,0.0,0.111997986,30.4292297
2019-02-01,0.0,0.1119644155,31.1075014
2019-02-02,0.0,0.1119598382,29.7916562
2019-02-03,0.0,0.11193084680000001,31.5796447
2019-02-04,0.0,0.11188659539999998,31.5437315
2019-02-05,0.0,0.11187133769999999,31.592901900000005
2019-02-06,0.0,0.1118759139,30.315191900000002
2019-02-07,0.0,0.111880493,27.863458100000003
2019-02-08,0.0,0.11192016630000001,26.4777892
2019-02-09,0.0,0.1118423452,30.6757631
2019-02-10,0.0,0.1117706293,31.216241500000002
2019-02-11,0.0,0.1116973885,33.7192931
2019-02-12,0.0,0.11165161179999998,34.133941199999995
2019-02-13,0.0,0.11162567080000001,32.0723206
2019-02-14,0.0,0.11161651589999999,31.980035499999996
2019-02-15,0.0,0.1116058352,31.089239499999998
2019-02-16,0.0,0.1115402222,31.5668765
2019-02-17,0.0,0.1115158083,30.8634339
2019-02-18,0.0,0.1115005482,31.3321597
2019-02-19,0.0,0.11144866900000001,32.6444396
2019-02-20,0.0,0.1114334111,32.219732699999994
2019-02-21,0.0,0.11140136689999999,32.2747131
2019-02-22,0.0,0.11139221080000002,34.1221742
2019-02-23,0.0,0.1113372794,34.9933654
2019-02-24,0.0,0.1113281247,33.234088299999996
2019-02-25,0.0,0.1112823482,33.322467
2019-02-26,0.0,0.1112625116,32.6333555
2019-02-27,0.0,0.111273193,31.462505799999995
2019-02-28,0.0,0.1110931395,33.007135
2019-03-01,0.0,0.11105194110000001,32.822247
2019-03-02,0.0,0.1110672,32.0151185
2019-03-03,0.0,0.1113128653,31.684161699999997
2019-03-04,0.0,0.1120269782,31.854352
2019-03-05,0.0,0.1122985841,32.547369700000004
2019-03-06,0.0,0.1120224004,31.623980699999997
2019-03-07,0.0,0.1117752077,33.182965100000004
2019-03-08,0.0,0.1115875247,33.4240297
2019-03-09,0.0,0.11148376509999999,34.4845278
2019-03-10,0.0,0.1113937366,33.7859436
2019-03-11,0.0,0.11126709049999998,32.6917787
2019-03-12,0.0,0.1111267102,33.182086000000005
2019-03-13,0.0,0.1111282345,32.8824768
2019-03-14,0.0,0.1110961925,33.2268369
2019-03-15,0.0,0.11103973439999999,35.3293518
2019-03-16,0.0,0.1109893789,34.7441953
2019-03-17,0.0,0.11093139729999998,34.607135
2019-03-18,0.0,0.1108535772,35.1565983
2019-03-19,0.0,0.1108047472,34.725299
2019-03-20,0.0,0.1107894894,33.4088444
2019-03-21,0.0,0.1107696517,34.226470899999995
2019-03-22,0.0,0.1106155388,34.8179749
2019-03-23,0.0,0.11059722860000001,36.3978091
2019-03-24,0.0,0.11054992640000001,37.736578300000005
2019-03-25,0.0,0.1104873655,38.1361877
2019-03-26,0.0,0.110423279,37.7764218
2019-03-27,0.0,0.11038818310000001,36.1597716
2019-03-28,0.0,0.11030426099999999,35.9878967
2019-03-29,0.0,0.11026153539999999,37.2825744
2019-03-30,0.0,0.1102294925,36.064117499999995
2019-03-31,0.0,0.1101364141,36.4909237
2019-04-01,0.0,0.11009368950000001,34.917096099999995
2019-04-02,0.0,0.11002044689999999,34.9574276
2019-04-03,0.0,0.1098220832,35.7921935
2019-04-04,0.0,0.10980071970000001,35.9536198
2019-04-05,0.0,0.10981750510000002,36.057671799999994
2019-04-06,0.0,0.1098083484,36.4716856
2019-04-07,0.0,0.10973052949999999,35.86047979999999
2019-04-08,0.0,0.10968322800000001,36.5821355
2019-04-09,0.0,0.1096313467,36.1083069
2019-04-10,0.0,0.1094772338,36.724762
2019-04-11,0.0,0.10947265530000001,37.3928284
2019-04-12,0.0,0.10943450939999999,37.26646100000001
2019-04-13,0.0,0.1093933107,37.9987368
2019-04-14,0.0,0.1093582165,38.4667542
2019-04-15,0.0,0.11023101769999999,38.147100699999996
2019-04-16,0.028317587450146675,0.1103118894,36.1793519
2019-04-17,0.0,0.11005249049999999,36.075640299999996
2019-04-18,0.0,0.1098968513,35.3703918
2019-04-19,0.0,0.1097778309,37.282794
2019-04-20,0.0,0.1096618648,36.6042783
2019-04-21,0.0,0.1095291145,36.2669738
2019-04-22,0.0,0.1093811036,37.3218327
2019-04-23,0.0,0.10933380159999999,36.5109925
2019-04-24,0.0,0.10931091180000001,36.437237700000004
2019-04-25,0.0,0.1092819215,37.421930100000004
2019-04-26,0.0,0.1092453004,37.5826235
2019-04-27,0.0,0.109167481,39.710016100000004
2019-04-28,0.0,0.1090988144,40.265924
2019-04-29,0.0,0.1090972904,37.5385315
2019-04-30,0.0,0.10901794449999999,36.7445375
2019-05-01,0.0,0.10902862579999999,36.0889956
2019-05-02,0.0,0.10909271299999998,35.8379945
2019-05-03,0.0,0.1091476433,35.3911442
2019-05-04,0.0,0.110000611,36.0164365
2019-05-05,0.0,0.11122741700000001,36.3185609
2019-05-06,0.0,0.1106933604,36.3481505
2019-05-07,0.0,0.1103958134,35.8750055
2019-05-08,0.0,0.111364745,35.663018799999996
2019-05-09,0.0,0.11167144850000002,36.309088100000004
2019-05-10,0.0,0.11180877659999999,36.3182676
2019-05-11,0.0,0.1113983149,36.3552306
2019-05-12,0.0,0.11113891680000001,36.3870668
2019-05-13,0.0,0.1109817507,36.24380480000001
2019-05-14,0.0,0.1108413708,36.5641423
2019-05-15,0.0,0.110835266,36.8802553
2019-05-16,0.0,0.11084747349999999,36.9897033
2019-05-17,0.0,0.11083679099999999,36.923639300000005
2019-05-18,0.0,0.1106369014,37.459625100000004
2019-05-19,0.0,0.1104705815,37.532085800000004
2019-05-20,0.0,0.1103378294,37.6142395
2019-05-21,0.0,0.11027679399999998,37.6488589
2019-05-22,0.0,0.11088409340000001,37.425641
2019-05-23,0.0,0.1110305783,37.2058651
2019-05-24,0.0,0.1111450192,37.5326723
2019-05-25,0.0,0.1121917719,36.9712467
2019-05-26,0.0,0.11195983840000001,37.103009400000005
2019-05-27,0.0,0.1129974355,37.5494694
2019-05-28,0.0,0.11258239639999998,37.390191599999994
2019-05-29,0.0,0.1122756959,37.2959288
2019-05-30,0.0,0.11227569639999999,37.1601867
2019-05-31,0.0,0.11274108899999999,36.9252989
2019-06-01,0.0,0.11391143779999999,37.007842800000006
2019-06-02,0.0,0.11372070270000001,36.8124085
2019-06-03,0.0,0.115580749,36.2216126
2019-06-04,0.0,0.11728973300000001,36.6971739
2019-06-05,0.0,0.11590881360000001,37.4150941
2019-06-06,0.0,0.11542358369999998,36.677667199999995
2019-06-07,0.0,0.11535186739999999,37.631451500000004
2019-06-08,0.0,0.118237305,38.1449274
2019-06-09,0.0,0.11829986470000001,36.5475404
2019-06-10,0.7997816205024719,0.12171173080000001,36.5458802
2019-06-11,35.93247175216675,0.1545471195,32.767206
2019-06-12,2.1928860247135162,0.341122435,26.8763915
2019-06-13,14.684531927108765,0.328903198,28.9341858
2019-06-14,13.366847515106201,0.324415592,29.071380499999997
2019-06-15,28.47144889831543,0.352992252,29.046801700000003
2019-06-16,9.195470184087753,0.334529111,29.423987099999998
2019-06-17,7.528372883796692,0.333534241,29.239392
2019-06-18,5.241495370864868,0.344778442,28.665295500000003
2019-06-19,13.105486251413822,0.353845215,31.087030199999997
2019-06-20,1.1332091987133026,0.326322938,30.3894776
2019-06-21,0.13220909237861633,0.308735657,31.4506348
2019-06-22,0.0,0.301075742,31.7193848
2019-06-23,0.09724117815494537,0.301924131,30.2384093
2019-06-24,2.5985141582787037,0.36386566,28.6396728
2019-06-25,6.964114725589752,0.364408873,31.457837
2019-06-26,3.6067074984312057,0.389987182,29.545367499999998
2019-06-27,10.54209753870964,0.40175170800000004,30.0677368
2019-06-28,42.505788922309875,0.42951507600000005,25.9972474
2019-06-29,219.46492767333984,0.398944091,26.249066
2019-06-30,127.54232025146484,0.4006546,26.069457999999997
2019-07-01,130.47143363952637,0.41325378500000004,25.643670800000002
2019-07-02,236.05078887939453,0.399392698,27.305194
2019-07-03,25.173763036727905,0.405949399,25.751099
2019-07-04,6.305003583431244,0.405223082,26.2548339
2019-07-05,25.862958669662476,0.405300902,25.933697799999997
2019-07-06,85.53633689880371,0.412747192,25.558075
2019-07-07,76.48097038269043,0.402967835,26.687866200000002
2019-07-08,23.666327953338623,0.409204099,27.266418299999998
2019-07-09,85.51220703125,0.40885772400000003,27.6641479
2019-07-10,22.944185495376587,0.396115115,26.029632600000003
2019-07-11,71.36340808868408,0.40365448,25.908294599999998
2019-07-12,32.23335313796997,0.3869812,29.084582599999997
2019-07-13,5.314273536205292,0.38450165,28.757574700000003
2019-07-14,29.075836420059204,0.382933044,29.3190065
2019-07-15,4.209790587425232,0.379891969,29.3499512
2019-07-16,4.014587044715881,0.37735748199999997,28.8314272
2019-07-17,5.762800395488739,0.369215392,29.198803599999998
2019-07-18,5.194179892539978,0.364216615,30.3158386
2019-07-19,9.090363472700119,0.353260802,30.5469175
2019-07-20,5.431073300540447,0.390863035,28.287908800000004
2019-07-21,15.196209192276001,0.40724182200000003,30.5617495
2019-07-22,12.96328890323639,0.39796905800000004,29.434447999999996
2019-07-23,1.9810012187808752,0.387419131,29.112689
2019-07-24,46.84421122074127,0.416851807,27.2097779
2019-07-25,115.7848949432373,0.417343138,26.514941299999997
2019-07-26,52.82883548736572,0.405560303,25.650964499999997
2019-07-27,200.03145217895508,0.409696959,25.4186095
2019-07-28,111.96364498138428,0.40990142799999996,26.301129300000003
2019-07-29,10.689680814743042,0.42169647499999996,24.8992127
2019-07-30,66.0715799331665,0.414392091,24.7614257
2019-07-31,79.64702224731445,0.412545774,24.662628
2019-08-01,24.246211290359497,0.41654968099999995,25.409796
2019-08-02,48.024372577667236,0.42241516,25.3710326
2019-08-03,110.33086967468262,0.423826599,25.0089903
2019-08-04,223.97381210327148,0.42112121699999994,25.273113799999997
2019-08-05,85.5558385848999,0.422991945,25.040490499999997
2019-08-06,17.938557624816895,0.40756530699999993,25.1209045
2019-08-07,25.449854850769043,0.409840391,25.9825012
2019-08-08,15.142929077148438,0.40760650800000003,25.6668824
2019-08-09,6.7153027057647705,0.402186588,25.234496900000003
2019-08-10,10.40065324306488,0.401930237,27.432360900000003
2019-08-11,9.082860231399536,0.41394805999999995,26.2984006
2019-08-12,6.4701536893844604,0.390830993,28.419158700000004
2019-08-13,3.227757751941681,0.3902771,28.615447900000003
2019-08-14,6.2591559290885925,0.393023683,27.425054799999998
2019-08-15,6.149231851100922,0.392823793,27.090936499999998
2019-08-16,20.09482830762863,0.396762083,28.3804627
2019-08-17,5.0140382051467896,0.378649903,28.925781399999998
2019-08-18,4.402588307857513,0.371682737,29.3429443
2019-08-19,3.585863411426544,0.360868834,29.2124082
2019-08-20,2.512083351612091,0.349909976,29.7686158
2019-08-21,1.3098899722099304,0.385317992,28.2502258
2019-08-22,29.131810545921326,0.372554016,29.0642152
2019-08-23,11.28783893585205,0.37191315,29.2189514
2019-08-24,4.342710196971893,0.36608886700000004,29.0687194
2019-08-25,11.992887139320374,0.372210691,28.6503722
2019-08-26,5.590688765048981,0.366261291,28.882971199999997
2019-08-27,1.1516367346048355,0.365359496,28.189563099999997
2019-08-28,4.625689685344696,0.361059571,28.8867006
2019-08-29,2.0454625003039837,0.359808348,29.031494
2019-08-30,6.427801311016083,0.418348693,27.9990723
2019-08-31,29.485128164291382,0.409573362,28.0035462
2019-09-01,43.85860776901245,0.403973387,25.8779053
2019-09-02,21.48621916770935,0.401640319,26.6777038
2019-09-03,89.94574546813965,0.42093048099999997,26.2965395
2019-09-04,128.94349670410156,0.399645996,26.0341615
2019-09-05,146.236665725708,0.42261657599999997,26.526623899999997
2019-09-06,62.90378475189209,0.41993560700000004,26.926275600000004
2019-09-07,38.1409387588501,0.422891234,26.393701099999998
2019-09-08,105.25718688964844,0.413635253,25.650714
2019-09-09,30.094165325164795,0.39905090200000004,26.936120699999996
2019-09-10,27.49028515815735,0.396894837,26.9370968
2019-09-11,10.232918620109558,0.39322051999999996,27.439892500000003
2019-09-12,6.194604277610779,0.40289001300000005,25.4401673
2019-09-13,43.16619062423706,0.40680694900000003,25.3837218
2019-09-14,39.5234854221344,0.402233886,26.153704700000002
2019-09-15,45.39157676696777,0.387875368,26.7411072
2019-09-16,16.145434379577637,0.385563659,27.980901999999997
2019-09-17,51.68673825263977,0.392207338,27.3625426
2019-09-18,55.201733112335205,0.39624481500000003,27.2912294
2019-09-19,42.39860439300537,0.397973632,27.046698
2019-09-20,15.714482963085175,0.38709869399999997,27.679943700000003
2019-09-21,21.717231303453445,0.374333187,27.450372299999998
2019-09-22,3.5078416764736176,0.34726257299999996,28.711493
2019-09-23,0.13938051462173462,0.336039734,28.8306577
2019-09-24,0.08545389957726,0.37004699900000004,27.8665344
2019-09-25,25.613346815109253,0.387596126,29.499377399999997
2019-09-26,7.358519732952118,0.414265445,26.582171800000005
2019-09-27,29.289993047714233,0.387580873,27.698767099999998
2019-09-28,1.4898720234632492,0.374658202,27.850054699999998
2019-09-29,0.1848643310368061,0.37489776799999996,28.0319092
2019-09-30,1.3637341856956482,0.381521604,28.1500428
2019-10-01,0.6874713078141212,0.38594360499999997,28.0074831
2019-10-02,0.0,0.362921142,29.505529799999998
2019-10-03,0.0,0.34793396000000004,29.6798707
2019-10-04,0.3484512269496918,0.350807189,29.6459288
2019-10-05,6.774916768074036,0.367866516,29.153869500000003
2019-10-06,3.11358106508851,0.354067991,29.5554929
2019-10-07,0.0,0.35895080300000004,29.187194999999996
2019-10-08,0.0,0.342785643,30.0827332
2019-10-09,9.75664883852005,0.35921936,28.3999083
2019-10-10,16.10572385787964,0.337504576,30.7126527
2019-10-11,6.474877715110779,0.376443481,29.259509400000002
2019-10-12,0.0,0.371275331,29.990209900000004
2019-10-13,14.89669268578291,0.35582580199999997,30.5094359
2019-10-14,0.0,0.350538635,30.8173581
2019-10-15,0.0,0.32450408799999997,31.249340999999998
2019-10-16,0.0,0.305706787,30.8417479
2019-10-17,0.0,0.289083864,30.7879273
2019-10-18,0.0,0.284484864,28.817804000000002
2019-10-19,5.669015944004059,0.386555481,26.2440918
2019-10-20,13.644588232040405,0.40383911299999997,25.024975599999998
2019-10-21,5.469750165939331,0.37954864499999996,29.1651247
2019-10-22,12.68754756450653,0.401138306,26.313952699999998
2019-10-23,9.098551154136658,0.402868652,27.0417481
2019-10-24,1.1819227039813995,0.391807556,26.7664612
2019-10-25,11.95380973815918,0.38119659499999997,26.847699
2019-10-26,0.6738941967487335,0.388558959,25.8472596
2019-10-27,1.2238368541002274,0.35667266900000005,27.8605102
2019-10-28,0.0,0.341461178,28.565325899999998
2019-10-29,0.0,0.327662654,29.9808715
2019-10-30,0.0,0.318275454,30.4977113
2019-10-31,0.0,0.301934818,30.109765499999998
2019-11-01,0.0,0.381718446,28.0335508
2019-11-02,16.485008716583252,0.35205078300000003,27.5721741
2019-11-03,0.0,0.33278351,28.5895692
2019-11-04,0.0,0.32514038300000003,28.578350699999998
2019-11-05,0.0,0.31295318299999997,29.444286999999996
2019-11-06,0.0,0.301820376,28.874096700000003
2019-11-07,0.0,0.30003509,27.9050168
2019-11-08,9.727214146405458,0.31308136200000003,27.425494200000003
2019-11-09,15.605776190757751,0.30716247599999996,27.8609864
2019-11-10,0.0,0.290200807,28.9489747
2019-11-11,0.0,0.275976564,29.354974399999996
2019-11-12,0.0,0.264393615,29.5362368
2019-11-13,0.0,0.25323944,29.6285644
2019-11-14,0.0,0.24170837399999998,28.9620362
2019-11-15,0.0,0.23334350600000003,29.178045500000003
2019-11-16,0.0,0.22531280699999998,29.8861509
2019-11-17,0.0,0.21617126400000003,30.3369323
2019-11-18,0.0,0.206129454,29.614752099999997
2019-11-19,0.0,0.197912598,29.5140319
2019-11-20,0.0,0.1910568244,29.9086976
2019-11-21,0.0,0.1842147835,30.4956606
2019-11-22,0.0,0.177996826,30.129144200000002
2019-11-23,0.0,0.171450806,30.5152403
2019-11-24,0.0,0.16527557499999998,30.2569886
2019-11-25,0.0,0.160025025,30.3352845
2019-11-26,0.0,0.155210877,30.6565491
2019-11-27,0.0,0.150735474,30.312848100000004
2019-11-28,0.0,0.1468780515,30.7505675
2019-11-29,0.0,0.1437454225,31.2656799
2019-11-30,0.0,0.1411804198,31.1641661
2019-12-01,0.0,0.1385437019,31.1855528
2019-12-02,0.0,0.13573608350000002,31.544049100000002
2019-12-03,0.0,0.1339935293,30.943951500000004
2019-12-04,0.0,0.1330413814,29.361541799999998
2019-12-05,1.0513607114553452,0.191043091,28.210839900000003
2019-12-06,0.0,0.177998352,29.8611757
2019-12-07,0.0,0.165534972,29.720196599999998
2019-12-08,0.0,0.15628356999999998,30.240704299999997
2019-12-09,0.0,0.149363709,30.664703300000003
2019-12-10,0.0,0.1440811166,30.5699522
2019-12-11,0.0,0.13991851859999999,30.233746200000002
2019-12-12,0.0,0.1363693231,29.3563294
2019-12-13,0.0,0.133778381,29.146783399999997
2019-12-14,0.0,0.131089784,28.9480773
2019-12-15,0.0,0.1286804185,29.171636999999997
2019-12-16,0.0,0.1267883305,29.7625306
2019-12-17,0.0,0.1250366214,30.874493100000002
2019-12-18,0.0,0.1234298715,30.9866516
2019-12-19,0.0,0.122169495,30.9504455
2019-12-20,0.0,0.12119140749999999,30.323199600000002
2019-12-21,0.0,0.12046661350000001,30.959552099999996
2019-12-22,0.0,0.11978454599999999,31.527594099999998
2019-12-23,0.0,0.11913604879999999,31.2549377
2019-12-24,0.0,0.1187332155,30.8171939
2019-12-25,0.0,0.1250518816,27.855780099999997
2019-12-26,0.0,0.128955079,30.0372133
2019-12-27,0.0,0.12512512250000002,30.650885199999998
2019-12-28,0.0,0.12254638660000002,31.5055974
2019-12-29,0.0,0.1213577281,29.156500299999998
2019-12-30,0.0,0.1208419781,28.9419984
2019-12-31,0.0,0.1198867799,27.7182191
2020-01-01,0.0,0.119126891,28.0827699
2020-01-02,0.0,0.11855316149999999,27.7868226
2020-01-03,0.0,0.1180587774,28.2763486
2020-01-04,0.0,0.1175262461,28.010821699999997
2020-01-05,0.0,0.1170013424,30.4639465
2020-01-06,0.0,0.11654815700000001,31.021930100000002
2020-01-07,0.0,0.1162780766,29.742291299999998
2020-01-08,0.0,0.1168792726,28.951934799999997
2020-01-09,0.0,0.11638488620000001,28.9861388
2020-01-10,0.0,0.115905762,31.3807435
2020-01-11,0.0,0.1155685425,32.3676084
2020-01-12,0.0,0.1153213501,30.604913
2020-01-13,0.0,0.11697998080000001,29.030206399999997
2020-01-14,0.0,0.116598511,28.8912901
2020-01-15,0.0,0.11614532559999999,27.354425000000003
2020-01-16,0.0,0.1160400395,25.8200987
2020-01-17,0.0,0.1156616224,26.492706399999996
2020-01-18,0.0,0.1153121954,29.1417298
2020-01-19,0.0,0.11499481280000001,30.686554
2020-01-20,0.0,0.11471405109999999,31.405768000000002
2020-01-21,0.0,0.11456909149999998,30.326763800000002
2020-01-22,0.0,0.1144317631,31.257134999999998
2020-01-23,0.0,0.1142013562,32.6697813
2020-01-24,0.0,0.11403198299999999,32.5432675
2020-01-25,0.0,0.113920592,32.1846741
2020-01-26,0.0,0.11384277350000001,31.723809799999998
2020-01-27,0.0,0.11383056759999999,29.9537416
2020-01-28,0.0,0.1162429804,27.3585021
2020-01-29,0.0,0.11602477959999999,27.560967800000004
2020-01-30,0.0,0.11535339389999999,29.3937319
2020-01-31,0.0,0.1149368291,28.9740539
2020-02-01,0.0,0.11459808460000001,30.6620177
2020-02-02,0.0,0.1143508902,30.3893126
2020-02-03,0.0,0.1142318721,30.1247131
2020-02-04,0.0,0.1140350344,30.789727700000004
2020-02-05,0.0,0.11384277379999999,30.639703199999996
2020-02-06,0.0,0.1137146,29.851007
2020-02-07,0.0,0.1136306754,29.016559100000002
2020-02-08,0.0,0.11355133040000001,30.769879100000004
2020-02-09,0.0,0.1134140017,32.3377506
2020-02-10,0.0,0.11331481880000001,32.9879946
2020-02-11,0.0,0.1132614139,33.5497619
2020-02-12,0.0,0.113182066,33.2715391
2020-02-13,0.0,0.1131256093,33.4376039
2020-02-14,0.0,0.11302947919999999,33.4227109
2020-02-15,0.0,0.1129913328,32.801617500000006
2020-02-16,0.0,0.1129501334,33.236334299999996
2020-02-17,0.0,0.1128952022,34.5093318
2020-02-18,0.0,0.1128311149,35.1179749
2020-02-19,0.0,0.1127944944,34.6089415
2020-02-20,0.0,0.11278839,33.3973207
2020-02-21,0.0,0.11272125260000002,33.0965882
2020-02-22,0.0,0.11270141680000001,34.163434
2020-02-23,0.0,0.11266632000000001,34.3122129
2020-02-24,0.0,0.11265716519999999,33.3353087
2020-02-25,0.0,0.11260986310000001,35.006793099999996
2020-02-26,0.0,0.11255035490000001,35.4269107
2020-02-27,0.0,0.1124984748,35.2765683
2020-02-28,0.0,0.1124893204,33.8744205
2020-02-29,0.0,0.11249389650000001,33.026837
2020-03-01,0.0,0.1124679566,32.9454652
2020-03-02,0.0,0.11243896490000001,32.56922
2020-03-03,0.0,0.1124511727,31.924347
2020-03-04,0.0,0.11261291550000001,31.998760799999996
2020-03-05,0.0,0.11263275099999999,31.626422
2020-03-06,0.0,0.11642150949999999,30.918731700000002
2020-03-07,0.0,0.1182952884,31.526104800000002
2020-03-08,0.0,0.1168380749,31.4224913
2020-03-09,0.0,0.1158355722,32.0628965
2020-03-10,0.0,0.1153366088,31.7964416
2020-03-11,0.0,0.1147918701,31.8698058
2020-03-12,0.0,0.11477203389999999,30.9009582
2020-03-13,0.0,0.11429901039999998,31.361944600000005
2020-03-14,0.0,0.113841247,33.872173599999996
2020-03-15,0.0,0.1134368903,35.6591367
2020-03-16,0.0,0.11321716340000001,35.2802796
2020-03-17,0.0,0.1130416881,35.7322321
2020-03-18,0.0,0.1129241951,35.6080628
2020-03-19,0.0,0.1128295885,34.589264
2020-03-20,0.0,0.1128448492,33.6267153
2020-03-21,0.0,0.1127609254,33.9607484
2020-03-22,0.0,0.11264495860000001,34.7302796
2020-03-23,0.0,0.11250305219999998,36.4122617
2020-03-24,0.0,0.11249389679999999,36.6954161
2020-03-25,0.0,0.11248474189999999,35.9180728
2020-03-26,0.0,0.1137069696,35.7551814
2020-03-27,0.026068452745676023,0.11316528299999999,35.8268619
2020-03-28,0.0,0.112921143,35.3255921
2020-03-29,0.0,0.11274108869999999,37.033795600000005
2020-03-30,0.0,0.11263427720000001,36.0684629
2020-03-31,0.0,0.1125457782,35.5327693
2020-04-01,0.0,0.11248779449999999,36.113092900000005
2020-04-02,0.0,0.1124511724,36.483551
2020-04-03,0.0,0.1124130252,36.4707088
2020-04-04,0.0,0.11237945590000001,36.2488832
2020-04-05,0.0,0.11234893879999999,36.0986879
2020-04-06,0.0,0.11218414400000001,35.2091369
2020-04-07,0.0,0.11213531429999998,35.239996299999994
2020-04-08,0.0,0.11211242719999999,35.765118
2020-04-09,0.0,0.11209411579999999,35.153034
2020-04-10,0.0,0.11205902110000002,35.8987607
2020-04-11,0.0,0.112361144,36.1195132
2020-04-12,0.8743930645287037,0.11209259010000001,36.315216
2020-04-13,0.0,0.1119247431,36.259259099999994
2020-04-14,0.0,0.1117919919,37.4090147
2020-04-15,0.0,0.11175842389999999,36.7007141
2020-04-16,0.0,0.11172332809999999,36.2410212
2020-04-17,0.0,0.1117156986,37.2741273
2020-04-18,0.0,0.1116745004,37.401642200000005
2020-04-19,0.0,0.1116165169,38.7219785
2020-04-20,0.0,0.11156616270000001,39.1503971
2020-04-21,0.0,0.11152343760000001,37.1913148
2020-04-22,0.0,0.1114990236,37.301275399999994
2020-04-23,0.0,0.1114288339,37.209063400000005
2020-04-24,0.0,0.1113861086,37.0427063
2020-04-25,0.0,0.11145324729999999,37.2218327
2020-04-26,0.0,0.1114150992,36.4464664
2020-04-27,0.0,0.11173858779999998,36.5972716
2020-04-28,0.0,0.1116287234,36.7843566
2020-04-29,0.0,0.11154937890000001,37.2992247
2020-04-30,0.0,0.1118499755,37.1798153
2020-05-01,0.20641005039215088,0.11184997540000001,36.6835263
2020-05-02,0.0,0.1119583129,36.6454162
2020-05-03,0.0,0.11221160999999999,37.2869446
2020-05-04,0.0,0.11206207100000001,37.0826966
2020-05-05,0.0,0.11194000279999998,37.4507382
2020-05-06,0.0,0.11182861250000001,37.896294999999995
2020-05-07,0.0,0.1117233286,36.920172300000004
2020-05-08,0.0,0.1117355351,37.2037419
2020-05-09,0.0,0.1118118289,37.286163
2020-05-10,0.0,0.1117034917,36.9832334
2020-05-11,0.0,0.11161804280000001,37.3737855
2020-05-12,0.0,0.11157379240000001,37.2983949
2020-05-13,0.0,0.1115432738,37.057110699999996
2020-05-14,0.0,0.11148528980000001,37.2721743
2020-05-15,0.1513117328286171,0.11200866759999999,37.2238095
2020-05-16,0.0,0.1130371089,37.1068422
2020-05-17,0.0,0.11291809109999999,36.634600999999996
2020-05-18,0.0,0.11306304910000001,36.0632388
2020-05-19,0.0,0.11362152,35.8669741
2020-05-20,0.0,0.1138366699,36.9221256
2020-05-21,0.0,0.11351165939999999,36.7865783
2020-05-22,0.0,0.1137023936,36.9556455
2020-05-23,0.0,0.11338653700000001,36.8672667
2020-05-24,0.0,0.113638306,36.914556399999995
2020-05-25,0.0,0.1143615708,37.0966126
2020-05-26,0.0,0.11426696750000001,37.3359681
2020-05-27,0.0,0.11454773030000001,37.1816711
2020-05-28,0.0,0.11517944340000001,36.9659482
2020-05-29,0.0,0.11763610899999999,37.6051084
2020-05-30,0.0,0.12077789400000001,37.8352845
2020-05-31,0.0,0.12307891900000001,37.787408
2020-06-01,0.27502778731286526,0.20616455,31.808050700000003
2020-06-02,0.0,0.27317962700000004,26.9248964
2020-06-03,21.09818124771118,0.432693478,25.0789246
2020-06-04,43.43496227264404,0.396263123,28.5535704
2020-06-05,51.213226318359375,0.377526853,29.6450744
2020-06-06,34.98992919921875,0.386892698,28.810803
2020-06-07,5.639170557260513,0.37405548,29.235442999999997
2020-06-08,13.202169418334961,0.376245118,28.1408996
2020-06-09,0.0,0.376734927,30.059051599999997
2020-06-10,0.23984859883785248,0.38977050799999996,30.451574800000003
2020-06-11,3.9452954530715942,0.387814331,28.717999199999998
2020-06-12,3.3583372682332993,0.37555694700000003,28.449383599999997
2020-06-13,16.322850823402405,0.41623382600000003,28.8375668
2020-06-14,28.268893778324127,0.40806122,29.180224599999995
2020-06-15,3.205751657485962,0.403984071,28.4296203
2020-06-16,17.111098647117615,0.39184875199999997,29.4924988
2020-06-17,1.9891018122434616,0.398274231,27.212451299999998
2020-06-18,0.4339006766676902,0.40134887499999994,27.397949399999998
2020-06-19,35.40198993682861,0.381394956,29.266137800000003
2020-06-20,2.045224353671074,0.378215023,30.185662999999998
2020-06-21,7.180337429046631,0.406756592,29.3947937
2020-06-22,23.04563319683075,0.37960205,29.767096200000005
2020-06-23,11.456704020500183,0.383944699,29.3798095
2020-06-24,1.8304016143083575,0.37303772,29.798993000000003
2020-06-25,0.22161482274532318,0.38623199399999997,30.807562400000002
2020-06-26,2.812052309513092,0.38342895600000004,29.675915600000003
2020-06-27,0.34181559830904007,0.388702392,29.003014999999998
2020-06-28,10.538234114646912,0.39144592500000003,29.035315000000004
2020-06-29,13.557775154709816,0.394517518,28.857892
2020-06-30,26.870482221245766,0.402175903,29.0978213
2020-07-01,8.058129906654358,0.388679502,28.810247600000004
2020-07-02,8.02290827035904,0.410731506,29.474651899999998
2020-07-03,15.115162134170532,0.428511048,27.4089052
2020-07-04,102.67708969116211,0.416578674,26.1821107
2020-07-05,203.06929779052734,0.402861021,26.740234199999996
2020-07-06,96.06449604034424,0.412738038,27.6203918
2020-07-07,39.506919384002686,0.412976079,26.758966299999997
2020-07-08,77.60437965393066,0.400785826,28.9596924
2020-07-09,19.996438026428223,0.396810915,28.4739622
2020-07-10,11.877949714660645,0.391497803,27.528918800000003
2020-07-11,6.598157823085786,0.386135864,27.0091429
2020-07-12,14.858892917633057,0.398867803,27.413165300000003
2020-07-13,27.767080307006836,0.412173462,28.014312699999998
2020-07-14,18.09264826774597,0.416709898,28.2369568
2020-07-15,47.9376140832901,0.41526489299999997,26.4291931
2020-07-16,96.95993185043335,0.415263368,26.2925842
2020-07-17,52.081796407699585,0.40966796800000005,27.1122619
2020-07-18,30.667293548583984,0.382861329,29.052441499999997
2020-07-19,17.341427326202393,0.376602172,30.1901612
2020-07-20,7.292947828769684,0.37092895600000003,29.665875
2020-07-21,2.238146521151066,0.395213321,27.384979499999996
2020-07-22,0.0,0.386897276,28.653387399999996
2020-07-23,19.926085710525513,0.38207702499999996,29.0711303
2020-07-24,21.46002745628357,0.407545471,26.811444
2020-07-25,14.130316138267517,0.397413638,28.4856811
2020-07-26,4.068695098161697,0.38269653400000003,28.3240114
2020-07-27,44.72994238138199,0.382385253,29.051269400000002
2020-07-28,27.758323192596436,0.380422973,29.8960937
2020-07-29,24.21788787841797,0.405792237,27.6000001
2020-07-30,12.850410461425781,0.400289918,28.2328735
2020-07-31,8.872796900570393,0.40664978099999993,28.311578200000003
2020-08-01,0.9452231228351593,0.385270692,29.8267576
2020-08-02,0.6413877215236425,0.390655516,28.6849671
2020-08-03,4.370903939008713,0.421331789,26.9171694
2020-08-04,147.09786415100098,0.42093964,25.442602700000002
2020-08-05,105.2835111618042,0.42746582,25.8420655
2020-08-06,192.92024040222168,0.41028900100000004,25.791351300000002
2020-08-07,58.482215881347656,0.393409729,28.0120056
2020-08-08,25.288605451583862,0.382168581,28.341015500000005
2020-08-09,16.344816207885742,0.380389407,28.2080384
2020-08-10,5.292635262012482,0.405905152,26.0969299
2020-08-11,21.60120677947998,0.400706485,25.5442017
2020-08-12,38.2663893699646,0.40782623500000004,25.425408800000003
2020-08-13,71.64097785949707,0.40409393099999996,25.9281432
2020-08-14,48.692583084106445,0.40355377,25.0181093
2020-08-15,60.91620492935181,0.422035216,25.1967832
2020-08-16,41.19752740859985,0.404345703,25.5264705
2020-08-17,13.820252180099487,0.41151580800000004,25.558135900000003
2020-08-18,62.151294231414795,0.40666504200000003,25.7538636
2020-08-19,32.09276342391968,0.40428619499999996,27.358148
2020-08-20,25.231500148773193,0.410435484,25.7627318
2020-08-21,67.76174068450928,0.415930178,26.257367
2020-08-22,73.79897975921631,0.397444152,27.085967899999996
2020-08-23,14.493923544883728,0.3947937,27.088916
2020-08-24,9.933878779411316,0.39805908199999995,27.5777039
2020-08-25,11.131871700286865,0.387693788,28.6487061
2020-08-26,9.167223811149597,0.373223876,28.7949342
2020-08-27,7.310680568218231,0.398110964,27.092962699999998
2020-08-28,13.48700225353241,0.41778869499999993,25.3122863
2020-08-29,99.13982772827148,0.409837342,25.059722999999998
2020-08-30,67.65805149078369,0.407104493,25.1157288
2020-08-31,47.71084690093994,0.387533572,28.377020299999998
2020-09-01,15.837551832199097,0.371520997,29.145422200000002
2020-09-02,4.0903030931949615,0.35382385,29.460400600000003
2020-09-03,0.0,0.339593506,29.7585266
2020-09-04,2.438333861529827,0.34326324599999997,31.114263800000003
2020-09-05,6.608356356620789,0.371847535,30.604168700000002
2020-09-06,0.0,0.38324279699999997,29.0095399
2020-09-07,28.809391021728516,0.377900696,29.5061221
2020-09-08,2.691172480583191,0.38209533900000003,30.230285700000003
2020-09-09,0.22161482274532318,0.37751617400000004,30.0983339
2020-09-10,15.707760453224182,0.374229429,29.818737899999995
2020-09-11,3.899023115634918,0.40639801000000003,30.4478396
2020-09-12,54.47453474998474,0.42835998399999997,28.9643493
2020-09-13,18.562691688537598,0.37445678400000004,28.2835328
2020-09-14,5.969243995845318,0.39281464,27.312694899999997
2020-09-15,6.717804253101349,0.408395386,26.531915299999998
2020-09-16,31.63022887706757,0.409330747,27.9964537
2020-09-17,5.804976224899292,0.407771304,26.7305541
2020-09-18,5.008694291114807,0.40327911400000005,26.226934899999996
2020-09-19,2.6462181508541107,0.403163147,27.147418199999997
2020-09-20,6.651872754096985,0.397076421,28.223828000000005
2020-09-21,1.1765969768166542,0.395884703,26.954022099999996
2020-09-22,26.310422897338867,0.420710755,26.4276305
2020-09-23,184.44713020324707,0.423635864,25.904937699999998
2020-09-24,70.2208194732666,0.371670529,28.5317994
2020-09-25,2.132862463593483,0.377575681,27.625775299999997
2020-09-26,8.418743997812271,0.356835939,28.583746400000003
2020-09-27,0.0,0.34856566899999997,28.5953852
2020-09-28,0.14390916377305984,0.334368899,28.9371764
2020-09-29,0.18485363945364952,0.327638245,28.8829651
2020-09-30,1.2283998727798462,0.322796629,29.0398499
2020-10-01,2.1586374044418335,0.321278381,28.9353025
2020-10-02,0.06610454618930815,0.312312317,29.0573791
2020-10-03,0.22391651570796967,0.319792177,29.451196600000003
2020-10-04,28.632429599761963,0.33834838700000003,28.0025757
2020-10-05,0.0,0.334538269,29.2083376
2020-10-06,0.6999215893447399,0.321261594,29.4477051
2020-10-07,0.7175791002810001,0.303141785,30.1373779
2020-10-08,0.0,0.287214658,30.474927100000002
2020-10-09,0.0,0.271646117,31.0738587
2020-10-10,0.13938051462173462,0.309020998,28.8277406
2020-10-11,14.210852820426226,0.341578675,28.2389954
2020-10-12,0.2878033369779587,0.384851074,29.182299699999998
2020-10-13,0.0,0.33868408099999997,29.9453187
2020-10-14,6.756882220506668,0.349150085,28.8610413
2020-10-15,79.31838607788086,0.43102417,28.2520752
2020-10-16,13.516063176095486,0.360656739,28.4574282
2020-10-17,2.3675069585442543,0.33587799,28.0769896
2020-10-18,0.0,0.319274901,28.3894714
2020-10-19,0.0,0.316668704,28.3967407
2020-10-20,0.09593943879008293,0.318377688,28.6000917
2020-10-21,3.861383339390158,0.374366764,28.940447799999998
2020-10-22,10.929574131965637,0.386006164,29.3240295
2020-10-23,8.051846414804459,0.349877929,29.4431456
2020-10-24,0.1977797895669937,0.340174866,28.907678299999997
2020-10-25,0.0,0.34573211800000003,29.157733200000003
2020-10-26,1.2062792778015137,0.330812073,30.1332885
2020-10-27,0.0,0.30709381,29.608923299999997
2020-10-28,0.0,0.28941803200000005,29.6486083
2020-10-29,0.0,0.27662201,29.548998899999997
2020-10-30,0.0,0.263307191,29.3796693
2020-10-31,0.0,0.24938049599999998,29.0887817
2020-11-01,0.0,0.237168885,28.936114499999995
2020-11-02,0.0,0.22843322600000002,29.579485999999996
2020-11-03,0.0,0.21661529699999998,30.558770600000003
2020-11-04,0.0,0.20470123199999998,30.458844
2020-11-05,0.0,0.19412842,30.1931459
2020-11-06,0.0,0.18379516599999998,29.6654358
2020-11-07,0.0,0.17521515000000001,30.0528747
2020-11-08,0.0,0.1672210714,30.7984193
2020-11-09,0.0,0.1601013174,30.122283900000003
2020-11-10,0.0,0.15400848350000002,29.4701722
2020-11-11,0.0,0.1483734115,29.1515442
2020-11-12,0.0,0.1436630246,29.310675100000005
2020-11-13,0.0,0.1399719234,30.7273255
2020-11-14,0.0,0.1365280146,31.376275600000003
2020-11-15,0.0,0.134133911,31.216632100000005
2020-11-16,0.0,0.1314468379,32.0865297
2020-11-17,0.0,0.1292892452,32.0348698
2020-11-18,0.0,0.1278671267,30.981158500000003
2020-11-19,0.0,0.1285781862,30.880304000000002
2020-11-20,0.0,0.127113341,31.0255677
2020-11-21,0.0,0.1251190185,30.6836976
2020-11-22,0.0,0.12395782550000001,30.4317445
2020-11-23,0.0,0.12315216,29.657598999999998
2020-11-24,0.0,0.12224426159999999,31.1158753
2020-11-25,0.0,0.12118682789999999,30.981597799999996
2020-11-26,0.0,0.12029571400000001,30.9070374
2020-11-27,0.0,0.1193481451,30.9764953
2020-11-28,0.0,0.1189514161,29.786773599999997
2020-11-29,0.0,0.11826019299999999,31.321661499999998
2020-11-30,0.0,0.1178131115,31.367413199999998
2020-12-01,0.0,0.11728362960000001,32.161920099999996
2020-12-02,0.0,0.116899109,31.975836400000002
2020-12-03,0.0,0.1165206908,31.522442899999998
2020-12-04,0.0,0.1161987302,31.2592835
2020-12-05,0.0,0.11589813200000001,31.715631000000002
2020-12-06,0.0,0.11559906,31.550347800000004
2020-12-07,0.0,0.11533660859999999,31.661724900000003
2020-12-08,0.0,0.11512909,31.465460200000003
2020-12-09,0.0,0.1149627696,31.6316711
2020-12-10,0.22392760962247849,0.1149261485,31.605914300000002
2020-12-11,0.7064973525702953,0.14843749850000001,27.4801819
2020-12-12,1.636064052581787,0.147860719,29.027898900000004
2020-12-13,0.5108867585659027,0.162454225,26.9190736
2020-12-14,3.4747030790895224,0.174018859,28.502264500000003
2020-12-15,4.008432328701019,0.162979126,29.2404112
2020-12-16,0.0,0.153866578,29.6269839
2020-12-17,0.0,0.1460464465,30.417876999999997
2020-12-18,0.0,0.1395629875,30.7176086
2020-12-19,0.0,0.1342285145,30.9465392
2020-12-20,0.0,0.12979278700000002,30.542364400000004
2020-12-21,0.0,0.1262527458,30.518560700000002
2020-12-22,0.0,0.123481751,30.054547000000003
2020-12-23,0.0,0.1214675895,30.0767151
2020-12-24,0.0,0.1199295051,30.5491024
2020-12-25,0.0,0.1186386116,31.6302796
2020-12-26,0.0,0.1176345825,31.3696351
2020-12-27,0.0,0.11704254160000001,30.495172200000003
2020-12-28,0.0,0.11642608700000001,28.497369300000003
2020-12-29,0.0,0.1159393317,28.965777600000003
2020-12-30,0.0,0.1155349735,29.9175598
2020-12-31,0.0,0.11514587350000001,32.0915343
2021-01-01,0.0,0.11489257940000001,30.2263728
2021-01-02,0.0,0.115698242,29.768048
2021-01-03,0.0,0.115122986,29.990313800000003
2021-01-04,0.0,0.1197204605,28.9022034
2021-01-05,0.0,0.11840667769999999,29.263800100000005
2021-01-06,0.0,0.1184509284,29.717413399999998
2021-01-07,0.0,0.1193542464,30.1135315
2021-01-08,0.4995364211499691,0.132859802,30.4937073
2021-01-09,0.16512804850935936,0.1333602915,30.8173892
2021-01-10,0.5075377598404884,0.1305450429,31.9084045
2021-01-11,0.0,0.12631836000000002,33.1688296
2021-01-12,0.0,0.122906494,33.3749571
2021-01-13,0.0,0.12055969200000001,32.4222227
2021-01-14,0.0,0.1190094,31.253058199999998
2021-01-15,0.0,0.117964171,30.148297000000003
2021-01-16,0.0,0.117060852,29.9703188
2021-01-17,0.0,0.1163452161,30.8788635
2021-01-18,0.0,0.1157638544,31.604229399999998
2021-01-19,0.0,0.11526794430000001,31.912091099999998
2021-01-20,0.0,0.11482391210000001,31.295465
2021-01-21,0.0,0.1145004275,30.5330624
2021-01-22,0.0,0.1142608638,31.5551819
2021-01-23,0.0,0.1140518191,31.7105528
2021-01-24,0.0,0.1138702385,31.2192688
2021-01-25,0.0,0.11371765140000001,30.6462218
2021-01-26,0.0,0.11360473639999999,29.8398255
2021-01-27,0.0,0.11353149359999999,30.1642151
2021-01-28,0.0,0.11347198430000001,30.002935700000002
2021-01-29,0.0,0.11337127760000001,31.058282600000002
2021-01-30,0.0,0.1132766723,31.205328200000004
2021-01-31,0.0,0.1132034305,31.565508900000005
2021-02-01,0.0,0.11311493040000001,33.7609196
2021-02-02,0.0,0.1130279531,33.6411683
2021-02-03,0.0,0.1129867547,32.2910706
2021-02-04,0.0,0.1129608147,32.1365782
2021-02-05,0.0,0.1129486094,31.406719900000002
2021-02-06,0.0,0.11288909849999999,33.3029845
2021-02-07,0.0,0.1128173826,33.6461975
2021-02-08,0.0,0.1127716066,33.4865786
2021-02-09,0.0,0.1127319341,33.248492500000005
2021-02-10,0.0,0.11270599340000001,32.232306
2021-02-11,0.0,0.11266326900000001,33.4637267
2021-02-12,0.0,0.11266021740000001,32.3789122
2021-02-13,0.0,0.1126434338,31.8320127
2021-02-14,0.0,0.1126434329,31.9342103
2021-02-15,0.0,0.11264343260000001,31.463653799999996
2021-02-16,0.0,0.112617491,30.924884
2021-02-17,0.0,0.1125610349,32.1247131
2021-02-18,0.0,0.1136520395,32.872491100000005
2021-02-19,11.330991968512535,0.1138732902,33.5198548
2021-02-20,0.41282010078430176,0.1134033203,34.18911730000001
2021-02-21,0.0,0.11311492890000001,34.8896057
2021-02-22,0.0,0.1129226682,35.2871644
2021-02-23,0.0,0.1128128051,33.954107699999994
2021-02-24,0.0,0.1128372195,35.353766
2021-02-25,0.0,0.112702942,34.2512514
2021-02-26,0.0,0.1126266475,34.2011291
2021-02-27,0.0,0.1125183112,34.8331116
2021-02-28,0.0,0.1124664302,35.3356508
2021-03-01,0.0,0.11243286059999999,35.5629211
2021-03-02,0.0,0.11235962,35.733013799999995
2021-03-03,0.0,0.11229247989999999,36.3906311
2021-03-04,0.0,0.11222534209999999,37.0498108
2021-03-05,0.0,0.11221008290000001,36.010797000000004
2021-03-06,0.0,0.1121414178,34.8719301
2021-03-07,0.0,0.11273803689999999,35.199566499999996
2021-03-08,0.0,0.11253204359999999,35.1448306
2021-03-09,0.0,0.112393188,35.8597716
2021-03-10,0.0,0.11231384330000001,35.1192937
2021-03-11,0.0,0.1122497544,34.6123105
2021-03-12,0.0,0.1121704089,35.473150499999996
2021-03-13,0.0,0.1120834348,37.203424
2021-03-14,0.0,0.1120437621,35.938678200000005
2021-03-15,0.0,0.11199951239999999,36.4405823
2021-03-16,0.0,0.11194915700000001,36.292681800000004
2021-03-17,0.0,0.1119171136,36.0391173
2021-03-18,0.0,0.1119079586,35.7688538
2021-03-19,0.0,0.1118942257,35.0204407
2021-03-20,0.0,0.11179657039999999,35.0411928
2021-03-21,0.0,0.111688233,36.3234434
2021-03-22,0.0,0.11158599659999999,36.9574281
2021-03-23,0.16651065275073051,0.11191558809999999,36.9084534
2021-03-24,0.0,0.1116134629,38.0303284
2021-03-25,0.0,0.1115234373,38.5995669
2021-03-26,0.0,0.1114532471,39.2170962
2021-03-27,0.0,0.11137084850000001,39.577203100000006
2021-03-28,0.0,0.111380005,36.7815249
2021-03-29,0.0,0.111338805,36.1408753
2021-03-30,0.0,0.11109314019999998,36.1873598
2021-03-31,0.0,0.11108551069999999,35.523639
2021-04-01,0.0,0.1111068723,35.3623839
2021-04-02,0.0,0.11153259150000001,35.3294493
2021-04-03,0.0,0.1114700318,34.4058415
2021-04-04,0.0,0.11141204810000001,35.9016168
2021-04-05,0.0,0.1113708511,35.8902652
2021-04-06,0.0,0.1112854019,37.312066900000005
2021-04-07,0.0,0.1112060544,37.083209
2021-04-08,0.0,0.111195373,36.3607238
2021-04-09,0.0,0.1111419679,36.8338684
2021-04-10,0.0,0.11107330200000001,37.037652800000004
2021-04-11,0.0,0.1110031128,37.3957824
2021-04-12,0.0,0.1108871457,37.6669737
2021-04-13,0.0,0.1141006475,37.4182188
2021-04-14,0.0,0.11381530740000001,38.907379199999994
2021-04-15,0.0,0.1168319712,35.3856501
2021-04-16,0.0,0.11538696239999999,36.3513981
2021-04-17,0.0,0.11438903819999999,36.5233214
2021-04-18,0.0,0.1136184694,37.7491755
2021-04-19,0.0,0.11310730150000001,36.787994299999994
2021-04-20,0.0,0.1129257209,36.6719547
2021-04-21,0.0,0.1127731323,36.4941711
2021-04-22,0.0,0.112585449,36.5532531
2021-04-23,0.0,0.1124252318,35.8885317
2021-04-24,0.0,0.112269591,36.435211100000004
2021-04-25,0.0,0.1121429443,37.6481017
2021-04-26,0.0,0.11520385870000001,37.377106100000006
2021-04-27,0.0,0.120739746,36.6839905
2021-04-28,0.0,0.123477174,36.674566299999995
2021-04-29,0.0,0.1198364255,37.5070862
2021-04-30,0.0,0.1182083132,36.8763492
2021-05-01,0.0,0.1166198745,37.9562072
2021-05-02,0.0,0.1155410765,38.1376038
2021-05-03,0.0,0.116374206,38.064581399999994
2021-05-04,0.0,0.114999391,38.0865783
2021-05-05,0.0,0.11404266199999999,37.7903869
2021-05-06,0.0,0.1136413566,37.95474230000001
2021-05-07,0.0,0.1134048455,37.2425356
2021-05-08,0.0,0.112959289,38.5974672
2021-05-09,0.0,0.11272888160000001,37.3566218
2021-05-10,0.0,0.1125610359,37.6175112
2021-05-11,0.0,0.112538147,37.6418757
2021-05-12,0.0,0.1140426636,36.5246889
2021-05-13,0.0,0.11346588149999999,37.3525937
2021-05-14,0.0,0.1131256102,36.303985999999995
2021-05-15,0.08056189119815825,0.1136947616,35.7692196
2021-05-16,2.5021547079086304,0.12362365689999999,32.0509584
2021-05-17,11.489988803863525,0.416226197,25.6811156
2021-05-18,101.94772815704346,0.39441070699999997,27.833209399999998
2021-05-19,2.073626510798931,0.378593442,30.6526182
2021-05-20,8.800909280776978,0.346849061,31.5350221
2021-05-21,0.0,0.319461059,31.515143000000002
2021-05-22,0.0,0.302906797,31.2559325
2021-05-23,1.4697674773633482,0.28965454,31.7655459
2021-05-24,0.9962826073169708,0.281654359,31.766314599999998
2021-05-25,0.0,0.280052185,31.6016052
2021-05-26,0.0,0.26097564700000003,31.601885900000003
2021-05-27,0.3967040777206421,0.265934754,31.060382000000004
2021-05-28,0.0,0.277726744,31.4153747
2021-05-29,0.1980189085006714,0.27782898,31.618249400000003
2021-05-30,0.0,0.297167966,30.279419
2021-05-31,16.152222394943237,0.362657167,29.3527651
2021-06-01,17.934847846627235,0.376303098,28.858099099999997
2021-06-02,11.348863244056702,0.354077148,30.5365539
2021-06-03,5.268198072910309,0.337159729,31.7548217
2021-06-04,0.567793607711792,0.331657408,31.5955322
2021-06-05,0.5156694427132607,0.346002197,29.9897154
2021-06-06,29.386005699634552,0.336715695,30.7270387
2021-06-07,8.907081246376038,0.34373779,30.327655
2021-06-08,9.88920259475708,0.386816406,28.365655600000004
2021-06-09,74.17922306060791,0.391702271,29.162066700000004
2021-06-10,161.31254959106445,0.401622009,26.8546081
2021-06-11,52.308093547821045,0.40100555,28.116778599999996
2021-06-12,90.79213905334473,0.39964294699999997,28.3385989
2021-06-13,51.6502046585083,0.385569761,29.5401185
2021-06-14,4.968448281288147,0.379328918,29.567687999999997
2021-06-15,4.397805720567703,0.382168581,28.6433228
2021-06-16,13.913904249668121,0.386778258,27.8391297
2021-06-17,55.75085639953613,0.383589173,27.6224671
2021-06-18,123.53754043579102,0.401602173,27.2442079
2021-06-19,28.047366619110107,0.395069885,26.493634200000002
2021-06-20,30.498228073120117,0.399105833,27.8648257
2021-06-21,22.54624581336975,0.376255799,30.0971865
2021-06-22,4.91808944940567,0.375704958,29.4867005
2021-06-23,3.3562573343515396,0.37643585,29.1900451
2021-06-24,8.240500092506409,0.392730713,25.3497743
2021-06-25,7.25786566734314,0.396113588,26.294012600000002
2021-06-26,17.618735313415527,0.379260251,29.756103500000002
2021-06-27,0.4361531734466553,0.36996002,29.578021200000002
2021-06-28,30.021470546722412,0.41017150999999996,28.0290525
2021-06-29,2.6315878853201866,0.36673889699999995,30.4549377
2021-06-30,0.2608360648155212,0.374703982,30.1679687
2021-07-01,3.3413439095020294,0.37021942399999996,29.983642600000003
2021-07-02,0.4324935059994459,0.36181335400000003,29.673138599999998
2021-07-03,1.9943866282701492,0.351264954,30.476110499999997
2021-07-04,0.0,0.349223327,30.612317100000002
2021-07-05,0.0,0.346359255,31.0117555
2021-07-06,0.046460166573524475,0.333187867,30.6231629
2021-07-07,5.9066623747348785,0.323704529,31.0907287
2021-07-08,12.912841796875,0.379725648,29.6236875
2021-07-09,46.681049823760986,0.366453548,28.665374800000002
2021-07-10,14.223672032356262,0.417411807,26.910021999999998
2021-07-11,16.665013551712036,0.396231078,29.4040223
2021-07-12,2.859562337398529,0.419616698,27.070318500000003
2021-07-13,70.83586406707764,0.413192748,26.2155213
2021-07-14,84.48072910308838,0.428291321,26.020764099999997
2021-07-15,26.788705825805664,0.41374053999999993,27.053711299999996
2021-07-16,67.58072638511658,0.41814880299999996,26.2269533
2021-07-17,38.466203689575195,0.413781737,26.1064148
2021-07-18,158.0120143890381,0.402079774,27.757611200000003
2021-07-19,165.49208068847656,0.419120792,26.012738000000002
2021-07-20,178.35852241516113,0.412017822,25.477044499999998
2021-07-21,37.96892213821411,0.42364044500000003,25.651556499999998
2021-07-22,125.74388885498047,0.40988922099999997,26.0086059
2021-07-23,28.10107135772705,0.396594237,26.0044495
2021-07-24,29.253062963485718,0.399821474,27.0677978
2021-07-25,12.449704885482788,0.400447085,26.8875732
2021-07-26,17.198755502700806,0.40529937699999996,27.229070999999998
2021-07-27,13.222128510475159,0.401821898,27.674566700000003
2021-07-28,16.103548765182495,0.39677429200000003,25.9642946
2021-07-29,19.757364988327026,0.393002318,27.6119629
2021-07-30,5.581252813339233,0.397521974,27.367474199999997
2021-07-31,3.3745874166488647,0.381153872,28.290020700000003
2021-08-01,5.174927532672882,0.37077789299999997,28.068267400000003
2021-08-02,9.449838161468506,0.375234982,28.012799
2021-08-03,10.443431377410889,0.40226745599999997,26.9000611
2021-08-04,24.65383243560791,0.387379456,27.339715599999998
2021-08-05,7.232256770133972,0.378549193,28.3293273
2021-08-06,1.7807845771312714,0.367556766,29.181122
2021-08-07,2.7860615104436874,0.37024078299999996,29.027453700000002
2021-08-08,1.2845496237277985,0.364140321,29.472430600000003
2021-08-09,6.957292288541793,0.356329345,29.12229
2021-08-10,1.363807588815689,0.367961121,28.3661986
2021-08-11,4.715890124440193,0.36788177600000005,29.056542999999998
2021-08-12,7.943147778511047,0.36893463299999996,28.8312867
2021-08-13,16.616557121276855,0.366940308,28.5832153
2021-08-14,6.669619560241699,0.376739503,27.3876464
2021-08-15,28.126225471496582,0.380325319,28.4543701
2021-08-16,21.72801184654236,0.369406124,28.9773926
2021-08-17,6.751212649047375,0.370788575,26.125543
2021-08-18,11.559698939323425,0.40156402599999996,25.4720642
2021-08-19,40.395638942718506,0.412805176,24.9425108
2021-08-20,17.482130765914917,0.407614136,25.0138733
2021-08-21,50.9636116027832,0.41453399500000004,24.8827881
2021-08-22,16.956260204315186,0.386642456,26.523626999999998
2021-08-23,0.2352856248617172,0.36359252799999997,29.015051399999997
2021-08-24,0.07267502695322035,0.354449464,29.409496999999998
2021-08-25,1.092348575592041,0.352615355,28.7351504
2021-08-26,0.6414474919438362,0.351129151,29.030285600000003
2021-08-27,2.1783009469509125,0.34210968199999997,29.522778199999998
2021-08-28,1.1894301548600197,0.336584474,29.226422200000002
2021-08-29,0.2917235195636749,0.33400573699999997,28.6777344
2021-08-30,0.14954431727528572,0.36951446800000004,25.9372924
2021-08-31,26.172674417495728,0.421984864,25.0766173
2021-09-01,136.39367294311523,0.40134887700000005,25.7349
2021-09-02,20.031824111938477,0.389942933,26.941015600000004
2021-09-03,7.4485414028167725,0.412026977,27.1873168
2021-09-04,28.33871829509735,0.397393798,27.9445129
2021-09-05,39.03899669647217,0.386604309,27.403534
2021-09-06,7.808312773704529,0.402391052,27.5942567
2021-09-07,8.90318638086319,0.410060117,26.8625855
2021-09-08,52.254164695739746,0.40122223100000004,26.653363000000002
2021-09-09,29.9775071144104,0.402348326,27.0244261
2021-09-10,18.038111686706543,0.414674377,26.947033800000003
2021-09-11,17.81131601333618,0.40240631000000004,26.9334718
2021-09-12,40.37759351730347,0.40407867199999997,26.300427000000003
2021-09-13,53.74841356277466,0.41097717500000003,25.9082824
2021-09-14,29.702219128608704,0.392605593,26.8671936
2021-09-15,7.965974509716034,0.388861083,27.130920600000003
2021-09-16,4.946872591972351,0.371012879,27.669360599999997
2021-09-17,2.792387157678604,0.36393890500000003,27.9115233
2021-09-18,0.8087917119264604,0.36183014199999997,27.943310500000003
2021-09-19,1.9543984681367874,0.40233306999999996,27.0124082
2021-09-20,54.53664684295654,0.385728452,28.526629500000002
2021-09-21,32.34811174869537,0.38738708499999996,27.0359374
2021-09-22,64.99101543426514,0.399969483,25.995807000000003
2021-09-23,17.696101188659668,0.386775207,27.4710631
2021-09-24,4.805802807211876,0.368566893,28.7259949
2021-09-25,3.3682573921978474,0.362879943,27.470916799999998
2021-09-26,2.6932288706302643,0.369078064,27.7138369
2021-09-27,4.484727889299393,0.403887942,25.6762206
2021-09-28,8.378215312957764,0.40926056099999997,25.5813659
2021-09-29,75.62181377410889,0.393739319,26.913036899999998
2021-09-30,31.546884894371033,0.377523802,28.314214900000003
2021-10-01,5.873820245265961,0.356381226,29.3404357
2021-10-02,0.0,0.377421571,27.9356875
2021-10-03,0.0,0.371348573,29.121215799999998
2021-10-04,0.0,0.35324249399999996,30.113226299999997
2021-10-05,0.0,0.335079955,30.264459199999997
2021-10-06,4.28164816275239,0.34483947800000003,30.373108000000002
2021-10-07,35.31769514083862,0.32418975699999997,31.2675414
2021-10-08,13.436605915427208,0.381553652,27.801446499999997
2021-10-09,7.972529843449593,0.375422667,27.9289917
2021-10-10,5.748587135225534,0.358311461,28.9719725
2021-10-11,6.7689575254917145,0.361686705,28.4966921
2021-10-12,12.850384712219238,0.367080689,29.5799378
2021-10-13,9.926792979240417,0.34302826,30.773425099999997
2021-10-14,0.0,0.322779849,30.613153
2021-10-15,0.0,0.303776552,30.517022500000003
2021-10-16,0.0,0.28683777,29.4632996
2021-10-17,0.0,0.275779723,29.237719700000003
2021-10-18,0.0,0.266621396,28.936706500000003
2021-10-19,0.0,0.25912170300000004,28.630517500000003
2021-10-20,0.0,0.24757537799999998,29.0186891
2021-10-21,0.0,0.23419341899999999,29.910992399999998
2021-10-22,0.0,0.22184600799999998,30.1122497
2021-10-23,0.0,0.211422729,29.457232599999998
2021-10-24,0.0,0.202378845,28.9965759
2021-10-25,0.0,0.19406128,29.2036194
2021-10-26,0.0,0.186575318,29.951104700000002
2021-10-27,0.0,0.17688293360000001,30.297479099999997
2021-10-28,0.0,0.168421936,30.1565736
2021-10-29,0.0,0.1603057855,29.7839418
2021-10-30,0.0,0.1530960096,29.9733946
2021-10-31,0.0,0.1476287844,30.5392395
2021-11-01,0.0,0.143621824,30.9550355
2021-11-02,0.0,0.1402069086,31.742511
2021-11-03,0.0,0.1365554806,31.655865499999997
2021-11-04,0.0,0.1337081886,31.2740051
2021-11-05,0.0,0.133380126,30.8450988
2021-11-06,1.6585265696048737,0.167028807,27.3999391
2021-11-07,2.095650836825371,0.253590392,29.385675199999998
2021-11-08,0.0,0.22671813740000002,29.6496278
2021-11-09,0.0,0.205690003,29.310040199999996
2021-11-10,0.0,0.189002989,28.9551576
2021-11-11,0.0,0.17546692,29.2038634
2021-11-12,0.0,0.16400604400000002,29.5789856
2021-11-13,0.0,0.154753112,30.4001283
2021-11-14,0.0,0.14813690159999998,30.9117981
2021-11-15,0.0,0.1429428106,30.6757385
2021-11-16,0.0,0.1390518196,31.0110167
2021-11-17,0.0,0.17960205099999998,29.281854399999997
2021-11-18,1.561282441020012,0.260922239,28.9857056
2021-11-19,1.0750512927770615,0.281056213,29.5652588
2021-11-20,0.0,0.259678649,30.4646485
2021-11-21,0.31475939601659775,0.25217132600000003,28.8819457
2021-11-22,19.06494903564453,0.298658751,28.382214299999998
2021-11-23,0.0,0.268988037,29.951971500000003
2021-11-24,0.0,0.24696502699999998,30.6890993
2021-11-25,0.0,0.22549590999999997,30.4660462
2021-11-26,0.0,0.206471252,30.200177099999998
2021-11-27,0.0,0.191334535,30.267962699999998
2021-11-28,0.0,0.17832641600000002,29.1843325
2021-11-29,0.0,0.16735992400000002,30.0114563
2021-11-30,0.0,0.162226868,28.5274476
2021-12-01,0.4548640176653862,0.247065736,22.5976016
2021-12-02,74.48848628997803,0.394911195,23.8269591
2021-12-03,3.163488417863846,0.37477417,26.493316800000002
2021-12-04,0.026013970375061025,0.353465271,26.7524474
2021-12-05,0.0,0.346032714,26.163256999999998
2021-12-06,0.0,0.326516722,27.345641899999997
2021-12-07,0.0,0.30779266299999997,27.8422913
2021-12-08,0.0,0.290930179,27.6720154
2021-12-09,0.0,0.277198791,27.7421021
2021-12-10,0.0,0.265705872,28.115106400000002
2021-12-11,0.0,0.253503419,28.1919737
2021-12-12,0.0,0.24341430800000002,28.3561891
2021-12-13,0.0,0.23266296400000003,27.996893399999998
2021-12-14,0.0,0.222270201,26.640124500000002
2021-12-15,0.0,0.21488342400000002,26.964203100000002
2021-12-16,0.0,0.208363341,27.3244202
2021-12-17,0.0,0.199839783,27.634136899999998
2021-12-18,0.0,0.191415406,27.770709099999998
2021-12-19,0.0,0.183319091,27.745575000000002
2021-12-20,0.0,0.176310731,27.728094499999997
2021-12-21,0.0,0.1704910264,27.7031068
2021-12-22,0.0,0.16569976739999998,27.4080624
2021-12-23,0.0,0.161172485,27.158307
2021-12-24,0.0,0.15722045950000002,26.5167054
2021-12-25,0.0,0.15377960200000002,26.62276
2021-12-26,0.0,0.1502395631,27.806085500000002
2021-12-27,0.0,0.14652252100000002,28.9701233
2021-12-28,0.0,0.1433197034,27.549102600000005
2021-12-29,0.0,0.140139771,27.600006200000003
2021-12-30,0.0,0.1369583135,29.00755
2021-12-31,0.0,0.13416290250000001,30.0413636
2022-01-01,0.0,0.131762696,29.895806799999995
2022-01-02,0.0,0.1298995986,30.413824599999998
2022-01-03,0.0,0.1282745359,30.096173099999998
2022-01-04,0.0,0.1267776485,30.801764100000003
2022-01-05,0.0,0.1257263179,29.7690245
2022-01-06,0.0,0.12500000039999998,28.7263977
2022-01-07,0.0,0.124267579,28.164263899999998
2022-01-08,0.0,0.233485413,24.5085145
2022-01-09,0.9688227772712706,0.231352234,24.3518556
2022-01-10,0.0,0.20927581699999998,24.0957704
2022-01-11,0.0,0.19353790399999998,25.339190600000002
2022-01-12,0.0,0.18037109499999998,25.987933199999997
2022-01-13,0.0,0.1700119,26.105194
2022-01-14,0.0,0.16226196399999998,26.734552099999995
2022-01-15,0.0,0.1541656476,28.9011534
2022-01-16,0.0,0.1468353274,30.3524719
2022-01-17,0.0,0.1412078849,30.150543199999998
2022-01-18,0.0,0.13646240240000002,29.802301
2022-01-19,0.0,0.1324203484,29.7580139
2022-01-20,0.0,0.12939148039999998,28.892706399999998
2022-01-21,0.0,0.1274215701,29.0660217
2022-01-22,0.0,0.1410949716,26.833416399999997
2022-01-23,0.08545389957726,0.1422561646,24.3550353
2022-01-24,0.0,0.1360290537,25.9234435
2022-01-25,0.0,0.13101806600000002,27.118047999999998
2022-01-26,0.0,0.1273574828,28.3429015
2022-01-27,0.0,0.12443084740000002,29.551470899999998
2022-01-28,0.0,0.1221160885,30.371124099999996
2022-01-29,0.0,0.120303344,30.8610412
2022-01-30,0.0,0.1190704341,30.2413393
2022-01-31,0.0,0.1182388308,29.8144836
2022-02-01,0.0,0.117555236,29.8127258
2022-02-02,0.0,0.11701812730000001,29.9014952
2022-02-03,0.0,0.116703796,29.054132099999997
2022-02-04,0.0,0.1165222164,29.443463100000002
2022-02-05,0.0,0.11610259860000001,29.7402406
2022-02-06,0.0,0.115684508,29.867486500000002
2022-02-07,0.0,0.11547851449999999,28.915509099999998
2022-02-08,0.0,0.1153121955,28.4666808
2022-02-09,0.0,0.115089416,29.7434143
2022-02-10,0.0,0.1147872919,31.5687561
2022-02-11,0.0,0.11442871110000001,32.8276428
2022-02-12,0.0,0.1141525264,31.8999573
2022-02-13,0.0,0.11400146559999999,31.3250793
2022-02-14,0.0,0.1138580326,31.191607800000003
2022-02-15,0.0,0.11379241840000001,30.431744200000004
2022-02-16,0.0,0.11368560750000001,30.2162414
2022-02-17,0.0,0.1135620104,31.620709299999998
2022-02-18,0.0,0.1135040297,31.583453400000003
2022-02-19,0.0,0.1133789068,32.4933656
2022-02-20,0.0,0.1132217402,32.2225649
2022-02-21,0.0,0.11313629110000001,31.9890194
2022-02-22,0.0,0.1130477893,32.2532777
2022-02-23,0.0,0.11298980539999999,32.9199768
2022-02-24,0.0,0.11291503890000001,33.4796449
2022-02-25,0.0,0.11285400380000002,32.936334
2022-02-26,0.0,0.112794494,32.6715881
2022-02-27,0.0,0.11271972560000001,33.2225645
2022-02-28,0.0,0.11268157940000001,33.2216614
2022-03-01,0.0,0.1126266484,33.6108702
2022-03-02,0.0,0.1125701893,33.9097963
2022-03-03,0.0,0.1125167848,34.623395
2022-03-04,0.0,0.11244964469999999,34.293414
2022-03-05,0.0,0.1124099714,34.286676299999996
2022-03-06,0.0,0.1124267568,33.4568177
2022-03-07,0.0,0.11242065450000001,34.7126035
2022-03-08,0.0,0.11236267019999999,35.82490850000001
2022-03-09,0.0,0.1136291508,36.400299000000004
2022-03-10,0.0,0.11315765330000001,36.1429749
2022-03-11,0.0,0.1132385261,36.336432200000004
2022-03-12,0.0,0.1129165664,37.287848
2022-03-13,0.0,0.1127075192,38.056647
2022-03-14,0.0,0.11254577660000001,37.5734437
2022-03-15,0.0,0.1124694834,37.3642638
2022-03-16,0.0,0.11240997240000002,37.8977603
2022-03-17,0.0,0.1123443604,37.6419496
2022-03-18,0.0,0.11232147299999999,37.1434141
2022-03-19,0.0,0.1122482303,35.7675112
2022-03-20,0.0,0.1123550408,33.5413637
2022-03-21,0.0,0.1123321527,35.5251036
2022-03-22,0.0,0.1122787486,37.0391172
2022-03-23,0.0,0.11224822949999999,35.7029606
2022-03-24,0.0,0.11224365220000002,34.3654602
2022-03-25,0.0,0.1122726446,34.1543272
2022-03-26,0.0,0.1122344985,35.1408019
2022-03-27,0.0,0.11216125539999999,35.3567203
2022-03-28,0.0,0.11212463400000001,36.1607729
2022-03-29,0.0,0.11207733099999999,37.6457579
2022-03-30,0.0,0.11203155599999999,37.1189515
2022-03-31,0.0,0.1121078475,36.4277892
2022-04-01,0.0,0.11203308110000001,35.2716863
2022-04-02,0.0,0.1121154789,35.023785499999995
2022-04-03,0.0,0.11208343350000001,35.961896100000004
2022-04-04,0.0,0.1120620721,35.494390800000005
2022-04-05,0.0,0.11203765859999999,36.1411683
2022-04-06,0.0,0.1119659421,36.2972226
2022-04-07,0.0,0.11189575249999999,36.423956399999994
2022-04-08,0.0,0.1116806019,36.286139000000006
2022-04-09,0.0,0.1116455076,35.8096009
2022-04-10,0.0,0.1117111212,36.631305100000006
2022-04-11,0.0,0.1117004395,36.281867
2022-04-12,0.0,0.1116806033,37.077349600000005
2022-04-13,0.0,0.11164245619999999,37.3719791
2022-04-14,0.0,0.1116226205,36.728643999999996
2022-04-15,0.0,0.11169891409999999,36.306597999999994
2022-04-16,0.0,0.1116378782,35.9385561
2022-04-17,0.0,0.111595153,35.9476624
2022-04-18,0.0,0.11151123190000001,36.282818400000004
2022-04-19,0.0,0.11151428240000001,35.5433897
2022-04-20,0.0,0.1115020745,37.264654300000004
2022-04-21,0.0,0.11155853279999998,39.0915098
2022-04-22,0.0,0.11145172169999999,38.831597699999996
2022-04-23,0.0,0.11770019620000001,37.2147035
2022-04-24,0.0,0.116598511,37.6187805
2022-04-25,0.0,0.1147964485,38.7592833
2022-04-26,0.0,0.11392364399999999,38.2993222
2022-04-27,0.0,0.11340484750000002,38.9708559
2022-04-28,0.0,0.1130767824,38.2285461
2022-04-29,0.0,0.1129226686,37.6658507
2022-04-30,0.0,0.11280212419999999,37.1513736
2022-05-01,0.0,0.1127136236,37.276690599999995
2022-05-02,0.0,0.11291198760000001,36.9369931
2022-05-03,0.0,0.1132186892,37.195124
2022-05-04,0.0,0.113273621,37.373199799999995
2022-05-05,0.0,0.11309661870000001,36.551495599999996
2022-05-06,0.0,0.1132263177,36.5955134
2022-05-07,0.0,0.11304931599999998,37.433892900000004
2022-05-08,0.0,0.1129348755,36.3330867
2022-05-09,0.0,0.1129119869,36.0473696
2022-05-10,0.0,0.112979126,35.8027402
2022-05-11,0.0,0.11300354000000001,36.081744400000005
2022-05-12,0.0,0.11455688400000001,34.368341199999996
2022-05-13,0.0,0.1140975948,36.0957092
2022-05-14,0.0,0.11382293699999999,36.4151187
2022-05-15,0.0,0.1146743769,36.788800099999996
2022-05-16,0.0,0.11460113499999999,37.621929800000004
2022-05-17,0.0,0.1145797734,37.0110408
2022-05-18,0.0,0.1143692015,37.005523700000005
2022-05-19,0.0,0.1141418465,36.0921201
2022-05-20,0.0,0.11462097239999999,35.2191955
2022-05-21,0.0,0.1144042975,35.758234
2022-05-22,0.08545389957726,0.1174819953,34.8544494
2022-05-23,0.0,0.11969146680000001,34.930841199999996
2022-05-24,0.4413715898990631,0.1216033925,35.5502743
2022-05-25,0.3252211809158325,0.1270797729,35.6925597
2022-05-26,0.0,0.12610321149999998,35.4490542
2022-05-27,0.0,0.126470948,34.960967600000004
2022-05-28,0.0,0.1239044176,35.4826237
2022-05-29,0.0,0.1238510124,34.6222715
2022-05-30,0.0,0.1215942381,35.5330626
2022-05-31,0.0,0.11990203740000001,36.0384584
2022-06-01,0.0,0.1185241685,35.578961400000004
2022-06-02,0.0,0.12034912099999999,33.9802306
2022-06-03,0.0,0.1186950703,36.221123899999995
2022-06-04,0.0,0.1173339849,36.698468000000005
2022-06-05,0.0,0.1173858637,36.4842836
2022-06-06,0.0,0.11618042040000001,35.502642300000005
2022-06-07,0.0,0.11722412200000001,35.4976135
2022-06-08,0.0,0.1438201904,34.8449034
2022-06-09,0.11615041643381117,0.165908813,34.3454654
2022-06-10,9.015126511454582,0.251516727,30.823467799999996
2022-06-11,24.053728580474854,0.395246887,26.470288
2022-06-12,12.4080970287323,0.381892398,27.354211300000003
2022-06-13,0.811576396226883,0.356915284,30.307843100000003
2022-06-14,0.5981772691011429,0.347480772,30.717010500000004
2022-06-15,0.0,0.345669556,30.799414300000002
2022-06-16,5.748722348362207,0.340916443,30.1092894
2022-06-17,8.656243622303009,0.33139953499999997,30.8127076
2022-06-18,2.0521167255938053,0.35330658000000004,29.9269407
2022-06-19,7.604293584823608,0.395039368,28.1195986
2022-06-20,20.502167224884033,0.418354797,25.8954164
2022-06-21,25.364232778549194,0.394578553,26.4302674
2022-06-22,14.247205972671509,0.403001407,26.9917175
2022-06-23,22.24138367176056,0.40570221100000003,27.620111100000003
2022-06-24,11.679625749588013,0.390376283,27.9436465
2022-06-25,24.831745147705078,0.378839109,29.928594800000003
2022-06-26,2.0385663881897926,0.361695864,28.832671899999998
2022-06-27,1.553620994091034,0.41331329099999997,26.974224800000002
2022-06-28,8.840658068656921,0.387319947,27.3663637
2022-06-29,20.06397533416748,0.40784759600000003,29.4946718
2022-06-30,35.91099953651428,0.402827456,28.182336300000003
2022-07-01,99.8536205291748,0.40783538799999997,25.5417786
2022-07-02,85.63476943969727,0.40308227700000004,27.313665800000003
2022-07-03,18.707782745361328,0.40564574999999997,27.4586792
2022-07-04,27.07172656059265,0.400617982,28.438354500000003
2022-07-05,158.38945960998535,0.410543823,25.404888699999997
2022-07-06,145.69138717651367,0.40811614899999993,25.9232726
2022-07-07,123.02995300292969,0.42023620600000006,25.463745199999998
2022-07-08,90.95511722564697,0.409503176,25.3105894
2022-07-09,14.440340280532837,0.410421752,25.1705139
2022-07-10,24.137407660484314,0.412951658,24.996222
2022-07-11,35.15043258666992,0.417668149,24.6995181
2022-07-12,91.25443363189697,0.411898801,24.8292176
2022-07-13,58.31632709503174,0.418276979,25.0225769
2022-07-14,123.6609001159668,0.414653019,25.0146668
2022-07-15,86.98844718933105,0.4074722270000001,25.3717224
2022-07-16,30.305684089660645,0.41138610699999995,27.337554899999997
2022-07-17,34.93067169189453,0.396858218,28.731305
2022-07-18,9.702231526374817,0.410520937,25.3475342
2022-07-19,23.507155895233154,0.398345949,26.593072499999998
2022-07-20,20.38349723815918,0.386366274,29.0115476
2022-07-21,24.654910564422607,0.394859312,28.521490399999998
2022-07-22,7.636862337589264,0.387942505,28.8658998
2022-07-23,4.461676180362701,0.411982726,25.3070375
2022-07-24,18.945594549179077,0.41773681500000004,25.336322000000003
2022-07-25,24.54065489768982,0.396580505,27.5446717
2022-07-26,9.728797554969788,0.390548707,27.3088501
2022-07-27,11.473304450511932,0.395150758,27.8457335
2022-07-28,5.218311049044132,0.380285645,29.757629400000003
2022-07-29,0.04944494739174843,0.372953798,29.527551199999998
2022-07-30,0.10681737586855886,0.353421022,29.820812999999998
2022-07-31,0.6917835846543312,0.348268127,30.0986693
2022-08-01,1.5241170227527618,0.344828797,30.3269898
2022-08-02,5.535829484462738,0.346243285,29.9030091
2022-08-03,6.265216454863548,0.35559845,29.3497499
2022-08-04,7.42705899477005,0.390930177,28.2052308
2022-08-05,11.779216527938843,0.410911559,26.190118599999998
2022-08-06,22.711023569107056,0.399664308,27.275091300000003
2022-08-07,17.871910452842712,0.428259276,27.6088929
2022-08-08,56.266414642333984,0.414987184,25.4805541
2022-08-09,71.81414890289307,0.40101623599999997,26.3225463
2022-08-10,38.483317375183105,0.40144500699999996,26.833612
2022-08-11,45.96771001815796,0.409478759,26.616418499999998
2022-08-12,35.22510862350464,0.403173829,27.179779000000003
2022-08-13,28.513926029205322,0.40003509700000006,27.332086300000004
2022-08-14,12.958946704864502,0.39385986700000003,27.6663268
2022-08-15,12.814993143081665,0.41150512800000005,25.0737856
2022-08-16,22.319945812225342,0.41242370600000006,24.8093139
2022-08-17,36.75110626220703,0.414700317,26.316357399999998
2022-08-18,17.427348852157593,0.40386963099999995,27.715112299999998
2022-08-19,8.693469285964966,0.40450286999999996,26.861456399999998
2022-08-20,11.7448970079422,0.39717712299999997,27.663250499999997
2022-08-21,8.596147060394287,0.386938477,27.8520939
2022-08-22,3.4307172298431396,0.384437558,27.990697899999997
2022-08-23,9.910018563270569,0.382907104,27.6581056
2022-08-24,10.680500030517578,0.38506622199999996,27.486517400000004
2022-08-25,8.534528136253357,0.37995758,28.082073700000002
2022-08-26,5.358525335788727,0.367314149,29.030713
2022-08-27,0.09800233691930768,0.356993104,29.0193175
2022-08-28,0.9385579079389572,0.35495452699999996,28.695447
2022-08-29,4.975751727819443,0.344824219,29.013372800000003
2022-08-30,0.04136935248970985,0.333082581,29.4887636
2022-08-31,0.0,0.342408753,29.3419862
2022-09-01,12.76662027835846,0.385717773,28.9437438
2022-09-02,0.06610454618930815,0.379066468,30.6832519
2022-09-03,5.95501109957695,0.380311583,29.374914699999998
2022-09-04,21.678689897060394,0.390055846,27.956640600000004
2022-09-05,2.5931379199028015,0.380348204,28.938824399999998
2022-09-06,7.225451493635773,0.384295654,29.150573700000002
2022-09-07,2.307039886713028,0.385028076,29.5868163
2022-09-08,61.13692378997803,0.399185183,28.8974304
2022-09-09,79.84601497650146,0.399612425,28.3474
2022-09-10,44.380468130111694,0.397157289,27.6573668
2022-09-11,10.472744941711426,0.394018555,28.5197813
2022-09-12,20.02239155769348,0.403997802,26.9656676
2022-09-13,50.46998977661133,0.420848085,26.2408874
2022-09-14,30.807644367218018,0.40886993299999996,26.4181886
2022-09-15,50.09647083282471,0.413275146,26.278210899999998
2022-09-16,69.38897037506104,0.427023316,25.5705018
2022-09-17,73.4849328994751,0.39989014,26.716882299999998
2022-09-18,45.914071559906006,0.39858093299999997,27.506616100000002
2022-09-19,18.669277906417847,0.387963865,25.743560600000002
2022-09-20,5.74920380115509,0.391273499,25.4152038
2022-09-21,17.18855118751526,0.393489076,24.849731300000002
2022-09-22,0.6026775017380714,0.386956788,25.125738899999998
2022-09-23,7.719536006450653,0.370773315,26.7983338
2022-09-24,10.144126415252686,0.37714386,26.6649962
2022-09-25,3.952421247959137,0.369197082,28.126702899999998
2022-09-26,1.9446803703904152,0.362916565,28.4854065
2022-09-27,0.9303471148014069,0.352537537,28.319201699999997
2022-09-28,2.3136753365397453,0.36053009,27.0590757
2022-09-29,3.2259236723184586,0.381532286,27.712469499999997
2022-09-30,1.2378934621810913,0.384571839,28.719268999999997
2022-10-01,5.714601039886475,0.37689209,28.5639951
2022-10-02,12.571520447731018,0.356140136,28.9791076
2022-10-03,0.0,0.34411316,28.961859200000003
2022-10-04,0.0,0.327513123,29.042816199999997
2022-10-05,0.0,0.32679138500000005,28.3644715
2022-10-06,0.0,0.353730772,27.797607399999997
2022-10-07,6.3126373291015625,0.40746154900000003,25.0999086
2022-10-08,107.13060760498047,0.38675537000000004,26.239855999999996
2022-10-09,5.926215887069702,0.360720825,28.545062100000003
2022-10-10,0.0,0.34154815699999996,28.553057799999998
2022-10-11,0.0,0.347331242,28.391125499999998
2022-10-12,17.525223076343536,0.41086883400000007,27.563104099999997
2022-10-13,10.930974304676056,0.41517791800000003,28.139312699999998
2022-10-14,7.3538088500499725,0.373423769,29.0042662
2022-10-15,38.253315448760986,0.344345094,29.9160462
2022-10-16,0.0,0.32370758,29.6658386
2022-10-17,0.0,0.377442932,27.9329225
2022-10-18,3.0128613524138927,0.391207885,26.675762900000002
2022-10-19,0.29289744608104223,0.366914368,28.701110699999997
2022-10-20,0.1977797895669937,0.363063052,29.0822449
2022-10-21,0.0,0.348455809,29.8270938
2022-10-22,2.5256227347999816,0.336763002,29.4609498
2022-10-23,0.0,0.315943905,28.7642271
2022-10-24,0.0,0.300157165,28.1208008
2022-10-25,0.0,0.287442016,28.0294555
2022-10-26,0.0,0.275019837,28.1068603
2022-10-27,0.0,0.26253051899999996,28.488122600000004
2022-10-28,0.0,0.249905395,28.2257811
2022-10-29,0.0,0.23802642899999998,28.856280400000003
2022-10-30,0.0,0.226588439,28.5219909
2022-10-31,0.0,0.21544189600000002,28.6225768
2022-11-01,0.0,0.20471038900000002,28.1972962
2022-11-02,0.0,0.196130371,29.083367900000002
2022-11-03,0.0,0.18717193399999998,29.403888000000002
2022-11-04,0.0,0.17960357799999999,29.504962
2022-11-05,0.0,0.1721725475,29.6661926
2022-11-06,0.0,0.165715025,30.0963197
2022-11-07,0.0,0.16034088159999998,29.334405600000004
2022-11-08,0.0,0.155767822,29.4079896
2022-11-09,0.0,0.151304626,29.7072814
2022-11-10,0.0,0.1469787595,29.919195600000002
2022-11-11,0.0,0.1429260254,29.7976135
2022-11-12,0.0,0.139218138,29.9993713
2022-11-13,0.0,0.135954284,30.0045226
2022-11-14,0.0,0.133602906,30.6019348
2022-11-15,0.0,0.1318298336,30.3761778
2022-11-16,0.0,0.12992706240000002,30.1211976
2022-11-17,0.0,0.12798309300000002,29.9625062
2022-11-18,0.0,0.12617492660000001,29.563043299999997
2022-11-19,0.0,0.12469635009999999,29.189923
2022-11-20,0.0,0.1234985351,28.602545
2022-11-21,0.0,0.12240905719999999,28.2136537
2022-11-22,0.0,0.121611022,29.042877499999996
2022-11-23,0.0,0.1207031265,29.4944884
2022-11-24,0.0,0.119950866,30.046026899999998
2022-11-25,0.0,0.1193939221,30.9792297
2022-11-26,0.0,0.11897582999999998,30.8718081
2022-11-27,0.0,0.1186294559,30.588214
2022-11-28,0.0,0.1182434091,29.6736877
2022-11-29,0.0,0.11794738740000002,29.719000299999998
2022-11-30,0.0,0.1175079346,31.0408752
2022-12-01,0.0,0.1171127324,30.657208200000003
2022-12-02,0.0,0.1167526251,30.6455871
2022-12-03,0.0,0.1165069589,30.425006200000002
2022-12-04,0.0,0.1162734991,30.809869399999997
2022-12-05,0.0,0.1163070675,31.535211200000003
2022-12-06,0.0,0.1160125724,31.3394835
2022-12-07,0.0,0.1157547005,31.0786925
2022-12-08,0.0,0.11558532619999999,30.715948400000002
2022-12-09,0.0,0.11532440259999999,29.4929016
2022-12-10,0.0,0.11513214050000001,29.9401672
2022-12-11,0.0,0.1150131225,30.206915400000003
2022-12-12,0.0,0.11498107799999999,32.2190495
2022-12-13,0.0,0.11605682340000001,32.493268
2022-12-14,0.0,0.1177810665,30.8774232
2022-12-15,0.0,0.1166885369,31.477838199999997
2022-12-16,0.0,0.115930176,31.926422000000002
2022-12-17,0.0,0.1154357914,32.9730287
2022-12-18,0.0,0.11505432060000001,32.4955873
2022-12-19,0.0,0.11472625700000001,32.001910599999995
2022-12-20,0.0,0.1144943231,31.3922423
2022-12-21,0.0,0.1143341046,31.1580627
2022-12-22,0.0,0.1142150883,31.2094545
2022-12-23,0.0,0.1141372695,29.6457093
2022-12-24,0.0,0.1140518175,28.5031799
2022-12-25,0.0,0.1139572146,27.9724427
2022-12-26,0.0,0.113940428,28.886578300000004
2022-12-27,0.0,0.1138610836,29.8325257
2022-12-28,0.0,0.11378479050000001,30.1766419
2022-12-29,0.0,0.113705444,30.099395800000003
2022-12-30,0.0,0.11363983149999998,30.3264955
2022-12-31,0.0,0.11360473509999999,29.2605772
2023-01-01,0.0,0.11360168499999998,28.6141663
2023-01-02,0.0,0.1135360725,29.8727356
2023-01-03,0.0,0.1134948737,29.625592
2023-01-04,0.0,0.11345520099999999,29.7410461
2023-01-05,0.0,0.11342773589999999,29.9607483
2023-01-06,0.0,0.11337890719999999,31.458282399999995
2023-01-07,0.0,0.1133087151,31.7342103
2023-01-08,0.0,0.1132522569,31.554009999999998
2023-01-09,0.0,0.11316833500000001,30.6127746
2023-01-10,0.0,0.1131103521,31.1297915
2023-01-11,0.0,0.11308288709999999,29.791265700000004
2023-01-12,0.0,0.1130722055,28.968121200000002
2023-01-13,0.0,0.1130691522,27.5455626
2023-01-14,0.0,0.11305084080000001,28.009698200000003
2023-01-15,0.0,0.1130310054,28.0421449
2023-01-16,0.0,0.11302642839999999,28.160968200000003
2023-01-17,0.0,0.11299591040000001,28.7866029
2023-01-18,0.0,0.1129272472,29.8059876
2023-01-19,0.0,0.11286773619999999,29.9831118
2023-01-20,0.0,0.11281280600000002,29.6202211
2023-01-21,0.0,0.11275329569999999,29.3217345
2023-01-22,0.0,0.1127548212,28.2166809
2023-01-23,0.0,0.11275329519999999,27.6186829
2023-01-24,0.0,0.112754821,27.5052797
2023-01-25,0.0,0.11275482079999999,27.3524229
2023-01-26,0.0,0.1127304079,28.850299200000002
2023-01-27,0.0,0.1126419076,32.307671899999995
2023-01-28,0.0,0.11260681139999999,30.8296203
2023-01-29,0.0,0.11932525680000002,28.1685851
2023-01-30,0.0,0.11807250899999999,30.3280337
2023-01-31,0.0,0.11674347059999998,31.687383699999998
2023-02-01,0.0,0.1157485962,32.801446299999995
2023-02-02,0.0,0.114953613,33.5093323
2023-02-03,0.0,0.1143768311,32.8604553
2023-02-04,0.0,0.11401519769999999,32.5384823
2023-02-05,0.0,0.11377105680000002,32.3311097
2023-02-06,0.0,0.11356658950000001,31.937579399999997
2023-02-07,0.0,0.1134307863,31.965557999999998
2023-02-08,0.0,0.1132919309,33.2781311
2023-02-09,0.0,0.1131591784,33.3834045
2023-02-10,0.0,0.1130798337,32.680035499999995
2023-02-11,0.0,0.11301574830000001,32.3241516
2023-02-12,0.0,0.112945557,34.0411681
2023-02-13,0.0,0.112843322,34.2911195
2023-02-14,0.0,0.11278839119999999,33.845757500000005
2023-02-15,0.0,0.1127471933,34.421930200000006
2023-02-16,0.0,0.112702942,35.7811095
2023-02-17,0.0,0.1126358036,35.8292542
2023-02-18,0.0,0.1125854498,35.7831604
2023-02-19,0.0,0.11255340579999999,36.0055725
2023-02-20,0.0,0.11257171560000001,34.0206116
2023-02-21,0.0,0.11254882740000001,33.671539100000004
2023-02-22,0.0,0.1125411996,33.4164121
2023-02-23,0.0,0.1125030518,34.3027893
2023-02-24,0.0,0.11245880230000001,35.259087900000004
2023-02-25,0.0,0.11243591450000001,34.878228899999996
2023-02-26,0.0,0.11240387,35.399224700000005
2023-02-27,0.0,0.1123672491,34.8674374
2023-02-28,0.0,0.1123443606,34.4077214
2023-03-01,0.0,0.11231536810000001,35.06802330000001
2023-03-02,0.0,0.11226501559999999,36.2159731
2023-03-03,0.0,0.1122100833,35.9797426
2023-03-04,0.0,0.11219787610000001,35.740826500000004
2023-03-05,0.0,0.11223297139999999,37.463873
2023-03-06,0.0,0.11456146139999998,36.7692446
2023-03-07,0.0,0.11754303099999999,36.554254
2023-03-08,0.03913779370486735,0.1157073975,35.8981998
2023-03-09,0.0,0.1146209711,37.4123597
2023-03-10,0.0,0.11387329139999999,36.185308899999995
2023-03-11,0.0,0.1134414682,37.096295299999994
2023-03-12,0.0,0.1132064814,34.693194
2023-03-13,0.0,0.1130432129,35.032745399999996
2023-03-14,0.0,0.1128646848,37.735504199999994
2023-03-15,0.0,0.1128982534,37.3012758
2023-03-16,0.0,0.1166580186,33.6280819
2023-03-17,0.6058285068720579,0.1292053205,32.7766909
2023-03-18,0.0,0.124766541,33.8305968
2023-03-19,0.0,0.1221664425,32.462407999999996
2023-03-20,0.3899141252040863,0.1261871349,32.7201233
2023-03-21,12.21546244621277,0.12831421,32.6415588
2023-03-22,2.5811215117573743,0.1244308475,33.8368957
2023-03-23,0.0,0.12621460140000001,32.705987699999994
2023-03-24,0.0,0.12288513100000001,33.7415589
2023-03-25,0.0,0.12022552499999999,32.9676816
2023-03-26,0.0,0.11834411600000001,33.2718569
2023-03-27,0.0,0.11692810099999999,33.7866761
2023-03-28,0.0,0.11580352840000001,34.3137516
2023-03-29,0.0,0.11508178620000001,33.8454652
2023-03-30,0.0,0.11506500319999999,33.5566956
2023-03-31,0.0,0.11842803900000001,33.255182000000005
2023-04-01,0.003266577143222075,0.1166366575,34.054254
2023-04-02,0.0,0.1156021124,33.999151
2023-04-03,0.0,0.11527252210000001,34.2390198
2023-04-04,0.0,0.11460723889999999,34.7194398
2023-04-05,0.0,0.1141372678,35.4694395
2023-04-06,0.0,0.11369628970000001,36.2287656
2023-04-07,0.0,0.1144989015,37.428912100000005
2023-04-08,0.0,0.11434021059999999,36.4545959
2023-04-09,0.0,0.1138198869,37.5439023
2023-04-10,0.2924356162548065,0.11331176579999999,38.3668514
2023-04-11,0.0,0.1130874631,36.999761899999996
2023-04-12,0.0,0.1129058844,38.293804800000004
2023-04-13,2.8570590019226074,0.11278381280000001,36.6575993
2023-04-14,0.0,0.11268157859999998,37.345660599999995
2023-04-15,0.0,0.1126052855,36.96485
2023-04-16,0.0,0.11246948190000002,37.062604
2023-04-17,0.0,0.11234436030000002,36.9369687
2023-04-18,0.0,0.11231841899999999,39.0450252
2023-04-19,0.0,0.11225128209999999,38.8731509
2023-04-20,0.0,0.1122344977,37.4896059
2023-04-21,0.0,0.112199403,36.1041564
2023-04-22,0.0,0.1122070315,35.4910951
2023-04-23,0.0,0.1134964003,35.5036192
2023-04-24,0.0,0.1130691536,36.2790839
2023-04-25,0.0,0.11292419489999998,35.9265929
2023-04-26,0.0,0.11301727210000001,34.6521545
2023-04-27,0.0,0.1128295905,35.735210900000006
2023-04-28,0.0,0.11448211589999999,35.6296205
2023-04-29,0.03913779370486735,0.1136856084,35.842706799999995
2023-04-30,0.18671825528144836,0.11953125099999999,34.3033997
2023-05-01,0.0,0.11906738350000001,34.2660702
2023-05-02,1.4470664262771606,0.12173004299999998,34.945001000000005
2023-05-03,0.5747643318027258,0.1213439945,35.3977111
2023-05-04,0.0,0.1205764778,35.6659729
2023-05-05,0.0,0.12109985490000001,34.5476379
2023-05-06,0.0,0.11897277939999999,36.0196354
2023-05-07,0.0,0.1186828606,34.8529116
2023-05-08,0.0,0.11787567060000001,35.6802067
2023-05-09,0.0,0.11638793920000001,36.8863098
2023-05-10,0.0,0.11526184040000001,37.6834536
2023-05-11,0.0,0.1144744878,38.5502989
2023-05-12,0.0,0.1140228271,37.5941227
2023-05-13,0.0,0.11368866070000001,37.47593379999999
2023-05-14,0.0,0.11343689009999999,37.564264099999995
2023-05-15,0.0,0.1147933958,37.3917296
2023-05-16,0.0,0.11574249349999999,36.9655333
2023-05-17,0.0,0.1153015145,37.0700257
2023-05-18,0.0,0.11463622979999999,36.9453187
2023-05-19,0.0,0.11411590590000001,36.693609800000004
2023-05-20,0.0,0.1140029905,37.1184631
2023-05-21,0.0,0.1149063105,36.8214903
2023-05-22,0.0,0.1142959595,37.0116759
2023-05-23,0.0,0.11382141109999999,37.1341367
2023-05-24,0.0,0.1141464234,37.034429700000004
2023-05-25,0.0,0.11404571670000001,36.7440001
2023-05-26,1.1788176894187927,0.1268722531,35.2113097
2023-05-27,0.04667956382036208,0.12315673870000002,36.0139465
2023-05-28,0.0,0.12089538549999998,37.0814758
2023-05-29,0.0,0.1182907092,36.8199525
2023-05-30,0.0,0.11678161550000002,38.027716
2023-05-31,0.0,0.11676330509999999,37.7014465
2023-06-01,0.0,0.115647889,37.370538499999995
2023-06-02,0.0,0.1154891974,37.688312
2023-06-03,0.0,0.11633758460000002,37.4447813
2023-06-04,0.0,0.1417709361,37.058697699999996
2023-06-05,0.0,0.13839416340000002,36.6777893
2023-06-06,0.0,0.13896637,36.9183655
2023-06-07,0.0,0.1322143562,37.0665103
2023-06-08,0.0,0.1303207385,36.9284002
2023-06-09,0.0,0.1383697499,35.1995426
2023-06-10,0.0,0.165431214,32.9891173
2023-06-11,0.0816892385482788,0.188935853,32.983575099999996
2023-06-12,2.0410678731277585,0.19861908,31.2654969
2023-06-13,0.1829473590478301,0.22938995499999998,32.135357899999995
2023-06-14,13.353447198867798,0.260237123,31.078558199999996
2023-06-15,5.101128816604614,0.250093079,31.9049748
2023-06-16,0.2090299520641565,0.263403321,30.8351624
2023-06-17,4.927251815795898,0.27384796100000003,31.4245055
2023-06-18,0.07001934945583342,0.274284364,32.264068300000005
2023-06-19,0.14897556975483894,0.25975647,32.5690616
2023-06-20,0.0664844512939453,0.254983521,31.9833682
2023-06-21,0.0275454144575633,0.248771668,33.0795838
2023-06-22,0.2924356162548065,0.23454132100000002,33.099115
2023-06-23,0.0,0.248513793,31.928765700000003
2023-06-24,8.959754943847656,0.344602965,28.2989562
2023-06-25,95.26048469543457,0.37197876,26.4680968
2023-06-26,61.97582817077637,0.38721008700000004,26.3739321
2023-06-27,69.51673698425293,0.41857605,25.499945200000003
2023-06-28,37.108985900878906,0.432218931,26.1078737
2023-06-29,120.62436103820801,0.413108827,25.775433099999997
2023-06-30,65.28406715393066,0.41716003300000004,25.3951907
2023-07-01,85.89413452148438,0.40899658299999997,26.4081726
2023-07-02,41.174071311950684,0.412623596,26.7508057
2023-07-03,46.95610857009888,0.40687256200000005,29.538757299999997
2023-07-04,18.463011860847473,0.41528014999999996,26.950488200000002
2023-07-05,34.10495036840439,0.401623533,27.702142400000003
2023-07-06,19.0251362323761,0.414654541,25.685308900000003
2023-07-07,46.203593254089355,0.424432373,25.6722107
2023-07-08,63.593801498413086,0.39406890699999997,28.6858825
2023-07-09,20.2580087184906,0.390776064,28.614312599999998
2023-07-10,18.07749056816101,0.379824831,29.430438200000005
2023-07-11,3.4165233969688416,0.37990112200000004,28.5919373
2023-07-12,2.232600599527359,0.385214233,27.281054899999997
2023-07-13,4.2034269869327545,0.39287109400000003,29.049041999999996
2023-07-14,32.51842975616455,0.40697174,26.6818482
2023-07-15,53.21359443664551,0.394595337,27.618274000000003
2023-07-16,9.006120085716248,0.392190552,27.0406556
2023-07-17,37.11652851104736,0.399015809,26.2570677
2023-07-18,88.46674537658691,0.420811465,25.4419433
2023-07-19,110.67168807983398,0.40518035900000005,25.649542200000003
2023-07-20,176.49089241027832,0.40475616499999995,25.890680200000002
2023-07-21,57.44246768951416,0.41178589,25.761212
2023-07-22,122.06976127624512,0.413050841,25.3583863
2023-07-23,70.94730758666992,0.41242217800000003,25.1377807
2023-07-24,57.34740924835205,0.41002655299999996,26.2028197
2023-07-25,67.70792388916016,0.408161927,25.3842711
2023-07-26,87.49265766143799,0.426022338,25.3148375
2023-07-27,111.86315822601318,0.406930543,25.637591800000003
2023-07-28,128.4795627593994,0.406620793,25.856665099999997
2023-07-29,52.08085536956787,0.40829315099999997,25.9742861
2023-07-30,22.210761547088623,0.400897218,27.892480499999998
2023-07-31,14.151990175247192,0.39800414900000003,27.5763305
2023-08-01,8.62752878665924,0.392477418,28.357317899999998
2023-08-02,8.519488334655762,0.404605104,26.206384200000002
2023-08-03,5.70872363448143,0.392330931,27.616644400000002
2023-08-04,7.890439033508301,0.383184814,27.1867369
2023-08-05,6.011462092399597,0.37874908300000004,28.5484802
2023-08-06,5.038457125425339,0.370233153,28.8420592
2023-08-07,3.521903395652771,0.369847108,28.645446600000003
2023-08-08,1.4799719005823135,0.360127257,29.335052400000002
2023-08-09,3.011521354317665,0.360510252,28.721056799999996
2023-08-10,3.413403272628784,0.36768493599999996,28.2649048
2023-08-11,4.758784919977188,0.359167479,29.837994399999996
2023-08-12,3.419140636920929,0.369764709,27.9724305
2023-08-13,3.3933238089084625,0.36447448899999996,29.0360839
2023-08-14,5.233142375946045,0.357923891,29.1754457
2023-08-15,1.5632546353153884,0.355841065,29.071929899999997
2023-08-16,2.8450201377272606,0.35116272,29.4111146
2023-08-17,1.3478616327047348,0.343222048,29.130633699999997
2023-08-18,4.440439477562904,0.352752683,28.5748961
2023-08-19,2.2880168817937374,0.354151915,27.7263488
2023-08-20,5.015670359134674,0.351794435,29.105713100000003
2023-08-21,4.5651203989982605,0.35017548,29.092218100000004
2023-08-22,10.893627405166626,0.369688415,27.151910299999997
2023-08-23,16.38510012626648,0.352304078,29.1122498
2023-08-24,8.864891767501831,0.367616274,28.3633176
2023-08-25,8.813308000564575,0.370617676,28.1772646
2023-08-26,30.51321029663086,0.385491945,28.445812999999998
2023-08-27,19.442777395248413,0.38531952,27.7998108
2023-08-28,23.885716438293457,0.37669525,28.356128000000002
2023-08-29,3.764246647246182,0.358660887,29.531133899999997
2023-08-30,0.1369822770357132,0.34315338,29.8633057
2023-08-31,0.0,0.33256988600000004,30.1544798
2023-09-01,0.32569708954542875,0.31551055699999997,30.6402648
2023-09-02,18.226579904556274,0.369581605,28.416180400000002
2023-09-03,15.54515552520752,0.370574951,28.405816800000004
2023-09-04,1.927082700189203,0.34801025599999996,29.475134500000003
2023-09-05,0.6648444533348083,0.33561554,29.415844800000002
2023-09-06,0.019568896852433675,0.324990846,29.9453792
2023-09-07,9.046471357345581,0.387490845,26.048547300000003
2023-09-08,101.60031509399414,0.425543215,25.6183409
2023-09-09,58.70170783996582,0.40376281599999997,26.547113200000002
2023-09-10,10.978270471096039,0.38677368100000004,28.3722352
2023-09-11,0.44361279159784317,0.381062315,28.724646
2023-09-12,1.3876073071733117,0.37747345,29.054766899999997
2023-09-13,0.7234770953655243,0.37080841200000003,28.8515016
2023-09-14,5.2279022783041,0.362677005,29.367675600000002
2023-09-15,16.693454943597317,0.35997771900000003,28.8032042
2023-09-16,10.226070284843445,0.37109527600000003,27.1852234
2023-09-17,9.52624237537384,0.376481627,27.453869700000002
2023-09-18,22.753934860229492,0.389642335,26.9336427
2023-09-19,22.287995100021362,0.39513549699999995,27.3718383
2023-09-20,9.593600511550903,0.39958191,27.3504394
2023-09-21,18.04867660999298,0.40684967099999997,26.8202268
2023-09-22,10.409793257713318,0.407765198,27.764044300000002
2023-09-23,17.046321153640747,0.41589050399999994,25.9532042
2023-09-24,31.829352378845215,0.39907989499999996,25.6866699
2023-09-25,11.823149252682924,0.410438538,26.917975000000002
2023-09-26,17.0849951505661,0.381550598,28.995819
2023-09-27,14.401990532875061,0.394648741,28.545898899999997
2023-09-28,40.74676465988159,0.402238466,28.228137000000004
2023-09-29,18.017448842525482,0.395732119,30.118853899999998
2023-09-30,14.133620142936707,0.396557618,30.099523800000004
2023-10-01,11.47765576839447,0.36313019,29.4356262
2023-10-02,4.87378191947937,0.360478211,28.3074158
2023-10-03,0.0,0.340539551,29.388500899999997
2023-10-04,0.0,0.32909698499999995,29.937805200000003
2023-10-05,0.0,0.31353302099999997,29.900073300000003
2023-10-06,0.0,0.307339476,29.5917419
2023-10-07,0.0,0.295365903,29.946942200000002
2023-10-08,0.0,0.28466034,30.4019106
2023-10-09,0.0,0.269462585,30.5253845
2023-10-10,0.0,0.254743959,30.267999300000003
2023-10-11,0.0,0.24187927400000003,30.3267762
2023-10-12,0.0,0.23206023999999997,31.424054
2023-10-13,0.0,0.221539306,31.9575991
2023-10-14,0.0,0.220788576,31.5185609
2023-10-15,0.0,0.21052551400000002,31.831793299999998
2023-10-16,0.0,0.19947509800000002,32.0763731
2023-10-17,0.0,0.1895278925,32.0730283
2023-10-18,0.0,0.181010436,32.071209800000005
2023-10-19,0.0,0.1723007216,32.016461199999995
2023-10-20,0.0,0.1650588975,32.5236876
2023-10-21,0.07477225456386803,0.15922699059999998,32.965166999999994
2023-10-22,0.0,0.1532943729,32.816705400000004
2023-10-23,0.0,0.1478637705,32.111554
2023-10-24,0.0,0.1428924561,32.1726866
2023-10-25,0.0,0.138403322,32.3792301
2023-10-26,0.0,0.1343658444,32.5700012
2023-10-27,0.0,0.1309021,32.492217800000006
2023-10-28,0.0,0.1280883786,32.5937557
2023-10-29,0.0,0.1258148195,32.790045199999994
2023-10-30,0.0,0.12390441960000001,33.168487799999994
2023-10-31,0.0,0.12242584249999999,33.2154112
2023-11-01,0.0,0.1211654651,32.6923156
2023-11-02,0.0,0.1200897224,32.6529359
2023-11-03,0.0,0.11913147099999999,32.855352999999994
2023-11-04,0.0,0.1182815556,33.910015800000004
2023-11-05,0.0,0.11761016789999998,33.6501036
2023-11-06,0.0,0.117036438,33.3622379
2023-11-07,0.0,0.116531371,33.016265600000004
2023-11-08,0.0,0.11962890500000001,31.685382099999998
2023-11-09,4.546533495187759,0.12329101540000001,32.4345278
2023-11-10,6.916012167930603,0.142658996,31.8190247
2023-11-11,0.11741338297724724,0.1352325446,33.4078676
2023-11-12,0.0,0.12879181,33.4936581
2023-11-13,0.0,0.124441527,32.9073309
2023-11-14,0.0,0.1219589225,32.4076478
2023-11-15,0.0,0.12007446150000001,32.1981264
2023-11-16,0.0,0.11856994539999999,32.6637265
2023-11-17,0.0,0.11750945900000001,32.6896548
2023-11-18,0.0,0.116743467,31.8793519
2023-11-19,0.0,0.116203308,32.4465147
2023-11-20,0.0,0.115618898,32.668169999999996
2023-11-21,0.0,0.115124513,32.913482699999996
2023-11-22,0.0,0.1147628793,31.9679507
2023-11-23,0.0,0.11449584989999999,32.3289124
2023-11-24,0.0,0.1142974868,33.6732731
2023-11-25,0.0,0.1142471316,32.7044742
2023-11-26,2.2061653207056224,0.146582032,29.5690858
2023-11-27,5.316736280918121,0.181663514,29.885528599999997
2023-11-28,0.32501088781282306,0.169297788,29.3651183
2023-11-29,0.0,0.157862853,28.894537300000003
2023-11-30,0.0,0.149081421,29.4202088
2023-12-01,0.0,0.1423141476,29.6682679
2023-12-02,0.0,0.1373596184,30.7261048
2023-12-03,0.0,0.1326248175,32.2715882
2023-12-04,0.0,0.1285949701,31.958526799999998
2023-12-05,0.0,0.1253601076,31.721929799999998
2023-12-06,0.0,0.12268219039999999,31.4547181
2023-12-07,0.0,0.1206710795,31.036944899999998
2023-12-08,0.0,0.119114684,31.654669300000002
2023-12-09,0.0,0.117933654,31.838507100000005
2023-12-10,0.0,0.1169860841,32.564801
2023-12-11,0.0,0.11620788499999998,32.09873639999999
2023-12-12,0.0,0.11563415610000001,30.9814273
2023-12-13,0.0,0.11517028730000001,31.2462465
2023-12-14,0.0,0.11477813699999999,32.308746199999995
2023-12-15,0.0,0.11449890160000001,31.626715100000002
2023-12-16,0.0,0.11424865749999999,31.181744199999997
2023-12-17,0.0,0.1140457148,32.0498108
2023-12-18,0.0,0.11388092000000001,31.655109099999997
2023-12-19,0.0,0.113687133,32.101422400000004
2023-12-20,0.0,0.1135528568,31.075958300000003
2023-12-21,0.0,0.1135025029,29.903155500000004
2023-12-22,0.0,0.11354217559999999,30.1284731
2023-12-23,0.0,0.1134048459,31.4247864
2023-12-24,0.0,0.11330566389999999,32.1241519
2023-12-25,0.0,0.11323394599999999,32.0591615
2023-12-26,0.0,0.11317749099999999,32.035308799999996
2023-12-27,0.0,0.1131073002,32.729889
2023-12-28,0.0,0.11304931659999999,31.9551328
2023-12-29,0.0,0.1130004882,32.3319154
2023-12-30,0.0,0.11296691910000001,32.291583200000005
2023-12-31,0.0,0.11292877209999999,31.976886
2024-01-01,0.0,0.11290435809999999,31.572711000000005
2024-01-02,0.0,0.11291809289999999,31.002105699999998
2024-01-03,0.0,0.11291503929999999,30.5455871
2024-01-04,0.0,0.1129241934,29.7927309
2024-01-05,0.0,0.1128662101,30.334747399999998
2024-01-06,0.0,0.11284179670000001,31.264679
2024-01-07,0.0,0.1128311162,31.3128726
2024-01-08,0.0,0.1127807604,32.8186587
2024-01-09,0.0,0.1145339966,30.8095033
2024-01-10,0.30562276393175125,0.11735076950000001,31.846905299999996
2024-01-11,0.0,0.11605987499999999,33.3184876
2024-01-12,0.0,0.1150955195,34.4618472
2024-01-13,0.0,0.1145751956,33.1616273
2024-01-14,0.0,0.1141891477,32.3593324
2024-01-15,0.0,0.1138671868,30.097491400000003
2024-01-16,0.0,0.1136886596,29.686554
2024-01-17,0.0,0.11356048519999999,29.5619445
2024-01-18,0.0,0.1134628298,29.6156311
2024-01-19,0.0,0.11337127579999999,29.5541564
2024-01-20,0.0,0.1132873542,30.0582092
2024-01-21,0.0,0.11317138600000001,31.236066
2024-01-22,0.0,0.1131195071,29.934258899999996
2024-01-23,0.0,0.1130676266,29.989752
2024-01-24,0.0,0.1129821771,31.041754200000003
2024-01-25,0.0,0.1128952026,31.9184632
2024-01-26,0.0,0.1128509534,31.9863097
2024-01-27,0.0,0.112794494,33.2241029
2024-01-28,0.0,0.11275024390000002,32.5593814
2024-01-29,0.0,0.1127334595,31.5991517
2024-01-30,0.0,0.1127410897,31.2372863
2024-01-31,0.0,0.1126937871,30.6971497
2024-02-01,0.0,0.11264190560000001,30.177837999999998
2024-02-02,0.0,0.1125747678,31.912579599999997
2024-02-03,0.0,0.1125183093,34.3586975
2024-02-04,0.0,0.112466431,34.1317449
2024-02-05,0.0,0.11246643110000001,33.253766
2024-02-06,0.0,0.11236419660000001,33.3856508
2024-02-07,0.0,0.1123519902,33.1287414
2024-02-08,0.0,0.11233367999999999,32.9082827
2024-02-09,0.0,0.1123245246,32.2911928
2024-02-10,0.0,0.11231994649999999,31.4177065
2024-02-11,0.0,0.1122848509,31.957891699999998
2024-02-12,0.0,0.11223907500000001,32.7654357
2024-02-13,0.0,0.11217651370000001,31.3695617
2024-02-14,0.0,0.1121597298,32.3252503
2024-02-15,0.0,0.11213684100000001,32.7886053
2024-02-16,0.0,0.112088012,33.7348451
2024-02-17,0.0,0.11205139150000001,33.9269106
2024-02-18,0.0,0.1120010363,34.287554899999996
2024-02-19,0.0,0.11196289200000001,34.2251038
2024-02-20,0.0,0.11192932159999999,32.7121397
2024-02-21,0.0,0.11192474240000001,31.758477799999998
2024-02-22,0.0,0.1121017456,31.7214668
2024-02-23,0.0,0.11192474379999999,33.0366027
2024-02-24,0.0,0.1118713389,32.4214171
2024-02-25,0.0,0.11180572550000001,34.4646547
2024-02-26,0.0,0.1117614736,33.973004200000005
2024-02-27,0.0,0.1117355354,34.5381893
2024-02-28,0.0,0.11167297400000001,35.3717837
2024-02-29,0.0,0.11161956800000002,36.6205136
2024-03-01,0.37343651056289673,0.11163482760000001,34.0496641
2024-03-02,0.0,0.1116058355,32.6163144
2024-03-03,0.0,0.1185104357,31.089971900000002
2024-03-04,0.0,0.1168243404,32.3440003
2024-03-05,0.0,0.1155441286,32.161041
2024-03-06,0.0,0.1147125239,32.5830626
2024-03-07,0.0,0.1140869145,34.1465878
2024-03-08,0.0,0.11360168509999999,34.8555726
2024-03-09,0.0,0.1132507334,34.9144109
2024-03-10,0.0,0.11303405739999998,34.5240296
2024-03-11,0.0,0.1128631601,34.982965
2024-03-12,0.0,0.112736511,35.2823788
2024-03-13,0.0,0.11264038059999999,34.086431600000004
2024-03-14,0.0,0.11258850090000001,33.532379199999994
2024-03-15,0.0,0.1125137335,33.5121151
2024-03-16,0.0,0.11242675840000001,34.303326600000005
2024-03-17,0.0,0.1123184213,34.721392800000004
2024-03-18,0.0,0.1122665397,34.4906312
2024-03-19,0.0,0.112272644,35.387603999999996
2024-03-20,0.0,0.112211609,37.2261774
2024-03-21,0.0,0.11212158080000001,37.7530828
2024-03-22,0.0,0.1120468137,34.913140399999996
2024-03-23,0.0,0.1120452882,35.3488828
2024-03-24,0.0,0.1120086675,35.9769589
2024-03-25,0.0,0.11196289,36.2146548
2024-03-26,0.0,0.1119049075,35.885845599999996
2024-03-27,0.0,0.11187286329999999,35.749420099999995
2024-03-28,0.0,0.1118545536,35.377887
2024-03-29,0.0,0.1118209845,37.0740295
2024-03-30,0.0,0.111781311,36.0000305
2024-03-31,0.0,0.11174926830000001,36.4808163
2024-04-01,0.0,0.111680602,36.5680239
2024-04-02,0.0,0.11163177389999998,35.6293029
2024-04-03,0.0,0.1115692138,35.4168025
2024-04-04,0.0,0.11147918729999999,36.5552308
2024-04-05,0.0,0.1113739007,37.6074281
2024-04-06,0.0,0.11132507259999999,37.2384826
2024-04-07,0.0,0.111280823,36.9292545
2024-04-08,0.0,0.1112365721,37.2395572
2024-04-09,0.0,0.111006164,36.762554800000004
2024-04-10,0.0,0.110919188,35.8432185
2024-04-11,0.0,0.11089324999999998,36.444391100000004
2024-04-12,0.0,0.11083984470000001,35.3478334
2024-04-13,0.0,0.1108413686,34.94046
2024-04-14,0.0,0.11082916179999999,36.089947900000006
2024-04-15,0.0,0.1107604981,39.6513734
2024-04-16,0.0,0.1110214226,40.968170400000005
2024-04-17,0.0,0.1108352654,38.1526916
2024-04-18,0.0,0.11073150620000001,38.6669981
2024-04-19,0.0,0.1110229496,38.425689999999996
2024-04-20,0.0,0.110946656,38.631207
2024-04-21,0.0,0.11083221430000001,37.1534487
2024-04-22,0.0,0.11103515559999999,37.4087703
2024-04-23,0.0,0.11089172350000001,37.1440002
2024-04-24,0.0,0.11076049750000001,36.9721496
2024-04-25,0.0,0.11067810119999999,37.0536932
2024-04-26,0.0,0.1107330326,37.9012025
2024-04-27,0.0,0.11062774640000002,38.9460513
2024-04-28,0.0,0.11054840120000001,39.8692934
2024-04-29,0.0,0.1104675285,39.4990296
2024-04-30,0.0,0.11039276099999999,39.549176
2024-05-01,0.0,0.1103454581,37.4601136
2024-05-02,0.0,0.11027831969999999,36.9515686
2024-05-03,0.0,0.1101760866,36.9536685
2024-05-04,0.0,0.1102569573,37.5865295
2024-05-05,0.0,0.110168457,37.9055722
2024-05-06,0.0,0.1101760871,37.1912171
2024-05-07,0.0,0.1101928705,36.7731754
2024-05-08,0.0,0.1104461677,36.7695616
2024-05-09,0.0,0.1105102541,37.062067
2024-05-10,0.0,0.1104507442,37.2520322
2024-05-11,0.0,0.1103561389,36.9288633
2024-05-12,0.0,0.11121063260000001,37.6101136
2024-05-13,0.0,0.12377777100000001,39.075836100000004
2024-05-14,14.074830368161201,0.12297058009999999,38.6613829
2024-05-15,0.0,0.1186752325,38.9843079
2024-05-16,0.0,0.1180480944,40.2839905
2024-05-17,1.2875488698482513,0.1161682124,38.6272525
2024-05-18,0.0,0.11509246840000001,39.0411685
2024-05-19,0.0,0.11429748530000002,39.113189899999995
2024-05-20,0.0,0.11372833339999999,38.857281
2024-05-21,0.0,0.11334381149999999,39.0577454
2024-05-22,0.0,0.11321716180000001,38.6244442
2024-05-23,0.0,0.11302490300000001,38.011896
2024-05-24,0.0,0.1130218516,37.657085900000006
2024-05-25,0.0,0.1152969355,37.196417399999994
2024-05-26,0.0,0.11846313449999998,36.2598203
2024-05-27,0.0,0.1221130354,33.522369600000005
2024-05-28,0.0,0.12163391100000001,36.266558599999996
2024-05-29,0.0,0.11980743460000001,36.6507871
2024-05-30,0.0,0.1183868395,37.5721497
2024-05-31,0.0,0.1298202524,37.0541809
2024-06-01,0.0,0.127577209,37.7263734
2024-06-02,0.0,0.1268646235,37.5849673
2024-06-03,0.0,0.13062133869999998,35.8423162
2024-06-04,5.21510124206543,0.13516082740000002,35.6571354
2024-06-05,0.47014421597123146,0.147084046,35.046856500000004
2024-06-06,0.6400756239891052,0.1602432245,35.114093000000004
2024-06-07,0.7309136837720871,0.16073761,33.8396424
2024-06-08,5.8653659299016,0.1496109015,35.6231753
2024-06-09,14.115588903427124,0.212664794,32.702374400000004
2024-06-10,71.96982288360596,0.337866211,30.368042000000003
2024-06-11,10.15454587340355,0.358805847,29.276043800000004
2024-06-12,22.736430168151855,0.377120972,29.385028
2024-06-13,1.0417073667049408,0.381973264,29.7860107
2024-06-14,18.60340452194214,0.35097503999999996,30.3501707
2024-06-15,4.532899379730225,0.341313169,30.5113403
2024-06-16,0.0,0.323986816,32.107489400000006
2024-06-17,0.756313955411315,0.369277957,29.904156399999998
2024-06-18,8.063543200492859,0.390727233,29.02818
2024-06-19,21.55113911628723,0.407139588,26.8237793
2024-06-20,25.286718368530273,0.39206695700000005,29.504358000000003
2024-06-21,38.25668668746948,0.37648925699999997,30.290301399999997
2024-06-22,35.69900572299957,0.366818237,30.8146727
2024-06-23,13.07715118676424,0.387245175,28.7248231
2024-06-24,7.157729238271713,0.377752688,30.1272158
2024-06-25,0.09747853130102158,0.40632019,29.579242
2024-06-26,6.151291310787201,0.408668518,28.6950744
2024-06-27,23.433457851409912,0.429002381,27.201873499999998
2024-06-28,66.6612319946289,0.406544492,27.413336199999996
2024-06-29,53.134202003479004,0.400543216,27.919775499999997
2024-06-30,22.43926763534546,0.395928958,28.452508799999997
2024-07-01,23.59147000312805,0.405957028,27.632892
2024-07-02,36.7581148147583,0.395233152,28.467791899999998
2024-07-03,4.639917507767677,0.393919372,30.086737
2024-07-04,5.6643049120903015,0.390684508,29.100579800000002
2024-07-05,16.17482900619507,0.390736391,28.4086975
2024-07-06,23.2433021068573,0.403034973,27.7311525
2024-07-07,57.80234956741333,0.386125181,28.1048524
2024-07-08,105.34220314025879,0.405598449,26.3053893
2024-07-09,106.43012619018555,0.413760375,26.255481100000004
2024-07-10,13.358195900917053,0.403410341,29.143084800000004
2024-07-11,25.474518418312073,0.40791015799999997,26.665344299999997
2024-07-12,63.08503031730652,0.412515257,25.775591900000002
2024-07-13,54.00715637207031,0.41943969699999994,25.5597532
2024-07-14,132.8406524658203,0.41422119300000004,25.7446962
2024-07-15,51.18381452560425,0.40920257800000004,26.2371518
2024-07-16,21.042155385017395,0.416015629,27.856048599999998
2024-07-17,4.007121831178665,0.414045713,26.5659787
2024-07-18,45.39276313781738,0.411401365,26.2946596
2024-07-19,62.81349039077759,0.39947509600000003,26.1224667
2024-07-20,81.4082260131836,0.410501102,25.756256
2024-07-21,71.86970138549805,0.41313171000000004,26.014141799999997
2024-07-22,111.56994819641113,0.413475037,25.626153799999997
2024-07-23,80.38336753845215,0.417333982,25.325500400000003
2024-07-24,49.05237293243408,0.402191162,25.7897156
2024-07-25,99.25130271911621,0.401368714,24.8242002
2024-07-26,89.76326179504395,0.391813658,26.838293399999998
2024-07-27,5.246289968490601,0.392837527,26.7831119
2024-07-28,12.137676298618317,0.41636810300000004,25.9983702
2024-07-29,9.822901725769043,0.406707761,26.233288799999997
2024-07-30,23.766695737838745,0.399136354,27.676653799999997
2024-07-31,25.622217416763306,0.396350094,26.607208300000003
2024-08-01,11.725851118564606,0.391513059,28.2549742
2024-08-02,27.57944416999817,0.412663267,26.400122099999997
2024-08-03,19.132908582687378,0.42527008000000005,25.3547914
2024-08-04,98.38959312438965,0.41569061500000004,25.7507751
2024-08-05,16.243815898895264,0.391079711,28.881415099999998
2024-08-06,11.725638031959534,0.388081361,28.5509276
2024-08-07,16.751301050186157,0.38354645,28.961559899999997
2024-08-08,4.08357834815979,0.37329407,28.5179624
2024-08-09,8.708472609519958,0.37829437,27.5740114
2024-08-10,4.219975709915161,0.386996457,28.555053599999997
2024-08-11,7.391277313232422,0.370802307,29.0055851
2024-08-12,7.778531789779663,0.376058961,28.682312000000003
2024-08-13,2.4626344740390778,0.36345825,30.005096400000003
2024-08-14,0.3002196252346039,0.348754882,30.210882500000004
2024-08-15,1.8540817201137545,0.344725042,30.2127808
2024-08-16,0.08522433042526245,0.336929321,30.2100587
2024-08-17,1.1690087616443634,0.32691650499999997,30.035442999999997
2024-08-18,4.029777526855469,0.32234955,29.3560425
2024-08-19,0.0,0.37542419699999996,28.5883239
2024-08-20,1.8709318041801453,0.369281007,29.153137100000002
2024-08-21,6.67231011390686,0.347137451,30.010675000000003
2024-08-22,0.6653424799442291,0.376403808,29.2679871
2024-08-23,1.1067174077033997,0.406993103,27.6595885
2024-08-24,24.03561833500862,0.411097719,25.6880065
2024-08-25,76.63603210449219,0.399584961,25.757928400000004
2024-08-26,28.403104305267334,0.40858001899999996,26.272564499999998
2024-08-27,16.282132863998413,0.406359864,26.4375425
2024-08-28,22.625854969024658,0.390786744,28.0152283
2024-08-29,22.350659012794495,0.379101563,27.5639461
2024-08-30,5.684677362442017,0.37695923000000003,28.971710100000003
2024-08-31,6.664443820714951,0.373255917,29.0452454
2024-09-01,2.5625033378601074,0.366926574,26.9748719
2024-09-02,1.0044220611453056,0.42356262000000006,25.3819272
2024-09-03,16.779568433761597,0.40352172700000005,26.240734800000002
2024-09-04,17.443309545516968,0.396505737,27.745257399999996
2024-09-05,28.100721836090088,0.39943695,26.964050499999995
2024-09-06,20.13991928100586,0.405603027,27.451409899999998
2024-09-07,12.259769320487976,0.38928222300000004,28.5120911
2024-09-08,9.949186444282532,0.37582855200000004,29.1896607
2024-09-09,1.5026332400739193,0.380310062,28.218933099999997
2024-09-10,13.570305824279785,0.37732544199999996,28.3628173
2024-09-11,5.565566033124924,0.38330841099999996,27.465765499999996
2024-09-12,14.279447674751282,0.375559998,28.4660461
2024-09-13,8.093021988868713,0.364167789,28.4844969
2024-09-14,3.0556810796260834,0.368302919,27.946270700000003
2024-09-15,17.181798934936523,0.362878418,28.727050600000002
2024-09-16,21.588008761405945,0.364755253,28.351013299999998
2024-09-17,3.0863293558359146,0.358073424,28.504602
2024-09-18,2.6626291275024414,0.345907593,29.0431211
2024-09-19,0.21210646629333496,0.338333129,28.518274
2024-09-20,0.0,0.32767334,29.2468081
2024-09-21,0.0,0.329100038,28.7858765
2024-09-22,0.29228241741657257,0.337173462,28.844433600000002
2024-09-23,6.283734560012817,0.37045135500000004,28.781457699999997
2024-09-24,56.71503019332886,0.398533633,26.952105699999997
2024-09-25,41.99526357650757,0.421804808,25.8396546
2024-09-26,105.22063064575195,0.41853789900000005,25.5542724
2024-09-27,50.91323757171631,0.429193113,24.7244201
2024-09-28,41.610260009765625,0.398327637,26.6777954
2024-09-29,17.094917058944702,0.372598266,28.9748413
2024-09-30,0.5361319780349731,0.356408689,29.9110533
2024-10-01,0.0,0.335810854,30.765850699999998
2024-10-02,0.0,0.335786438,29.541974
2024-10-03,0.3269261419773102,0.33208465499999995,29.646636899999997
2024-10-04,2.0449895337224007,0.326455687,29.4471864
2024-10-05,0.3034171462059021,0.324615477,29.522985900000002
2024-10-06,0.0,0.305905149,30.350165099999998
2024-10-07,2.5548612102866173,0.30529327500000003,31.3143982
2024-10-08,0.0,0.287045287,31.400122
2024-10-09,0.04667956382036208,0.297853092,27.3315244
2024-10-10,15.810674369335176,0.32216033899999996,28.5667175
2024-10-11,32.175790786743164,0.340489197,28.685039999999997
2024-10-12,8.183022618293762,0.36369171,29.816943300000002
2024-10-13,0.28833360597491264,0.36017761,30.292523199999998
2024-10-14,14.12845766544342,0.365547177,30.3010499
2024-10-15,16.19220268726349,0.372254945,29.4881776
2024-10-16,0.8419816792011261,0.360417177,29.892236200000003
2024-10-17,0.7262659296393394,0.359802244,29.6263124
2024-10-18,0.0,0.347109984,29.148132499999996
2024-10-19,5.480193078517914,0.35639801,29.2808287
2024-10-20,6.897498846054077,0.368222045,29.4054872
2024-10-21,12.405730202794075,0.371974183,29.9674011
2024-10-22,0.5700462758541107,0.35469360299999997,30.687176799999996
2024-10-23,0.4386533796787262,0.35006866400000003,30.633435099999996
2024-10-24,0.0,0.326399229,30.3718568
2024-10-25,0.0,0.308117678,29.680633699999998
2024-10-26,0.0,0.29242706100000004,29.5875548
2024-10-27,0.0,0.278892517,29.780255099999998
2024-10-28,0.0,0.26821899299999996,30.1835024
2024-10-29,0.0,0.26009369,29.8144105
2024-10-30,0.0,0.249580384,30.6575135
2024-10-31,0.0,0.23933563200000002,30.9348569
2024-11-01,0.0,0.22958221400000003,31.1987731
2024-11-02,0.0,0.218655396,31.0656799
2024-11-03,0.0,0.206674194,31.0946594
2024-11-04,0.0,0.195838927,31.019586200000003
2024-11-05,0.0,0.18575592200000002,31.185980100000002
2024-11-06,0.0,0.17745513659999998,31.015692100000003
2024-11-07,0.0,0.16918182399999998,30.844134500000003
2024-11-08,0.0,0.1620086654,31.086285500000002
2024-11-09,0.0,0.15554046459999998,31.017681999999997
2024-11-10,0.0,0.149880982,30.777471900000002
2024-11-11,0.0,0.14472045900000002,30.727349800000002
2024-11-12,0.0,0.140260314,30.611725
2024-11-13,0.0,0.1365631105,30.982891799999997
2024-11-14,0.0,0.1336212165,31.3307679
2024-11-15,0.0,0.1324249264,29.927545199999997
2024-11-16,0.0,0.130358886,31.650957799999997
2024-11-17,0.0,0.1280136114,32.5502503
2024-11-18,0.0,0.1261215205,31.4191713
2024-11-19,0.0,0.12452392500000001,30.5941223
2024-11-20,0.0,0.1232376095,30.1391907
2024-11-21,0.0,0.1221359255,30.0773256
2024-11-22,0.0,0.12120666499999999,30.3144836
2024-11-23,0.0,0.1205398554,29.7343567
2024-11-24,0.0,0.119894409,30.454864500000003
2024-11-25,0.0,0.119200135,30.4474181
2024-11-26,0.0,0.1185318,29.897271699999997
2024-11-27,0.0,0.11791381859999998,29.812383999999998
2024-11-28,0.0,0.1174240121,29.9130433
2024-11-29,0.0,0.11700134150000001,29.0453185
2024-11-30,0.0,0.1166244509,28.8163636
2024-12-01,0.0,0.1163726816,30.0134338
2024-12-02,0.0,0.11617431549999999,31.620806800000004
2024-12-03,0.0,0.1161987305,31.491778599999996
2024-12-04,0.0,0.11654663039999999,32.4709044
2024-12-05,0.0,0.11603546049999999,31.958942
2024-12-06,0.0,0.11573638820000001,32.0258849
2024-12-07,0.0,0.115426636,30.639215
2024-12-08,0.0,0.1151626595,29.256451600000002
2024-12-09,0.0,0.11495513900000001,28.917730799999998
2024-12-10,0.0,0.11468963589999999,29.976007
2024-12-11,0.0,0.11455078160000001,30.9633119
2024-12-12,0.0,0.11445922900000001,29.6779358
2024-12-13,0.0,0.1143493664,30.251617399999997
2024-12-14,0.0,0.1141952508,30.6215394
2024-12-15,0.0,0.11405639640000001,30.6175841
2024-12-16,0.0,0.11396026649999999,30.0413391
2024-12-17,0.0,0.11388855049999999,29.360553
2024-12-18,0.0,0.11383514349999999,29.6459045
2024-12-19,0.0,0.11384124749999999,28.7135316
2024-12-20,0.0,0.1138854984,28.1521302
2024-12-21,0.0,0.11386261049999999,28.3183656
2024-12-22,0.0,0.1162414549,27.087787
2024-12-23,0.0,0.11679382440000001,27.3155212
2024-12-24,0.0,0.11613922169999999,28.0961486
2024-12-25,0.0,0.1155822745,28.3499817
2024-12-26,0.0,0.11530456500000001,28.9554261
2024-12-27,0.0,0.11541748090000001,29.1608706
2024-12-28,0.0,0.11585540750000001,30.06297
2024-12-29,0.0,0.1152938835,30.6759097
2024-12-30,0.0,0.1148147576,31.759259199999995
2024-12-31,0.0,0.1144622797,32.0629948
